item_index,prompt,gold_index,predicted_index,correct,correct_raw,perplexity,ttft_sec,tbt_sec,total_latency_sec,peak_memory_mb
0,"Dodgeball: A large group of people are seen standing around a large gymnasium playing a game of dodge ball with one another. One man
A. hits the other after pulling the other down the court.
B. takes out a tennis ball while moving the other creatures around.
C. stands while the other kicks and hits at him while the pudding team cheerleaders cheer on.
D. performs an impressive flip that leads to a man speaking to the camera and showing more shots of impressive dodgeball play.",3,3,1,0,39.3264726059105,0.1819460170000866,0.14801526736665285,27.37053219399786,2.1292343139648438
1,"Playing accordion: A man is seen speaking to the camera while holding a large accordion in his hands. The man
A. plays the instrument while looking in the camera with his hands.
B. continues playing the instrument while looking off into the distance and pointing.
C. then demonstrates how to properly play the instrument while moving his hands up and down.
D. begins working out on the accordion while tying other pieces together and putting the ends together.",2,2,1,1,6.213836337177083,0.1483216175000166,0.1463848733521051,21.37993848599899,1.7162322998046875
2,"Putting on makeup: She begins to put eye shadow on her eyelids and rubbing it in. She adds eyelash extensions on her eyes. Then
A. , she begins to contour her entire face little by little patting it down as she goes along.
B. she reappears and touches her eyelids.
C. she pretends to dusty your eyes.
D. she repeats the process with her lips.",0,3,0,0,21.454292775872045,0.14854275025004426,0.14592811287342458,23.65081283500126,2.0159378051757812
3,"Hurling: People are playing lacrosse on a field. They score a point into the net. Two men
A. high five on the field.
B. are standing behind a net holding sticks.
C. keep score, making a shot over the net.
D. fall to the ground.",0,1,0,0,9.595181862724544,0.14416408850001972,0.14571589647011624,17.625416241003677,1.5532302856445312
4,"Shaving: We see a man in a barber shop and see images of the shop. The barber speaks cut with scenes of a barber shop. We
A. then see the scene switch to the barber shop.
B. see cut with images but we see nothing.
C. see a lady order wax paper and a barber shop.
D. see a union jack flag on the arm of a chair.",3,0,0,0,17.639686378477172,0.14686442050003734,0.1455383099683596,23.582510657000967,1.797210693359375
5,"Tumbling: The second woman is shown performing some sort of pose. The first woman is shown performing gymnastics once again. The second woman
A. then does heavily beam with the first woman.
B. is shown stretching her leg in the air.
C. is sitting at the speed of light and flashing the flag high into the air.
D. is shown with her cheerleading outfit on and the third woman performing same move.",1,1,1,1,6.731273245144709,0.14959681275001913,0.14597870262659682,23.663022266002372,1.8721542358398438
6,"Polishing forniture: He removes varnish from the top of the table. Afterwards, he does a light sanding of the table. With a tack rug
A. remover, he rearranges the table.
B. , he makes a straight design from the top of the table.
C. , he fixes the seat of the table.
D. , he removes the dust.",3,3,1,1,9.016094125940223,0.14547640825003327,0.1459202099187536,23.929139220000707,1.9073028564453125
7,"Making a cake: A man in a chef's coat is standing in a kitchen talking to the camera. A pancake is shown with syrup being poured on it. Ingredients are placed in a bowl. The man
A. cracks an egg and whisks the ingredients in a bowl.
B. takes a knife and moves the spatula around the counter.
C. picks up the spatula on a plate and does as he is asked.
D. walks over to the toaster and begins eating the scrambled eggs he was eating.",0,0,1,1,5.1652949009808795,0.14459455099995466,0.14616311282110966,32.441936799001724,2.2578048706054688
8,"Snow tubing: A person's car is shown from several angles with a person inside and leads into the car driving with people inside. The people
A. are moving the containers using the hose and cars behind them.
B. take turns driving the cars while also driving stones and gravel around.
C. are then shown in various angles riding up a snowy mountain and going down a hill.
D. go skiing together and end by holding hands.",2,2,1,0,12.521637029461615,0.14492175350017078,0.14561249055345196,23.732073011999546,1.8890380859375
9,"Doing karate: Two girls are standing up doing karate. People are sitting down watching them. A woman in a black robe
A. is talking to them.
B. is kissing a man.
C. is standing up next to them.
D. starts talking to another woman.",2,2,1,0,3.6614993948899466,0.14995782474989028,0.14631347733332709,18.59638901099879,1.5476531982421875
10,"Playing water polo: The camera zooms in to show people swimming in the pool and some playing volleyball in the pool. One person gets out of the pool and walks away. A person
A. gets on the screen and writes on the bottom of the screen.
B. gets down on the floor and holds a ball down onto a volleyball net.
C. throws the ball at someone's face.
D. picks up a ball off the ground as the camera shows numerous objects made out of sand.",2,0,0,1,12.345126506822174,0.14405984600011834,0.1456757064192098,29.42002925500401,2.1926193237304688
11,"Archery: He takes another one and shoots it. He grabs another arrow from his waist and shoots again. He shoots an arrow once more. He
A. shoots again at a close range.
B. shoots a second arrow.
C. grabs a final arrow and shoots.
D. shoots two arrow from between his fingers.",2,2,1,0,4.764912213771892,0.14473563574995296,0.1457138819860279,21.4160276670018,1.696441650390625
12,"Smoking a cigarette: A man and a woman stand on a street talking on front a window. A person
A. exits a building and enters a gym.
B. passes on front the man and the woman.
C. water ski from a lake.
D. sitting down here carving a pumpkin and knitting at the same time.",1,1,1,1,19.669494699826192,0.15568960625000727,0.1452543884416779,18.053285038001377,1.600555419921875
13,"Playing drums: Using his foot for the base and drumming on the snare like a natural. A woman is on a piano playing along with the child. They
A. continue playing the drums and playing the music.
B. have a small audience sitting and watching them perform.
C. continue to play the drum better and play till there's no longer a fist drumming loudly in the background.
D. are both playing and singing along very intently while they're playing for joy.",1,1,1,1,10.394966151218094,0.14515464599980987,0.1456924350053939,27.53371905999711,2.20513916015625
14,"Trimming branches or hedges: He climbed the blue-green ladder to trim the top of the hedge, he moved the ladder to do the middle top of the hedge. The man
A. climbed the ladder to get in the ladder and climber up the ladder.
B. put the lawn mower down and walk as far as the ladder, he pushed the lawn mower against the ladder he was standing on.
C. trimmed the round low bush, used the ladder to trim the top of the round hedge.
D. worked up as fast as he could till he made it over that part right above the top of the hedge.",2,1,0,0,15.623717396010454,0.14541736800015315,0.14627333414027283,32.908076317000905,2.4110870361328125
15,"Getting a haircut: There is a young man dressed in a black shirt going round in circles to show his hair from the front and back. Then he
A. fall off the chair and lands on his face and there are various things on the table next to him immediately he falls off the table onto his back but continues to be riding around doing circular motions on his butts.
B. takes a spray bottle and sprays his hair with water and combs it.
C. gets behind a large red ball and sits and the lights go up and he begins drinking from it as if he just won a jackpot.
D. sits down on the ground and starts to roll over, with his hands on his hips as he bounces up and down.",1,1,1,1,5.386583657998151,0.14444024299996272,0.14591949159912554,33.70148556500135,2.735321044921875
16,"Getting a haircut: He then takes a razor and begins shaving the sides and the back of his head. He takes a pair of scissors and starts trimming the top part of hair. He
A. uses a black comb and scissors to point cut his hair.
B. clips the tails to give it a good shape.
C. starts with the back of his head that is now shaved.
D. combs all sections of his hair and finishes shaving around his crotch area.",0,2,0,0,15.142922548820664,0.1465263554999865,0.14659224932988904,29.02500179199842,2.1243057250976562
17,"Getting a haircut: He then combs the hair to style it. He runs his fingers through the hair to finish off the look. He
A. then cuts the hair off and takes it to the drier.
B. grabs his ruler and enjoys a final look before exiting the room with his hair combed.
C. rotates around to show his hairstyle from all angles.
D. then leaves the salon with his hair together.",2,2,1,0,15.777411607679923,0.14705231024993282,0.14648427612025408,23.732724867999877,1.9202728271484375
18,"Playing pool: There's a woman dressed in black playing billiards in front of some spectators. After she
A. knocks down 6 pins, a person comes and jack by.
B. finishes her game, she begins knocking down fifty and counts it.
C. 's done rolling the ball, she puts on a red shirt and grabs her purple racquet.
D. 's done another lady takes her turn and hits a few shots.",3,3,1,1,26.764711068748326,0.1488437125000246,0.14613381763570682,21.054109318999053,1.7801666259765625
19,"Drum corps: The marching bands are in positioned in the field. Then the band started to play their instruments. The ladies with flags
A. were playing the drums.
B. moved their flags up and down and rotate them as the band plays.
C. came to the camp site and started to help the mother and sisters clean the back of the bike.
D. on their backs walked on front the marching band.",1,1,1,0,8.468281570417046,0.14453215850005563,0.1464889484313704,22.990937743999893,1.954315185546875
20,"Decorating the Christmas tree: A man and a woman decorate a christmas tree from decorations around the room in sped-up video. A dog
A. comes and takes a cookie out of a bowl as well as food in the cookie cutter.
B. is now sitting in an armchair in front of a christmas tree as the woman continues decorating the tree using a red plastic tree and adorning the tree.
C. does an electric cart ride in slow motion underneath the christmas tree.
D. walks through the camera frame.",3,3,1,1,12.418012774777514,0.15285323925002103,0.1458697903546456,25.701016897999125,2.3114471435546875
21,"Blow-drying hair: An introduction comes onto the screen showing a girl who will demonstrate how she blow dries her hair. She
A. puts some mousse into her hand and proceeds to work it through her hair.
B. begins by applying a lot of powder to her hands and water while talking.
C. starts by changing into several outfits as she demonstrates the process with her hair and then she cuts her hair and adds some blow-drying product to the product.
D. begins by taking the gel out of her hair and pouring it onto her fingers.",0,0,1,1,4.265343603896385,0.14933775999998034,0.146540432719793,27.267709795002247,2.2848281860351562
22,"Preparing pasta: The final product and credits are shown. Ingredients
A. for a "" shelf of coors, full pain berry "" liqueur case are displayed.
B. are mixed and sauteed.
C. are poured out onto a table for mixing.
D. are shown on a silver tray.",1,2,0,1,14.531562552092574,0.14589999099996476,0.14615393131766455,13.006684126001346,1.4704132080078125
23,"Removing curlers: An ad for vidal sassoon appears. We then see their curling iron and hot roller set. A demonstration
A. of the braking techniques of hitler's first razor.
B. shows how to plan with the round rollers, an which is demonstrated slowly.
C. , they again add iron to hot roller.
D. is shown for how to set and use the hot rollers and iron on a woman's hair.",3,3,1,1,7.48094315353556,0.15210256274986023,0.14629917887973937,23.72368051399826,1.9410324096679688
24,"Shaving legs: A group of guy friends are in the bathroom talking and having fun daring on of the boys to shave his leg. The camera
A. zooms in on the desk and the reporter takes a close up of the laptop in the end.
B. is taken down to the edge of the mans head and the boys move around their right selves kit his leg.
C. pans over to the boy's leg showing one of his friends shaving the hair off his leg with an electric razor.
D. continues to zoom in on the boy who has no leg to shave, he continues shaving his leg.",2,2,1,1,5.736789812807664,0.14771894025000165,0.14605572891371496,29.363854357001856,2.0969696044921875
25,"Camel ride: People ride camels through the desert. A person carrying a camera or luggage walks with one of the groups. The first camel group
A. stops and grooms the other group.
B. arrives to an airport.
C. plays on a drum set with other camels.
D. begins walking back to the camera.",3,3,1,0,27.928816413425384,0.1464131807499598,0.14575886254109632,21.8664466539999,1.7446746826171875
26,"Chopping wood: A man is chopping wood in a snowy yard. There is a pile of snow behind him. The log
A. melts onto the ground.
B. is now held in the other hand as he chops it down.
C. is being chopped down.
D. split in two with one strike.",3,2,0,0,43.10281798295949,0.14453576325001904,0.14569747576984404,18.936025000000427,1.6909942626953125
27,"Trimming branches or hedges: A man, in a field of dirt and fruit crops with bare branches from the winter, begins to prune dead branches from the fruit plants with a pruning tool and a hatchet. An image of the plants in fruit bearing months
A. ago in a a tenticing bowl appears, along with a title screen.
B. appears before returning to the man in the field pruning the dead branches.
C. ago is shown for the closing recording sequence.
D. list and derailations follow.",1,1,1,1,14.25750350006526,0.14737363550000282,0.14577357241766245,36.887114073997964,2.6069793701171875
28,"Zumba: A large group of people are seen walking on a stage with a man speaking to the crowd and leads into the group dancing with one another. The people
A. tap their fingers together and hold hands with one another as well as walking around in the end.
B. continue dancing together as the camera captures them from several angles.
C. are seen performing jump rope tricks while dancing with one another and ends with more dancing.
D. spin around the stage while the man leads into them dancing with one another and ends with a girl jumping off the stage.",1,1,1,1,12.213062216421331,0.1469604757498928,0.1459158828800082,29.771018479001214,2.2469635009765625
29,"Arm wrestling: There are a series of elbow wrestling events shown in the video where one man is more forceful than the other and ends up winning the wrestling game. There are some over dramatized scenes where people are elbow wrestling and over reacting to the game. There
A. 's also some animation about people opposing the other team and just using their hands to fight.
B. are runners celebrating while another man is interviewed and one coach is interviewed and then looks to the camera about.
C. 's also some shirtless and shoulder wrestling in the video that results in one man getting handfasted and being crowned the loser.
D. are also some referees seen acting as moderators in the elbow wrestling match.",3,3,1,1,16.031019808156667,0.14584457824980745,0.1459568616245751,43.34873876899974,2.9687423706054688
30,"Spinning: An intro leads into a woman talking to a class sitting on bicycles and beginning to ride. She
A. leads the class in a bicycle riding class and inspires her students to peddle hard like this.
B. then pulls out a device and demonstrates how to properly ride on the handlebars by brushing back and forth across the handlebars.
C. continues riding around the city with a harness to show how her body works.
D. speaks to the class, then shows them a harness and helmet.",0,1,0,0,25.96650030810833,0.14889976274992023,0.1463021847756432,23.418739876000018,1.9580154418945312
31,"Playing saxophone: The man looks around then he is playing his saxophone. A website a person the screen in the lower left corner
A. gives a name and justin van ilbert's website then a woman wearing a purple sweater does another picture on the screen, then the woman in the green sweater then a video of another man is shown completing a show.
B. and the screen fades.
C. of the screen tells viewers how to use the internet that has an internet connection.
D. appears and the buzz starts.",1,2,0,1,27.799133187289716,0.1462997284999119,0.14617852761146163,26.166441246005434,2.6833953857421875
32,"Capoeira: The first man leaves and another man jumps in. The two men finish and shake hands and hug. Both men
A. leave and a man is seen cutting the grass in a field.
B. get off the bull.
C. back out of the ring and a new man enters.
D. take off for the finish line holding bungee jumps and measuring out the distance.",2,2,1,1,5.800576211118573,0.14533388575000572,0.1458305628493254,21.872597719001533,1.8420028686523438
33,"Blowing leaves: A little girl is blowing leaves in fall outside of a house. She pauses for a moment to get a better grasp of the leaf blower. She
A. begins to violently blow the leaves in the yard.
B. walks by a little boy and continues to blow the leaves.
C. takes a small piece of wood and begins to blow the leaves with it.
D. focuses on what she is doing and effects come in from the log and the wind blowing the leaves around.",1,2,0,0,12.39782520228532,0.1466975735000915,0.14589043774737165,28.305973466000978,2.2145919799804688
34,"Ping-pong: There are several spectators seated in the stadium. They continue playing a rally for some time. The player in the red shirt
A. joins in and stops the player in the red shirt.
B. again pulls the puck down the ice.
C. misses the ball and gives his opponent a winning point.
D. starts to talk to the camera as the man in pink starts walking toward the green goal.",2,2,1,1,7.623724159503478,0.14431588624995584,0.1456186812948772,23.293777827000667,1.9190673828125
35,"Long jump: The men are jumped one by one on the sandy ground while a man and woman are holding a rake and smoothen the ground. Two people
A. are holding a tape measure and measure the jump.
B. sneak along the yard in a cased formation, lob the rake and turn in to walk on the grass at the same time.
C. wearing helmets are holding skis and meet on the sandy ground and the men begin to kiss.
D. are raking the grass near a flat area.",0,0,1,1,4.248270435007837,0.15202085449993774,0.14566761441270626,28.139262542001234,2.2869644165039062
36,"Mowing the lawn: A person is seen pushing a lawn mower all around a yard while moving around in fast motion. The person
A. chases around the yard around with the mower and ends with a mark on the lawn.
B. continues moving around to cut the grass and the camera captures his movements.
C. pulls up the lawn mower around while continuing to push the machine around.
D. covers all the bases on the lawn and continues mowing while the camera s moves their movements around.",1,1,1,1,12.043744551110128,0.14801741275005043,0.14634529644577726,24.885388860999228,1.9355392456054688
37,"Blowing leaves: A hand is shown flipping a switch. A the hose of a leaf blower is shown. The hose
A. of a vacuum is run through a drain.
B. of an indoor washer is blowing leaves with a hand.
C. spins clockwise.
D. begins forcefully blowing leaves away from the camera.",3,3,1,0,17.999799583750562,0.14557228625005791,0.1459293017109644,19.261239764003676,1.6412429809570312
38,"Tango: A woman speaks to the camera while holding a card. A couple appears on a professional stage under a spotlight and performs a dance routine. The pair
A. finishes their routine, he kisses her hand and the audience applauds.
B. continuously spin and twirl as the crowd claps and cheers, and then leads into several clips of the couple while the crowd claps again.
C. spins and flip around and break dance on the stage.
D. continue moving their hands and legs around while narrow smiles flash in the camera.",0,0,1,1,7.335616282679352,0.14639207850007097,0.14615745907252425,28.793957914997463,2.375
39,"Spinning: A man talks in front of an office building. The man enters the building and walks up the staircase. The man enters the gym room. People
A. are gathered around, waiting.
B. are sitting around a table in the gym.
C. practices goals for the game of polo.
D. ride on stationary bikes and watch a television in the gym.",3,1,0,0,9.584657519231017,0.1449956710000606,0.146809678597475,23.92272158099877,1.8639755249023438
40,"Playing beach volleyball: A group of men are playing volleyball on the beach, 3 on one side, and 2 on the other side. One team attempts to serve and it crashes into the net. The other (shorthanded) team
A. sends its own serve, a simple lob, but the opposing team knock their return out of bounds.
B. attempts to serve but the ball falls to the ground as their racket drops.
C. attempts to hold their position and it crashes and falls.
D. tries to serve and they're pulled to the left as they try to serve also, the goalie tips.",0,1,0,0,22.53857909665893,0.14718027325000094,0.14622043301159568,38.45981324300328,2.638519287109375
41,"Shaving: A man is cutting his beard with scissors. He uses a shaver to shave off the beard. He
A. also uses an item that travels with him on the shaver.
B. collects the hair in the sink.
C. sets the shaver down, and pulls the beard free.
D. adds a bird.",1,1,1,1,11.813505054622775,0.14834924049989695,0.1462954746875056,19.319217722000303,1.6423492431640625
42,"Waterskiing: On a river outside the boys are walking down the street as cars pass by. There
A. are many large waves the kids are in as a small child look to the sky to see if they are being lifted by a whale or a hurricane.
B. are children riding tubes and they pass another river before the turn.
C. are many people out doing many different activities on the water.
D. is also a river on the side of the road and it gently bathing the back of a man's head.",2,2,1,1,9.17406058474066,0.14854450049995194,0.14669010503727595,24.211284913001236,2.1160507202148438
43,"Playing lacrosse: The man in orange demonstrates passing the lacrosse ball against the wall. The man in orange talks to the camera again. Both men
A. demonstrate passing the lacrosse ball against the wall.
B. continue to demonstrate dribbling carefully.
C. watch as a group of men begin to play lacrosse.
D. move very close to the opposite wall.",0,0,1,1,2.1010300667385615,0.14508572350007398,0.1468999115751739,23.056029365001905,1.811126708984375
44,"Skiing: Someone is shown driving down a snowy street in the ukraine. Several skiers
A. are seen riding down a hill on inflated tires.
B. are then shown driving vehicles down the same roads.
C. are skiing down the slopes on the side of a mountain.
D. are doing various activities, such as scuba diving, snowboarding, and getting ready for their run.",2,2,1,1,5.1080753602859135,0.14893157050028094,0.14750565986819558,19.623956404998353,1.8068695068359375
45,"Shaving: Another male model also has his entire face lathered with shaving gel. He is also shaving his face with a blue razor. He
A. puts on another mask and combs his hair with a pink hair dryer.
B. then shaves his facial hair with a vaseline smooth face shave.
C. shaves his cheeks and mustache area.
D. proceeds to shave his shoulder and also his chin.",2,2,1,1,7.835995775204562,0.14805506549987513,0.1467874461402433,24.665361428999404,1.89532470703125
46,"Chopping wood: A man is standing in a field holding an ax. The man lifts the ax above his head. The man
A. lifts the ax over his head.
B. lays down a blanket and puts put a box on top of it.
C. then chops a large tree branch off of the ground.
D. splits a log of wood on a stump.",3,0,0,0,9.857730779268644,0.14743948049999744,0.14722099699291522,21.347918498001036,1.7500152587890625
47,"Bullfighting: The fight continues with the rest of the wildebeest herd looking on. The fight continues on as one wildabeast pushes the other away from the herd near a river. One wildebeest
A. gives up and runs off as the other wildebeest chases.
B. is knocked off his horse and another pushes the second one off.
C. gets attacked by another one and is carried away by the herd.
D. crouches down and gets in the way as two others attempt to take her back.",0,0,1,1,4.815897432061255,0.15030668249983137,0.1476542924686206,35.89060262999965,2.4839935302734375
48,"Throwing darts: A man in a black vest is standing in a room. He throws darts at a dart board on the wall. A woman
A. stands next to him watching.
B. puts her arm down.
C. comes onto the screen and starts talking into a microphone.
D. puts darts on a board on the ground.",0,0,1,1,5.535053009348779,0.1465002832500204,0.14786833717105488,23.061988383000426,1.8110122680664062
49,"Throwing darts: A man in a black vest is standing in a room. He throws darts at a dart board on the wall. A woman stands next to him watching. A man
A. is sitting on a stool at a dart board.
B. kneels next to a dart board.
C. starts throwing darts into a dart board.
D. walks up and pulls the dart out of the board.",3,2,0,0,6.4735684677750855,0.14738655799999378,0.1465241113842407,28.429127395005708,2.04949951171875
50,"Drinking beer: One of the men is using a controller to make the arm pick up a bottle. The arm brings the bottle to the man's face, so he can take a drink. Then the robot
A. arrives and grabs the bottle and the person makes the arm grab.
B. removes the bottle and drinks.
C. has to take it away again.
D. returns the bottle to the table.",3,3,1,1,2.7335182827759885,0.14798305525005162,0.14708278017260085,29.567239915002574,2.2015151977539062
51,"Making a cake: The view then changes back to a front view and the man moves the kitchen aid to the side and grabs from the counter behind them, a baked cake and a plate with a slice of cake on it. The outro
A. includes a picture of the man and woman standing together, their names, the name of the cake they made, their address and the news station that aired it.
B. screen appears and it includes 24 words on it that read "" best cake in the world, it was a special present from my wife-november 2014 "".
C. is then seen with a logo on it, subscribe to a website, or postcard for a 2014 dating lesson, and sink in a deep blue ocean.
D. screen appears and there's a yellow triangle on the screen with a graphic after it that numbers a one and a one.",0,0,1,1,11.190373911285823,0.14978069774997493,0.14731387202605828,45.82448150299979,2.9889678955078125
52,"Welding: A man is working over the back of a trailer. He
A. has an empty trailer that he lays down while he's doing it.
B. puts a hose down and finishes installing the tires.
C. uses a leaf blower to move the leaves around.
D. is welding the metal between two pieces of wood.",3,3,1,1,7.749167146531317,0.14586015800000496,0.14771308798094435,16.093314869999176,1.4560165405273438
53,"Playing pool: A man walks into frame and speaks to people all around a bar. People are seen eating and playing pool while others interact on the side. People
A. continue playing around with one another as well as speaking to the camera.
B. continue socializing with one another while people still play pool and eat.
C. continue to watch the man speak to the people around him while he continues to demonstrate how to play pool.
D. are seen playing pool continuously and injuring one another.",1,2,0,0,12.580107846582006,0.1499396425000441,0.1469012078141805,27.48267959999521,2.1348800659179688
54,"Tai chi: An introduction comes onto the screen for a trailer about a martial arts movie. The trailer is then played showing several martial arts battles and other captions on the screen. The video
A. ends with an item being shown on the screen briefly.
B. ends with the closing captions and graphics shown on the screen.
C. returns to the crowd clapping.
D. ends with the closing credits shown at the end.",1,1,1,0,10.86542506377251,0.14969657749998078,0.1473634387934982,27.713659048003592,2.0102996826171875
55,"Cleaning sink: A woman sprays a bottle of solution. She
A. then removes a butterfly near her neck.
B. then scrubs the sides of a sink.
C. inserts an earring into her ears.
D. pours it in a bowl, and juggles it.",1,1,1,1,5.808120630362611,0.149169580249918,0.14731553038095735,12.971182873000089,1.2791061401367188
56,"Scuba diving: A man is scuba diving under the ocean water. He is exploring the bottom of the sea, showing off tips for how to swim. He
A. quickly wades into the water, waving his arms above.
B. gives an ok sign to the camera as he moves along.
C. runs into a shark and its eat the man.
D. comes across gopots and fishes.",1,1,1,1,12.732536993249324,0.15735381600006804,0.1472473938706036,25.661472222002885,1.9041900634765625
57,"Painting furniture: A woman in a green apron sits on a kitchen floor next to black cabinets and talks to the camera. The woman produces a can of white wax like substance and then produces a circular brush. The woman
A. then uses the brush over tatts with an electric machine.
B. then folds wet paper towel and create a shower area, wet the paper towel, spread pink stuff onto the paper towel, and then decorates with a paper towel.
C. pours the liquid into a white plastic pan and begins scraping the residue off onto the floor.
D. begins applying the white wax like substance to the cabinets she is sitting next to and then blots them with a piece of fabric, after which, she begins talking to the camera again.",3,3,1,0,7.0957491175665615,0.14875230274992646,0.14723344029709018,41.231438732996594,3.0253982543945312
58,"Playing congas: A small baby is shown inside a bedroom. She
A. is banging on two large drums in front of her.
B. is pushing a vacuum cleaner in an empty room.
C. plays that video game as the woman wipe her eyes.
D. bounces her dad on her lap as he shows her how to clip her toenails.",0,0,1,1,9.37060110793228,0.14726586300002964,0.14747585674508717,15.63160083999901,1.5143356323242188
59,"Futsal: Man in the green grassy futball field start doing tricks with the foot and the ball showing how to do it. The man
A. flick the ball up and and play the ball in the air.
B. started with a little backward swing and he take off doing it a bit bit and sticking his legs on it.
C. then bend down and pretend to kick the ball as he walks and make a fist then jumps up and twirls with the ball, raises his feet up and then lets go.
D. stand still with the racket into a horizontal position in the air and then punches the grass with the racket while the referee holds his hand for the signal.",0,0,1,1,13.483310111761828,0.14843410774994936,0.14711253120277573,32.51715570200213,2.5501327514648438
60,"Hitting a pinata: A woman helps a small child to hold a blue rod, while other individuals walk around in the background. The small child
A. uses the blue rod to start playing hopscotch on a blue mat.
B. hits a pinata with the rod repeatedly.
C. pushes a blue boat into the water.
D. hold the blue rod of solution, while two adults put water in a metal bucket with blue hoses.",1,1,1,1,5.748008345513309,0.15226419424993765,0.14749271827379234,25.387833446996865,2.0511703491210938
61,"Clipping cat claws: A woman is talking while seated on a couch. She
A. begins to play the piano.
B. takes some curling iron and begins to iron a shirt.
C. is holding a bottle and a bowl of milk, then she begins cutting pieces from a large loaf of bread and sitting it on the table.
D. is holding a cat in her lap.",3,3,1,1,1.8309863027312192,0.1486564825000869,0.1472844793421014,17.385056574999908,1.8859481811523438
62,"Walking the dog: The woman is petting her dog, and the dog licked her face. The woman is playing with her dog. The woman
A. holds the dog's hand and frites through his hair.
B. is talking to the man next to her.
C. walked with her black dog and then pet him.
D. lick the dog, rubbing his fur.",2,1,0,0,26.143254577112458,0.14826943999992181,0.14732605307285696,22.83931177400109,1.7825927734375
63,"Doing fencing: Two men are jousting inside a gym. They aim their swords at one another. They
A. jump back and forth trying to make contact.
B. begin wrestling as they dodge each other's swords.
C. begin fighting, throwing punches and kicking each other.
D. suddenly stop and take their swords off.",0,0,1,1,7.434440173521004,0.14562615074987662,0.1471362324545496,18.385988730000008,1.5167312622070312
64,"Playing piano: A young lady plays a white piano on front people that applaud her. A woman cries hearing the young woman play the piano. After
A. , the young lady chug a glass of water while smoking a cigarette and the camera man to observe her practicing.
B. , the young woman ends her performance and people applauds.
C. , the young lady takes two damage fingers and touches them, then she releases the pain at a soccer ball.
D. her game is done, the girl gives a bow to the camera after the video ends.",1,1,1,1,16.13008993707974,0.1517225797501851,0.14702093459891574,28.099805088997982,2.1104888916015625
65,"Doing a powerbomb: A man is standing there with a woman bending over in front of him. He
A. begins to push her on the slide.
B. begins playing the harmonica as the woman is playing her acoustic guitar.
C. bends down and lifts her up to his face, flipping her around.
D. then pulls her blonde hair and puts two rollers in her hair.",2,2,1,0,11.595332696714385,0.14963698250005564,0.14753488341860552,19.630547891000333,1.6047134399414062
66,"Mixing drinks: A man is talking from behind a bar. He pours ice into a glass, then adds different liquors. He
A. begins counting down on a paper.
B. then demonstrates how to make liquors to a glass, and then pours ice into another glass.
C. prepares the drink, ready to serve.
D. serves the drink, then pours the liquors into a glass.",2,3,0,1,10.725974409558173,0.15075750724986392,0.14713119329801444,22.819840216999637,1.926910400390625
67,"Making a cake: The person uses the paint brush to apply the mixture to the white, cake fish laying on the paper. The person
A. scrape the white white fish on the paper with the brush to create a sauce.
B. adds powder and additional water to a small, plastic container.
C. adds the mixture to the wrapped sauce and rolls it up in the paper and smiles as the finished product.
D. starts painting the top of the curtain.",1,1,1,0,26.56722808041914,0.1521238672499976,0.14734566302484112,24.331147215999408,1.9936065673828125
68,"Playing saxophone: Several people are holding lights in a dark arena. A man
A. walks into the ring and lights his hands on fire.
B. holds an ax over his shoulder.
C. is shown on the stage, playing a saxophone.
D. walks runs on the track and jumps onto a pole.",2,2,1,1,4.781786068448087,0.14904227750002974,0.14704356692000148,15.300525802000266,1.3636398315429688
69,"Putting on makeup: A young girl is seen holding up makeup and smiling to the camera. The girl
A. then paints another girl's lashes and begins placing clips and colors into it.
B. looks into the camera while still playing with makeup.
C. uses false eyelashes to show how she looks then moves her hair away from the camera.
D. then begins shaving her face and blow drying her hair.",1,1,1,1,15.52363745994179,0.1479213302500284,0.14708223473847004,19.71237583700122,1.6883697509765625
70,"Playing squash: Two men stand on a racquetball court. The two men begin playing racquetball. A score is made and the players stop playing. The players
A. then finish in a handstand pose.
B. get off the racquet and cheer.
C. begin rowing and returning with goals.
D. resume playing until the next score is made.",3,3,1,1,5.893005278908356,0.1491674422500182,0.1476031500121225,24.951189521000288,1.8285903930664062
71,"Decorating the Christmas tree: A title screen with white and red letters in front of a mesh background appears followed by a black screen with white letters explaining what the video is about. The video
A. takes place inside a gym as treatment for pain.
B. shows various video clips from young man's life and the man even on the soccer field on a sunny day in his backyard, where four other asian men are playing soccer on a basketball field.
C. shows a sped up time of a family decorating a christmas tree in a living room as the mount is placed and the tree is then decorated with lights and ornaments as some of the family members show off and pose for the camera.
D. continues to play for the entire game until the camera stops with the same view through the mesh screen.",2,2,1,0,11.901397716970658,0.14813640250008575,0.1472402217203115,39.022243479001645,3.0281219482421875
72,"Playing rubik cube: This man is show solving the rubics cube while there's a timer to time how long it takes. First someone
A. touches the key to complete the rubbot cube and shows the rate of time that the both of them do that to solve it.
B. washes their hands using a towel wiping their hands clean.
C. says something and then he starts twisting sides of the cube to match the colors together.
D. gets the cube out of the cube, and then a girl appears, grabs the cube and begins solving correctly.",2,2,1,0,11.812157768876405,0.1478356335001081,0.14704408627570023,27.794498495004973,2.19140625
73,"Kneeling: First the woman greets everyone through the camera and she tells what she will be doing. Then she
A. gets on her knees and explains how she would like to do the splits and she's very confident.
B. kneels down on the yoga mat and then she sits on her feet.
C. holds a shoes and show how to put them on and she also takes off a pair of socks.
D. starts interviewing people about ballet moves, techniques, and instruments.",1,1,1,1,7.5244229683944335,0.14823874825003713,0.14770007835220827,24.077267451001262,1.8713912963867188
74,"Shoveling snow: We see the snow helper, then see it in action. We are shown a shovel with it attached. We see the sale screen. We
A. see a cover letter.
B. see the title screen.
C. see instructions for the items.
D. see the shovel being set up with a shovel helper.",3,1,0,0,16.1689740624712,0.14755837624989,0.14707751295486707,23.387248013003955,1.880218505859375
75,"Using the pommel horse: People in the arena applaud the man. The man waves and walks off as he acknowledges the crowd. Another group of competitors wait their turns. Competitors
A. leave the arena with a big screen shown.
B. stand on the podiums waiting to receive honors.
C. look back to see if the night is over.
D. come out holding discus.",1,1,1,0,14.796358451781282,0.1462735787500833,0.14755832145812095,26.998033856003985,1.9623641967773438
76,"Cleaning sink: A commercial features a woman in a kitchen demonstrating how to clean a stainless steel kitchen sink with clr brand cleaning solution. An image of a solitary kitchen with a bottle of clr cleaner on the countertop is shown. A woman
A. competes with a pair of spoons.
B. is talking outside in the room, then she uses a hose to dab off the sink using a sponge and soap.
C. walks into the kitchen, grabs the clr and a sponge and cleans the kitchen sink with it while running water.
D. washes a stainless steel sink and then some more by wiping them with rubbing pressure on it and then washing the sink.",2,2,1,0,7.714123963064352,0.14662269649988957,0.14693523833586772,39.0835232299969,2.6653823852539062
77,"Raking leaves: A group of people pick up dead leaves in a back yard using leaf rakes. Two girls
A. put dead leaves in a plastic container.
B. carry a dead leaf blower.
C. then move to a store where they carry leaves in a red bucket.
D. are records into a trash bin.",0,0,1,1,11.041183162061126,0.14879735850001907,0.1474625378145205,18.880544123000618,1.6655654907226562
78,"Shaving: There are two men standing outside talking one is shirtless and he goes to grab some hair clippers. He stands in front of a mirror and starts to shave his bread off. He
A. walks around the table to his fridge and pulls out the peanut butter and puts it in the toaster.
B. goes over one side of his face and then starts to shave his mustache a little.
C. climbs onto the bed and picks up something up that is laying on the bed.
D. continues shaving on the bread and his leg is showing into the camera.",1,1,1,1,8.994563163561041,0.1454762189999883,0.14694978404911296,33.49865650300126,2.3303680419921875
79,"Elliptical trainer: A person is riding on a recumbent bike, then a woman is shown taking off her shoes and standing on a scale. She rides an elliptical while another woman watches. Several people
A. are riding bikes in a competition as they play a game.
B. talk in the background, then a woman takes off her socks.
C. are shown riding elliptical trainers.
D. are seen sitting around then a man is shown again riding on the bike doing tricks.",2,2,1,1,2.961599962244407,0.14523123875017063,0.14719650316589947,32.52256614200087,2.3439559936523438
80,"Playing drums: A boy is standing behind a drum set playing the drums. People
A. are sitting in front of him watching.
B. are walking by the drums.
C. are sitting on the ground around them watching.
D. around him are standing next to him.",0,0,1,1,3.2133551512941727,0.14570524124997064,0.1465956314285964,13.923023425002157,1.2926712036132812
81,"Using uneven bars: A young lady in the forefront jumps onto one of the equipments and starts to swing around the lower bar and eventually jumps to the higher bar and swings around that a few times. Eventually she
A. jumps off and lands on her two feet and swings both of her hands straight up in the air for a second before she walks off.
B. flips over the upper bar, lands on her feet and begins to dance while one of her friends in the middle rivers the residue in her hand into a water plastic cup.
C. meets another young lady who also does the same.
D. climbs to the higher bar and does a harder, double jump on it.",0,0,1,0,8.567513330596467,0.1469076309998627,0.14668624043904271,36.67244567200396,2.7834854125976562
82,"Baton twirling: This woman is twirling her baton and doing cartwheels and such, trying to persuade how baton is a sport. They
A. are crossing the finish line.
B. give plenty of reasons why they consider baton to be a sport.
C. are dancing around as they enjoy the classical music.
D. have to buy the one in the wooden floor in order to get it in the wooden floor.",1,1,1,0,7.22500564541445,0.14669017124992934,0.14731917700576144,26.072978306996447,2.1000289916992188
83,"Hitting a pinata: The girl try to hit the pinata that is moving around without success. Unexpectedly, the body of the pinata falls while the head is still hung. After
A. , the girl swing the pinata to solve the problem, after she hang the pinata by the neck.
B. , different boys try to hit the pinata but only one fails by falling.
C. , the girl hit the head of the pinata, then she takes off the cloth on his eyes and hit the pinata on the floor.
D. , the boy give her a ping pong ball and the girl start playing.",2,2,1,0,12.007574693560375,0.14777291125005831,0.14651529258972548,34.875670110996,2.591888427734375
84,"Futsal: Once they are gone, a group of men are inside of a gym playing a game of indoor soccer. There
A. is an indoor pool in the corner.
B. are several round teams shown surrounding the net as they relentlessly move across the field.
C. are many people inside the structure of the gym distracted by soccer, that has wo nt show a replay of one of them smiling to the camera.
D. is a penalty kick and then the game continues as they try and make a goal and then the other team gains control.",3,3,1,0,11.585284638568737,0.1524147377499503,0.14641081492656235,26.524373193001338,2.2104568481445312
85,"Mixing drinks: A man in gray shirt is sitting at the table, in front of him are bottles of liquors, glass, shaker, ice, raspberries and whipped cream. He
A. put the raspberries in the metal shaker, crushed the raspberries in the shaker, he pour the tall bottle of liquid in a metal shot cup, pour it in the shaker, pour another liquid in the shaker, then pour two drops of pineapple juice, then put the crushed ices in the shaker, closed the shaker with the lid and started shaking the contents.
B. then shows how to way to pour the liquors into a glass with ice and pour it through a glass.
C. put one of the liquors on the table and started mixing all the ingredients, he shakes the glass and various liquids with lemon, syrup and one glass.
D. opens the shaker the pour in a tumbler and drink all the liquors in the shaker, calm down, and show it to the camera.",0,0,1,0,9.724441969689531,0.14552013674961017,0.14659485394617425,46.90605439398951,4.137016296386719
86,"Zumba: One woman wearing a pink and black top jumps to the front of the group near the mirror and she quickly begins to dance as the women behind her follow her every move as best as they can. A new group of women
A. are sitting in front of the mirror and one of them stops dancing first and shakes her hips as they shift and her couple joins in and they continue dancing.
B. are shown and the same woman is leading but she's now wearing a yellow and black top as she does her routine and when she's done the screen fades to white.
C. perform the routine that includes a cheer leading routine and a cheerleading by many different women.
D. come up to do the same dance and he realizes he's breaking his rhythm but he gets the hang of it very quickly and continues dancing afterwards.",1,1,1,0,11.16521787015032,0.14932125325003653,0.14573754933446031,43.7355996160004,2.9726333618164062
87,"Shot put: A taller and shorter man are standing in a track field dressed in sports clothes and talking to the camera. The taller man
A. is holding a shot put in his right hand and holding it up to his neck as he demonstrates the stance and movements he goes through to throw the shot put and then eventually throws it.
B. is then seen walking inside the ring.
C. then shoots an arrow outside and the taller man responds and lets fly.
D. holds up a pair of shoes trimmed in rhinestones.",0,0,1,0,7.1176251757521625,0.14744884624997212,0.14640965036930578,26.35789384999771,2.4671859741210938
88,"Painting: A right hand is shown doing various strokes on a white paper. As the person continues painting you can see the remnants of a woman's face being drawn. The artist
A. moves in and out of frame and eventually destroys the others.
B. then pulls off the sheet and lays it onto the wall.
C. adds a later paper, then leaves a print over the incident.
D. then continues drawing some more hair and then the art is finished.",3,3,1,0,25.407214710507372,0.14529913100022895,0.146291767936849,28.376632432002225,2.0174179077148438
89,"Wrapping presents: A girl sits at a table with many finished wrapped presents. A girl
A. wraps gifts in wrapping paper seated at a table.
B. holds up a body curling gadget as she talks.
C. squeezes a bowling ball in her hand.
D. takes folded cellophane and places one end into a box.",0,0,1,0,12.338421260695316,0.14799904925030205,0.14602280201778836,16.946550022993506,1.5201797485351562
90,"Preparing salad: A young boy walks up to the table and the man continues to cut fruits and vegetables and places them in a brown bowl. Once all of the ingredients
A. are added, the man begins to stir them up and mashing them all together.
B. are packed up he puts them into a cloth bag and pass it onto a young girl who is standing next to him.
C. are mixed the man pours some juice into a glass with milk on it and pours it into a water glass full of ice.
D. are gone, the very large pumpkin is placed underneath the salad top and the man now begins to cut several pieces of the pumpkin.",0,0,1,1,8.61796722233503,0.14781636575025914,0.14600429718184388,32.71221084300669,2.299957275390625
91,"Fixing bicycle: A man rides his bike to a driveway and stop. The man shows us how to collapse his bike an shows us the front tire. He
A. blows water off of the tire with a hose for awhile.
B. friends the tire and releases it.
C. ties it back on and shows us how to clean and replace the tire.
D. wipes the tire off with a paper towel.",3,3,1,1,9.869431338500666,0.14579221625012906,0.14562829181437326,24.90309359800085,1.9608078002929688
92,"Using the pommel horse: We see a male gymnast prepare to mount the pommel horse. The man then spins around on the device. We
A. then see recovery screens.
B. see the rubbing screen when the man mounts.
C. see a man throw his open legs around.
D. see the horse walking on the rope.",2,3,0,0,48.39136504903208,0.14483145900021555,0.14643713229672298,23.277081341992925,1.781768798828125
93,"Horseback riding: People ride horses in the shallow waters of the sea. People ride the horses in the water along the shore. A horse defecates in the water. People
A. form a line with the horses while riding in the ocean.
B. swim in the choppy water.
C. stand on the horses giving the people water water when children stand on the sides.
D. assist the horses in the water.",0,3,0,0,9.031738189035964,0.1479415510000308,0.14610579481719196,27.767444039997827,2.1353225708007812
94,"Skiing: We return to skiers going down hills, and a man who stops to talk to the camera for an extensive period before skiing more. He
A. stops and talks again, before the skiing scenes replay.
B. laughs as he talks to the camera, adjusting his camera.
C. comes back to talk, and we see the bike interviewed.
D. talks to himself a long time while holding one of the sticks.",0,1,0,0,32.65453843192835,0.1453415717498956,0.14618105403492124,25.724507581006037,1.918731689453125
95,"Futsal: And advertisement is on the screen. The kids are doing tricks with a soccer ball. The color changes to a negative color. The scene
A. changes to a positional change from a negative and advertising.
B. ends with an advertisement.
C. switches to a positive color.
D. transitions to a nice conversation.",1,2,0,0,16.3348446261662,0.14628284374998657,0.14693530854727926,22.33155703999728,1.8139266967773438
96,"Zumba: Several women stand in a room. A woman on a platform
A. mounts a beam.
B. leads them in an exercise.
C. moves a basketball in circles and throws it.
D. puts water into a bucket.",1,1,1,1,6.127195779197197,0.14566185650028274,0.14599905998765292,12.408571285001017,1.2705001831054688
97,"Rope skipping: Four women and a man are doing jumping rope in a court, they jumped front and back and side to side. The woman in front
A. jumps between her legs while the man below catches and holds her short.
B. is jogging while two women at the back is holding the two ropes while the woman in pink is jumping at the center, then the women and a man form a straight line, jumped in their jumping rope.
C. steps with legs and does tricks on the platform.
D. raised her legs and climbed on a beam.",1,1,1,0,17.203725220706783,0.14487776150031095,0.14590349620104612,28.88478930900419,2.7041549682617188
98,"Waterskiing: A woman stands up in a boat, then a man looks closely at the camera. The machine is placed in the water as the man is water skiing while attached to it. We
A. see the end title screen.
B. see the man making adjustments as he goes down the hill.
C. see a large spray of water, followed by the man in the water as he smiles and waves.
D. then see a title screen.",2,2,1,0,8.027297861636164,0.14606989875005638,0.14597980132842558,30.364159065999047,2.3799362182617188
99,"Mixing drinks: The woman is holding a bottle of vodka and the metal shot glass, pour the liquid in the cup and pour the liquid in the pot. The woman pour the liquid in a shot glass, then pour it in the cup. The woman
A. put ice in the glass and pour vodka.
B. pour the liquid with the straw and colored a flower inside of the cup.
C. elegantly pour shot glasses in a cup, added liquid, then add to them vodka and the liquid amount.
D. pour the liquids in the cup again from the metal cup.",0,0,1,1,8.000221393934845,0.14598958875012613,0.1457111782442024,38.177442342004724,2.7529983520507812
100,"Drinking coffee: She sits on a toilet appearing, with parts of her blurred out and appears to be in distress. The woman
A. speaks to the camera for a little bit and the words "" saying something capsule "" and "" crying chug "" appear on screen.
B. is interviewed, and seven rounds are played to show a close up of herself, wearing a costume and putting makeup on.
C. stands up and washes her hands.
D. sings while submerged under water.",2,2,1,1,5.405260665901804,0.14665015149989813,0.14636734925609124,24.590845883998554,2.1212081909179688
101,"Waterskiing: Some people are gathered at tables by a pier. They
A. are watching boaters pulling people on water skis.
B. are engaged in a game of water polo.
C. are eating meals as they watch the tv.
D. are all playing a game of water polo.",0,0,1,0,5.819611081113164,0.14548812625002938,0.14632869509181062,14.92216462399756,1.3711395263671875
102,"Playing rubik cube: A man is sitting down behind a desk with a clock on it doing a rubiks cube. He
A. sets down the cube, picks them up and then gives a thumbs up before going back to working.
B. completes it and smiles as he sets it down.
C. gets into the rubiks cube and starts preparing himself to solve it.
D. is also outside hanging on a buoy to the boat.",1,1,1,1,10.754859280488418,0.14651145125003495,0.14615228634433972,22.655041042995435,1.9153823852539062
103,"River tubing: A person rides down a rapid on an inter tube in a group of friends on a rocky river. The people in the intertubes
A. catch up to another tube and ride it in fast.
B. are helped along by a river guides in polo shirt.
C. pass through a series of suspended tubes and bouncing ramps.
D. stop and one gets off, while others come and goes quickly in bags.",1,2,0,0,68.74502359751072,0.14531568150005114,0.14617411956704396,24.553818334995412,1.8960342407226562
104,"Scuba diving: A man in scuba gear enters the water while filming himself while holding a selfie stick. The diver films himself while diving underwater. The ddiver
A. films a school of fish a nd bright yellow tropical fish.
B. reappears quickly holding his camera, then the man underwater removes his sunglasses and then he goes back to deep swimming.
C. is then seen again underwater, then under water.
D. manipulates a paper ball in his hand as the moving silhouette of his body.",0,0,1,0,30.604967457969103,0.1478098777502055,0.14549399104119862,28.817073772993353,2.28497314453125
105,"Paintball: The field they are playing on is pretty cool, it has a lot of different hiding places. In the end
A. they are seen playing a round of hackey sack, they like to get it the hard way.
B. you end up at the bathroom as the woman gets ready.
C. they all take of most of their head gear and start walking back together.
D. a boy walking doesn't make it far and a bunch of the people hide behind benches on the field.",2,2,1,0,28.32831356388506,0.147030345749954,0.14601560521953438,24.534680639003454,1.937042236328125
106,"Hopscotch: The girl is then seen play hop scotch jumping down the chalk while the boy watches from behind. A woman
A. then helps the boy jump followed by the young girl helping.
B. is shown talking again and places her hand on her abdomen.
C. and a man hold the little girl again as more of her play is shown.
D. then begins to run around next to her playing with her balls, she of course does not know what she is doing going forward.",0,0,1,0,31.571782800739445,0.1464769507499568,0.1457993927229146,24.788606995003647,2.1190185546875
107,"Longboarding: A man in black shirt skateboard down the wide road and fell on the side of the road, the man showed his bleeding cuts in front of the camera. A the skateboarders
A. are falling off their skateboards.
B. stops to change lanes on the road.
C. are on the street skateboarding in a small village, after making this skateboarding event, the guy next to him of the skateboarder walks from the back of the rink to the front.
D. only lie together on the side, then the skateboarders get on their boards.",0,0,1,1,13.122178477362406,0.15116635550020874,0.14595344017431564,32.42251538000164,2.8586578369140625
108,"Tai chi: Two men are posing in a photo for martial arts. A group
A. of athletes watch on the sidelines as a man takes a stance at the front of the arena's court.
B. of young men are standing around small tape measure, measuring.
C. of people walk past a stadium.
D. is gathered inside a room, shown in various martial arts poses.",3,3,1,0,22.573091160596096,0.14785613075014226,0.14633059597348524,17.1267818680044,1.6634063720703125
109,"Shuffleboard: The man puts paper towels over his eyes and under his glasses to absorb sweat from the intensity of the shuffleboard game. The man
A. starts talking to a group of people near him, and a lady goes over to talk to a fellow shuffleboard player.
B. continues to play shuffleboard with a few onlookers in a room with a final visual shot of all but one of the pucks off of the shuffleboard.
C. continues resting on the shuffleboard landing.
D. drops the paper towels over his eyes and into a pool of sweat.",1,3,0,0,21.54674598712233,0.14737168600026962,0.1457089392769539,29.002729903007094,2.4467239379882812
110,"Pole vault: An athletic woman is seen standing ready holding a pole in her hands and looking down and back. She then holds the stick up and pole volts herself onto a mat. She
A. waves to the crowd and then walks away with others getting ready around her.
B. tips her stick and continues to run around on the mat.
C. continues to pole volt herself around while looking to the camera and speaking to the audience.
D. jumps off and others walk up to help her in various competitions.",0,2,0,0,16.64194616791126,0.1467072030000054,0.14570429946340105,30.456210201997237,2.2032852172851562
111,"Doing fencing: There's a man in a blue shirt walking into a tall building where there's an indoor fencing arena. He
A. starts fencing three people that get in his way.
B. runs up to the fencing frame and looks at the fencing material.
C. walks into the arena and talks with two fencers.
D. goes back and forth through the ropes, exhibiting a unique technique of fencing while interacting with an opponent.",2,2,1,1,7.950050378390929,0.14842738550009926,0.14575254358666523,22.45659108000018,1.8958816528320312
112,"Tai chi: A man sits in a room laughing. The man
A. joins a woman and man at a table eating.
B. mows a yard with two dogs.
C. writes on a white paper and pour soda in between two mugs.
D. begins to hit a piece of music with his hands.",0,3,0,0,26.58416154438444,0.14557917124989217,0.14682450725277893,13.943346845002452,1.360015869140625
113,"River tubing: There's a large team of participants getting ready to do engage in a water tubing activity. They walk down a hilly terrain to the river. They
A. cross the slow moving waves that roll through from a river.
B. get onto their tubes and begin going down the rapids.
C. use several different ropes as they hop along the uneven river waters.
D. are all doing tubing stunts on the water.",1,1,1,1,6.269505559176383,0.15008996524989016,0.14635268930853013,26.21208048999233,1.92498779296875
114,"Throwing darts: A little boy is standing in a living room. He
A. is laying on a towel.
B. is playing a set of drums in front of a kitchen sink.
C. is throwing darts at a target.
D. is hanging a small, christmas tree up.",2,2,1,1,2.985998214028105,0.14549869375014168,0.14645596118751314,14.641767049001828,1.4139633178710938
115,"Washing hands: A young boy is seen pouring soap into his hands and scrubbing his hands above a sink. He
A. is then seen on a trampoline with various girls watching on the side.
B. then grabs a paper towel and dries off his hands.
C. continues scrubbing and rinsing the dishes while eventually finally putting what finally falls into the soapy bucket.
D. continues scrubbing all along the sink and then walks back towards the camera.",1,1,1,1,3.8505475277577954,0.1447533339999154,0.14653201824516615,23.291476164000414,1.9023056030273438
116,"Preparing pasta: A chef shows all the ingredients to do pasta. Then
A. , the chef puts the pasta in hot water, then pours oil in a pan.
B. , a woman is using esprit trimmer to cut mushrooms and tomatoes for seasoning.
C. , he puts salt in pasta dish, add three cups of flour, mixes them on the plates, now handful corn, and juices and boil them.
D. , the chef shms the garlic and the onion, the onions, and the mozzarella by hand.",0,0,1,1,13.564374533452844,0.14726475550014584,0.14650511148179612,20.660259295006654,1.869842529296875
117,"Making a sandwich: The person then takes one slice, spreads the butter over it and puts two slices of cheese on it and adds the other slice on top of it. The sandwich
A. now has butter on both sides and the sandwich is placed in a skillet and is fried.
B. is then placed on the plate and brush spread vanilla sugar bubbles onto it.
C. then smells delicious, he pours some hot sauce over the cheese.
D. is then slice open and is then cut into pieces with seasonings and put in the bowl to finish.",0,0,1,1,8.421833927812216,0.14456951875013146,0.1463720556908187,30.877293603,2.2401123046875
118,"Playing saxophone: A person's hand is seen using an ipod followed by more shots of the person talking and writing on a paper. The man
A. while seen speaking to others and leads into him walking into a bathroom.
B. then plays the instrument as the camera captures him from several angles while pausing to speak.
C. holds up the object and speaks to the camera while ends with the man holding a mop.
D. demonstrates cutting open an apple and eating it with his hands, afterwards drinking some water.",1,1,1,1,17.8388483016316,0.1519990027500171,0.14639539035517093,27.398352445996352,1.998199462890625
119,"Mixing drinks: The guy then squeezes three half limes into the cup and push the three lime to the bottom of the cup with the metal tool he use to stir the drink. Finally he
A. removes the lid and place the cup in the white dish.
B. squeezes two parsley and zinfandel into the drink and the side of the cup.
C. fills the wetted cup with the half lemon to form a wedge.
D. pours the drink from the tall glass to a shorter glass, adds a different type of liquor with a straw to finish it off.",3,3,1,0,10.828489717301947,0.15054994524984977,0.14582762411064887,33.55924283000604,2.5441207885742188
120,"Powerbocking: There's a man on stilts jumping and doing stunts in an indoor gym. There are several spectators and judges watching him perform. After the man
A. is done his routine he enters a different gym and leaps into a recumbent position.
B. finishes with the jump, he walks around to the other side of the gym to check his feet before cheering.
C. finishes his stunts, he gets off the stilts and the judges write down the scores.
D. is finished jumping the ropes, he gets up and walks away.",2,2,1,1,4.746656184191878,0.14645724300044094,0.1465196138942177,31.06190866199904,2.2644577026367188
121,"Bullfighting: The bull attacks a dog sit on front a door. The bull gores people and also attacks people on the sidewalk. The bull
A. smashes an adult.
B. chases and shoot people who group in a courtyard.
C. continues goring people's behind.
D. gets jammed against a front window while the person is upometer walking.",2,2,1,0,58.8591273177272,0.14527788875011538,0.14624652096203528,23.688061867002034,1.938995361328125
122,"Wrapping presents: We then see a man holding something wrapped in a plastic bag. A woman joins the man. The man opens the plastic bag. The lady gift
A. wrap pieces and puts them in the paper.
B. wraps the box for the man.
C. wraps the bag and shows us her polished shoes.
D. wraps the wrapped item.",1,1,1,0,5.703383789659886,0.14568730099995264,0.14645968462897924,23.869839060007507,1.83465576171875
123,"Wrapping presents: The man takes a shot at the gift wrapping. The lady finishes wrapping the gift. The man folds an edge, and the lady tapes it. The man
A. opens the package and allows the lady to remove a box lid.
B. closes and rewraps the gift.
C. squeezes her hand, and she takes a picture.
D. presents the box to the camera and talks.",3,0,0,0,25.01802064311873,0.1487414382499992,0.14649552552543618,26.5246737710022,1.9911575317382812
124,"Scuba diving: We see a man on a boat and a lady putting on scuba gear. The man and the woman are underwater looking at sea life. We
A. see a man holding an underwater animal he hands to a lady.
B. see the lady and the man in the front.
C. see a fish on the floor.
D. see a man in a boat with people kayaking high above the water.",0,1,0,0,26.009871535544953,0.14472676875016077,0.14614163147396045,25.8614093199958,1.986602783203125
125,"Decorating the Christmas tree: The kids stand on a chair taking ornaments off a tree while moving back and fourth to the table to place the objects. The kids
A. start wrapping decorating the tree while laughing and a woman talking to the camera.
B. then sweep up the floor while dancing and having fun and end by all waving to the camera.
C. hang one ornament after another on the tree and bend back and fourth of the tree.
D. continue to move the tree around and ornament or ornament on the tree.",1,2,0,0,29.00245789526281,0.1463872257500043,0.14659507579362885,28.292018227995868,2.0845489501953125
126,"Tango: We see a man and a woman standing foreheads together. The people then dance together. The lady holds her legs out at her side. The man
A. finishes the dance and the lady takes her hands aside.
B. lifts his legs into the air.
C. pretends to tie his shoes.
D. swings the woman around.",3,1,0,1,9.372559421419906,0.1463412660002632,0.146983630227848,23.808778640001037,1.86187744140625
127,"Painting furniture: Text states the video will show how to chalk paint. An armoire is shown, and a woman is holding one of the drawers. She
A. puts it on the bed, and does a final brush with the rug on the back end.
B. cleans the top drawer with a blue sponge, then takes a lip gloss stick out of her pocket.
C. sands down the wood before applying a coat of chalk paint with a brush.
D. uses a sharpening tool to sharpen a knife on the cabinet.",2,2,1,1,7.413672088811501,0.14534162600011769,0.1464827565445261,28.55957300400496,2.1285018920898438
128,"Playing ice hockey: We see a man putting on gear and then hockey player walking to the rink. We see the crowd clapping. We
A. see the leg position sheet image and person hits the puck.
B. see the man throw a puck and run.
C. see a game of hockey being played.
D. see the ending screen.",2,2,1,1,4.077320510485239,0.15157967275013107,0.1464996453766853,21.99526691599658,1.7768478393554688
129,"Clipping cat claws: A man has a tool he uses to trim cat claws, he messes around with it a little bit and then he gets up to find his cat. He pets the cat a little bit as to not make it so suspicious and scared. He
A. gets the kitty in a good position and starts feeling for her claws and one by one starts to clip them.
B. sits back down and rests for a little bit more.
C. continues to do this as he buffs and scratches the cat.
D. then smells the cat to make sure it's really clean.",0,0,1,0,11.194779273269948,0.14692614100022183,0.14653461987357544,40.00551730999268,2.8431777954101562
130,"Skateboarding: Some of the participants are beating the heat by splashing water on themselves. The participants begin their stunts on the skateboards as they go over ramps and steep slopes. Several participants
A. are at the very bottom of the slide weaving and flipping as they go.
B. finally end their stunts and other participants take their turn to start their races.
C. are showing off their stunts as spectators cheer and clap for them.
D. intentionally bump into another person river skiing side to side.",2,2,1,1,6.031349535840464,0.14597113574973264,0.1466570422264237,31.675177495000753,2.2362442016601562
131,"Swimming: The same man swims backstroke down the lane from where he came. The words breaststroke show up on the screen. The man
A. then swims backward through the parallel bars and back to where he came from.
B. does the breaststroke back across the pool.
C. stands at the end of the lane, holds his knees, and waits.
D. flips over and the end screen hardens.",1,1,1,1,6.2021850192152055,0.14499705100001847,0.14697046946871523,24.095263318994512,1.8831710815429688
132,"Discus throw: A woman is standing on a field in a circle. She
A. throws a mark onto the field.
B. spins around and throws a yellow ball.
C. starts spinning around while holding a pole.
D. spins while holding a disc.",3,3,1,1,12.062586456706697,0.1450826412499282,0.1471748806404597,13.678894942000625,1.2660903930664062
133,"Slacklining: A purple rope is attached to a blue one, which is then stretched between two trees. A man
A. walks in front of the rope, then starts trim on the trees.
B. begins stretching the rope with one hand while wearing a blue shirt with the other.
C. bounces and balances on the rope as three other men watch.
D. wearing a blue t-shirt comes on the screen and takes the rope and begins tying the red one, takes the green one holding the orange one in between the two and begins pulling the red rope up to finish the process.",2,2,1,1,7.226010648752286,0.15200751499992293,0.14704141555307743,26.92844344400055,2.5806961059570312
134,"Drinking coffee: A toy bear wearing red and white overalls pours a cup of coffee into a yellow coffee cup. The camera man
A. pans his right hand left to reveal the pocket knife in his left hand.
B. zooms in on the toy bear from a side view to a front view.
C. adjusts the camera operator's settings while the man finishes.
D. pans to a field behind the camera girl and back to base.",1,1,1,1,5.690196015798696,0.14882533799982411,0.14716581149057206,23.994665379000253,1.8394699096679688
135,"Making a lemonade: Two lemons is in small bowl, then the blonde woman talks in the camera, a hand cut the lemon, squeeze the lemon in the bowl, pour the lemon in the pitcher using a strainer. The woman
A. pours the juice in white long glass pitcher and squeegees it with vanilla extract.
B. puts lemons in the pitcher, pour it in the glass, pour the juice, spread the juice and add sugar.
C. talks then the pot is placed in the stove, added water, then added the sugar, added the zest of lemon and mixed the pot, the woman added yellow liquid in the pitcher, added the ice and sliced lemons and pour the juice in the glass.
D. mix the leaves and put the lemons in a glass, then the woman cuts the honey with a scissors, put all the polls into a tree, then cuts the lemons and the lemons.",2,2,1,0,12.433080766698817,0.14787348100026065,0.14634096322671883,47.71328408300451,3.5645065307617188
136,"Paintball: A person is seen close up riding on the back of a bike shooting a paint ball off into the distance. Several shots
A. are shown of the person riding around in the area and being shown again on the side.
B. are shown of the art around the area as well as people riding around and showing off the bike.
C. are shown of people riding around in cars shooting paint balls at one another.
D. are shown of the boy riding up on the bike as well as taking pictures of the person.",2,2,1,1,6.287690226542987,0.14495766875006666,0.146717556914754,26.40212069199697,1.9593124389648438
137,"Baking cookies: After she mixes all the ingredients together she begins to roll the dough into balls and place them onto a cookie sheet, and puts them into the oven. She
A. rolls more dough and rolls chocolate chips on top and opens the oven to let the cookies bake.
B. then heats the cookie pans and presses the netted together to reveal the kitchen.
C. then continues to roll it around and display it in the oven.
D. takes them out of the oven and begins to wrap them into individual sets.",3,3,1,1,9.552268420701239,0.14518224849985017,0.14727584872864885,29.888622891000523,2.16351318359375
138,"Installing carpet: A close up of a tool is shown followed by a person cutting along a rug. The person
A. uses a shirt and wipes it along the floor, followed by pushing it away.
B. bends forward and wipes down an area of the rug.
C. adds paint to a bucket and cleans along the carpet.
D. continues using the tool along the sides and the camera fades to black shortly after.",3,3,1,0,26.105532073880145,0.14791840824977953,0.1466544997391582,20.82999459700295,1.7093658447265625
139,"Roof shingle removal: A man is seen putting objects onto a wall and place a board along the wall. He
A. moves between two objects while sitting and looking closer to the camera.
B. then swings and uses a long stick to turn a knob on the wall.
C. continues moving the objects on the wall and then nails them down with a nail gun and presents the shelves he's made.
D. uses an electric shaver to shaves the board along the wall.",2,2,1,0,23.786922425703423,0.14803036324997265,0.1466321012974996,23.75999345800483,1.997344970703125
140,"Cleaning sink: A before and after picture of a sink is shown. A person
A. pour water into a corner of a sink and drain it.
B. bubbles the water with a hose.
C. cuts water from a sink with a knife.
D. is then shown putting cleaner on a sponge and scrubbing a sink.",3,3,1,0,8.070770312517444,0.1472327982501156,0.14701682761765636,15.584647610001412,1.4570770263671875
141,"Throwing darts: The man positioned himself then throw the darts in the board and the darts are away from each other. The man
A. placed his elbow on the table.
B. start chasing down the area playing pretending to enter and look inside the jewelry till person comes and hit the man with his dart as kind of a insult.
C. put his darts in the board and hit the whiice and walked towards the person behind the board directing the metal and spiral motion throwing then throwing another throw.
D. continue to hit the board with darts.",3,3,1,0,8.60704368047019,0.1485678129997723,0.14676533772774827,28.62645075799901,2.4123916625976562
142,"Shoveling snow: We see the green opening screens. We then see a person shovel snow with a pusher. We
A. see a title screen over a kale of snow.
B. see children holding hoses and running through the snow.
C. see an title screen.
D. see a man take papers and show a map.",2,1,0,1,60.45418152242466,0.1474331207502928,0.14657346164119212,19.790855957997337,1.6066513061523438
143,"Playing polo: There's a man in the swimming pool playing water polo. He
A. is in the pool playing water polo with a yellow ball and two other people.
B. is doing several high kicks off of the diving panel.
C. dives under the water and then lying in the water.
D. backs up a bit to remove some of the damage from his turn at the splash really quickly.",0,0,1,1,7.038777127636448,0.1479589680002391,0.14660195658976807,17.744264793003822,1.607757568359375
144,"Elliptical trainer: A man in a red shirt is standing next to an exercise machine. He
A. pushes and plans on getting to the end of the cable, but wires are needed to get it going properly.
B. uses the chair to mount the machine.
C. gets on the machine and starts working out.
D. adjusts the camera to act as a lens while using the machine.",2,2,1,1,6.479802214175264,0.14890724325005067,0.1466840791796713,19.37119110799813,1.8319015502929688
145,"Trimming branches or hedges: The group cuts hedges along the side as well as throw them into a bucket and help the older man. The kids
A. then help create fluff and gives each male hugs.
B. hang them up on large branches to get the look of the finished product.
C. walk around playing with plants and creating a maze.
D. continue to help the other man by gathering leaves as he pushing them back towards the front.",3,3,1,0,40.128227364286126,0.15367947724985243,0.14618082385628106,26.050181259992314,2.0202255249023438
146,"Fixing bicycle: We see an opening white screen. We then see a man pushing a bike brake and adjusting it. The man
A. pauses and points at the camera.
B. is now cycling away helping people in the street.
C. then walks in an empty field.
D. pulls a cord on the bike near the tire.",3,0,0,0,18.928097710845737,0.14738784550013406,0.14679280549996712,20.259787318996132,1.63623046875
147,"Fixing bicycle: The man pulls a cord on the bike near the tire. The men then adjusts the bake lever again. We
A. see the final screen.
B. see the closing title screen.
C. then see the man talking to the camera.
D. see the ending title screen.",2,2,1,1,5.587997143415909,0.14645162575016002,0.1470401640080314,19.1128671680126,1.6102066040039062
148,"Capoeira: A man is seen doing flips on a soft floor while moving in slow motion. The man
A. continues performing several tricks across the floor and ends with a title sequence across the screen.
B. speaks to the camera while showing how to use the floor.
C. continues moving around the area and ends with him jumping off the side.
D. walks out of frame while walking back in and out of frame and is seen a few times.",0,1,0,0,36.32996526660195,0.15478174999998373,0.14643690347262012,21.998914907002472,1.78387451171875
149,"Playing polo: Finally, the people then get on their horses and they all begin competing with one another playing a game of polo. As they
A. play, a woman is shown on the side of the field taking pictures and a small logo for the photography shows on the end of the screen.
B. play, the giant man watches them from inside his tent enjoying the game and laughing to the camera.
C. continue, the dogs follow completely on the back of the polo dogs.
D. play, several people walk by and stand by their horses.",0,3,0,0,21.743730050315875,0.14778124325016506,0.1468391998142564,27.46269853900958,2.2551345825195312
150,"Trimming branches or hedges: A shadow is on the ground, caused by a designed shrub. A man
A. runs down the sidewalk and knocks into the hedge.
B. is shown outdoors, showing off his multitude of decorative bushes in his yard.
C. is standing in front of a group of shrubbery where lawn ornaments have been taken from the lines.
D. is removing tree limbs with the help of a tripod.",1,0,0,0,39.81138241567925,0.14636043575001167,0.1462638390068417,21.793698398992092,1.882659912109375
151,"Playing water polo: First the people are shown swimming backwards. Then they
A. are shown in the flask and floating up to the surface.
B. are shown playing volleyball in the water.
C. are shown writhing in pain as they compete on water polo.
D. all dive in the pool and conclude by doing air jumps.",1,1,1,1,3.946344483903922,0.146877543500068,0.14694086483672325,14.98771492799915,1.3912887573242188
152,"Canoeing: The man drifts to the side slightly while talking using the paddle as an anchor in the water and seemingly demonstrating how to paddle using the paddle and hand gestures to explain how to move the paddle and canoe in the water. The man
A. continues to speak while sitting balancing the canoe on the net.
B. stays steady but bends his body forward as he places his hand on the ground then continues paddling across the canoe.
C. then pushes away from the camera with the paddle and drifts out into the water before paddling back to the camera again.
D. then alternates between rapid sight and slow feeling as he talks and he places his hand holding his, then tapping on the paddle to show how to continue moving the paddle.",2,2,1,0,6.3442693262124275,0.14751697100018646,0.14656577416554087,43.0941423920076,3.0848312377929688
153,"Futsal: A group of people are seen standing on a soccer field and leads into one falling down and being helped back up. The same shot
A. is shown again in slow motion and ends with more shots of the people throwing up.
B. is shown several more time with people helping another one up as well as speaking to people.
C. is shown to the camera and the two return to play several more times while people walk around.
D. is shown again in slow motion and leads into one scoring a goal with others not paying attention.",3,0,0,0,15.714548130772974,0.14599891349985228,0.14566069093650316,28.113866240998505,2.0300369262695312
154,"Hurling: Two people are playing a lacrosse game. They
A. take turns throwing the ball to really hard people who have their feet on the ground.
B. hit the ball against the wall several times.
C. jump over the fence and land in a field of green grass.
D. shoot at the goal and make the point.",3,1,0,0,14.928673904969079,0.1456193632502618,0.14645123567003793,15.22760102000484,1.483428955078125
155,"Laying tile: The video is a tutorial about installing deck tiles. There
A. 's a list of tiles on the screen.
B. 's a table in a kitchen, and a man shows how to remove a tile.
C. are small round large boulders on a roof.
D. 's a contractor working on a deck.",3,3,1,1,29.815929625967822,0.14559446349994687,0.1468749536635152,15.857373035005367,1.552886962890625
156,"Volleyball: A group of girls are posing for a picture. They are then shown playing volleyall on a field in front of several tents. They
A. shoot the ball back and forth at the camera.
B. lob the ball back and forth.
C. hit it back and forth over the goal.
D. knock one a couple times as they play.",1,1,1,1,9.717955739083674,0.14687250099996163,0.1465517638516171,23.3030134010005,1.7996978759765625
157,"Zumba: An intro starts and begins showing a group of people. Various people perform a dance routine together with an instructor performing front and center. The routine
A. ends with the instructor walking off and the people beginning to dance in a circle.
B. ends and mulcawedoes breakdances in slow motion.
C. continues with the people and instructor moving around with their arms and legs doing various movements to music.
D. ends and the instructor walks off the stage.",2,2,1,0,9.416274209458148,0.1458182587500687,0.14570357189893585,26.518508833010856,2.035125732421875
158,"Getting a piercing: A young man named sean wearing a beanie hat and black earring studs. He is demonstrating how to pierce his ear with stud earrings. He
A. demonstrates by rubbing the earring in with his thumb.
B. expresses severe pain as he tries to pierce his ear lobe.
C. has his father's piercing pierced.
D. pushes a ring through an incision, then peels off the ear earring.",1,0,0,0,11.869306812309443,0.14547328075013866,0.14674418313261514,27.142590270003893,2.0878067016601562
159,"Breakdancing: Suddenly there are lit up people wearing light suits that are dancing on the black area and they change from 1-7 people, and alternate suit colors from white, then to red and then back to white again. Their light suits
A. appear on the ground and one of the man takes one of the suits off and bursts out laughing white light and begins to dance in the suit.
B. go out and the dance is over.
C. are reflected by the main cube in the lobby of the building.
D. slows down a bit as they stay in the structured mode and they continue to move the red lights to dance.",1,1,1,1,10.163302587409806,0.152159870000105,0.14709925949257094,40.03124102400943,2.9216461181640625
160,"Arm wrestling: A group is standing together on a stage. They engage in a game of arm wrestling. They
A. hand back and forth with each attempt.
B. put each other down and bow before the audience.
C. shuffle back and forth, trying to hold the game.
D. pull hard on each other's arms, trying to win.",3,3,1,1,5.201815523559303,0.14712012825020793,0.14687423106398637,18.947759395999128,1.5747222900390625
161,"Doing motocross: A close up of a blonde curly haired boy is shown, then an aerial shot from above that includes a very large dirt track and the words on the bottom right of the screen say ""chaney ranch motorcross california, usa"". The blonde curly haired boy
A. is then shown again, and after he flashes his leg and his hair he rides down off the track and comes back to where the owner of the race came from.
B. is seen walking on the dirt track, then he is then shown back onto the track on the closed circuit parsecs.
C. gets on the dirt bike and celebrates, turns on the seat and then the frame falls onto the back of the dirt bike.
D. is shown again talking, then getting ready as he secures his protective gear onto his body and the white words on the screen say "" rookie white professional motorcross racer "".",3,3,1,0,25.868939403087047,0.15073695025012057,0.1469267721696605,49.97034325000641,3.292938232421875
162,"Smoking a cigarette: Actress stella stevens is shown in a tv show credit opening. She
A. wins a pulitzer prize and a trophy.
B. begins talking in a front and, horse trainer talk while she is demonstrating how to bike in a horse shop.
C. appears in a restaurant with a man as they sit down at a table.
D. joins the biking club and does several stunts in various competitions at the track.",2,2,1,1,7.8823165878456,0.1453399035003713,0.1466245032971212,20.81554106900421,1.818206787109375
163,"Getting a haircut: A man cuts off an individual's ponytail. The individual
A. pushes the object on the side of his head with his hand.
B. puts several hair extensions in their hair with his hands.
C. shakes his or her head as the man brushes loose hair from the individual.
D. mixes a liquid into a brush.",2,2,1,0,17.087986282155644,0.1454760962499222,0.146442665377401,16.104826915004196,1.481597900390625
164,"Tennis serve with ball bouncing: A grey title screen with white letters and artwork show who the host and the video series is about. Footage
A. from the website is shown a duo at a soccer match, playing side by side as they kick something, each run backwards and hitting it high.
B. of people runners playing beach and surfing on choppy waters and talking to one another.
C. is shown with two players playing tennis.
D. of people surfing the waves is shown with a lady underwater and a tiger in front of her.",2,2,1,1,11.043521813854987,0.15153238999982932,0.14590639283240406,27.598812233994067,2.315460205078125
165,"River tubing: Suddenly, two men appears sailing in inflatable boats while the woman takes pictures. Other people sail on individual boats in the choppy waters in the river. Two people
A. in a car drive down the river together in an intertube.
B. stand on the bank of the river.
C. on a male raft sail under a bridge making parallel lines.
D. depart in a boat with a man in a rope bridge.",1,1,1,1,3.790156519235755,0.14572423350000463,0.14606979505525533,27.021529839001232,1.987396240234375
166,"Slacklining: A young man is seen bouncing up and down on top of black slack line with it in between his crotch. More men
A. zooms in on the man bouncing down while another man watches on the side.
B. line up to perform and the man gives them thumbs up and kissing their heads and walks away.
C. are seen running around with equipment and continuing to bounce up and down.
D. appear on the slack line doing tricks back and forth and landing on the slack line and performing for the crowd surrounding them.",3,2,0,0,15.257357461060675,0.14793822849992466,0.1467587874486403,27.742128591998153,2.1503067016601562
167,"Triple jump: The first man is shown alternatively bending over and walking around. The first man jogs and claps. The two men hug each other. The first man
A. walks down the track celebrating, with brief audience shots.
B. hands him a shovel.
C. lifts the second man over his head by his knee.
D. dips and jumps high.",0,2,0,0,74.96259851132682,0.14558265100004064,0.1467054810243775,24.642029491998073,1.8877944946289062
168,"Polishing shoes: A close up of a person's leg is shown with a man kneeling in front. The person
A. then brushes out parts of his leg using his back and legs to polish it.
B. then puts a shoe on their foot and rubs it over his leg.
C. then dances all along the floor while the camera pans around him.
D. then begins shining the shoes of another.",3,3,1,1,27.48129188850074,0.14498111349962528,0.146564538421457,21.098959833002482,1.7356719970703125
169,"Playing lacrosse: A large group of people are seen running around a field and cheering with one another. Several clips are shown of lacrosse players scoring goals and celebrating with one another. The people
A. continue to play various sport while others walk around in the background.
B. continue to score goals in different shots and celebrate with one another.
C. continue playing and cheering with one another and kissing on the sidelines.
D. cheer on keeping score on all sides as well as cheering with one another.",1,1,1,1,11.458788546071881,0.14787499825024497,0.14664832013108184,30.80105394000384,2.1709747314453125
170,"Long jump: Several different men are shown making long jumps in track and field competitions. One of the men
A. celebrates his distance as he finishes his jump.
B. jumps the pole but is redirected until he reaches the goal area and again serves the pole high into the air.
C. wins the competition in a race and he is congratulated and he bows.
D. takes one of the jump shots with his javelin.",0,0,1,1,18.130818701142505,0.14556727100011813,0.1470335004233496,20.725858641999366,1.829132080078125
171,"Cricket: There are two team practicing cricket in an indoor field that is surrounded by nets on three sides. The batter wearing a blue shirt and helmet
A. is landing shot after shot of home field goal served.
B. runs to start the ball, trying to make it across the net with the racquet.
C. is swinging his bat as the bowler throws an overhand ball to him.
D. took a leap and landed right over the net, he windsails through the air and crashed in the net.",2,2,1,1,7.88381878480408,0.146394075750095,0.14602650822947053,27.308427308993487,2.1071243286132812
172,"Starting a campfire: A close up of the ground is seen with a person laying out sticks. The person
A. runs the sticks through the dirt passing between the cones.
B. begins passing around wood branches.
C. then throws wood out into the water and lays out his sticks and leaves.
D. lays out more objects together in a pile.",3,0,0,0,45.56371902560021,0.14705345824995675,0.1468123473920059,18.939757257000565,1.66510009765625
173,"Playing ice hockey: Hockey players enter a hockey rink. They are then shown backstage messing around. The two teams play against each other. They
A. are very diy too.
B. take turns hitting a ball against a wall until the final score is shown.
C. make points against each other.
D. kick the ball back and forth.",2,3,0,0,20.617242845990774,0.14515954850025992,0.14684883600686338,21.87371941499623,1.8529586791992188
174,"Removing ice from car: A man is scraping ice off the drivers window of a truck with an ice scraper. He
A. zooms in on the windshield wipers and continues scraping.
B. then puts a piece of paper on the windshield wipers to make a stick shift and wipes the ice off of the windshield.
C. moves ice on the ground with his foot.
D. is drawing the word snow on the glass with his hands.",2,1,0,1,18.622374575544068,0.1479817182498664,0.14696316632871956,22.04854915699252,1.9901351928710938
175,"Tai chi: A man stands on a ocean front beach. The man
A. gives a demonstration of wrywach and how to play the game.
B. then plays a violin.
C. performs then stands up and walks away.
D. begins doing tai chi.",3,3,1,1,14.740434450858453,0.14626479850039686,0.14744612188236822,13.117979554002886,1.41754150390625
176,"Mooping floor: An introduction comes onto the screen for a demonstration of a mop. The mop is shown being used in a figure eight motion to clean the floor. The mop
A. is now on one side of the floor where it can be seen while the person pushes it along.
B. is wrung out and used to do a second pass on the floor.
C. gets turned as the motion changes continuously.
D. is being washed with pressure.",1,1,1,0,6.020621440619168,0.14748453074980716,0.14730381459461617,27.84114382300322,2.1858444213867188
177,"Using the pommel horse: A man is shown raising his arm up in the middle of a large crowd. He then begins performing a gymnastics routine on a beam. He
A. jumps off and spins around, eventually falling to the ground.
B. spins himself around continuously and ends by jumping down the side and walking away.
C. turns and moves back and fourth while walking.
D. continues moving around and ends by laughing to the camera and floating away.",1,0,0,0,23.571967598808893,0.1455159387501226,0.1466280232999787,28.441388181996444,2.0629043579101562
178,"Fun sliding down: A girl glides down a slide. The girl
A. stands to her feet.
B. slides down stairs.
C. arms her arms as she slides down the slide.
D. exits the slide and slides down another at the same time.",0,3,0,0,149.49486421811437,0.14530933599985474,0.14669194646985378,12.756668900997283,1.325042724609375
179,"Washing hands: A little boy looks through the window shutters on a plastic playhouse. Then a man
A. is shown and they are seen going down a slide.
B. appears and puts water on the boy, cleans him then applies shampoo to his hair.
C. cleans the window with a hose.
D. walks into the yard with a green wooden roof.",0,2,0,0,27.680733669937222,0.14846268800010876,0.1464535842868256,19.486363125000935,1.720977783203125
180,"Horseback riding: A person is seen sitting on top of a horse and crying. Another woman
A. walks into frame and lifts the horse up.
B. appears pushing someone's horse behind them.
C. is shown laughing and the man helps the girl on a horse.
D. is seen pushing him back down.",2,0,0,0,30.35060714894922,0.14673156574986024,0.14670224949555324,17.16428045599696,1.5511703491210938
181,"Javelin throw: An athlete practices tossing a javelin in a track a field course. The athlete starts with two or three side steps and then proceeds to toss the javelin. The athlete
A. then increases his speed and steps.
B. runs parallel to the chalk and throws four instructions that lead into a discus throw, where he throws the javelin as far as he can into the distance.
C. then does a backswing outside of the track.
D. throws the javelin to the other side and then back to the field.",0,3,0,1,40.28871493725863,0.14743452349989639,0.14676823244442236,32.29167630199481,2.6580886840820312
182,"Longboarding: A boy goes skateboarding on a street and attempts tricks. Sometimes, he fails and other times he can perform a kickflip. He
A. falls down and then has to run after the board.
B. falls down and is helped up by a teacher.
C. talks to the camera as he skates.
D. stands up in the air, waving during his performance.",0,2,0,0,13.838665266043131,0.15393127449988242,0.1466216879872686,23.6353301120007,1.785064697265625
183,"Preparing pasta: He heats up some cream and chops up the porcini mushrooms to add to the cream with some seasonings. He
A. puts the mushrooms and some other ingredients in wooden bucket on the stove.
B. adds some cooked pasta into the porcini sauce with some reserved pasta liquid.
C. mixes the sauce and he cuts up some pineapple slices with red pepper while he squeezes the melon mixture into all the settings using a pointed spatula.
D. sprinkles the ingredients together making them into a bowl.",1,1,1,1,10.277386223285015,0.14526658125009817,0.14668514069885222,26.397651087998383,2.2748489379882812
184,"Beer pong: A couple of people are standing at the foot of a table. They are engaged in a game of beer pong. They
A. are both wearing black clothes.
B. serve and screw the balls back and forth.
C. throw the balls and try to get them to land in the cups.
D. are playing darts, throwing darts, and throwing the cups to the counter.",2,2,1,0,3.8548621942215764,0.14575936599976558,0.14668146513333946,22.585257233999982,1.8592910766601562
185,"Fun sliding down: Several children are on a playground outdoors. They swing, climb, and play hard. They
A. look very excited as they carry the objects around.
B. continue playing on the brand new set.
C. are all groomed at the same time.
D. hit the ball back and fourth to each other.",1,3,0,0,76.0243019822617,0.14701329574995725,0.14716580746279617,18.395115885998166,1.513702392578125
186,"Braiding hair: A woman is seated in a stylist cape. A woman is working on her hair, separating it into sections. She
A. braids the curtain of her hair in sections.
B. shaves the sides of her head with a vigorously, too.
C. braids each section and pins it into place.
D. changes the iron slowly and drags it through, leaving only sections in place.",2,2,1,1,5.430235960563071,0.14810126600013973,0.14659744761146537,23.608204339000622,1.876190185546875
187,"Drinking coffee: Four adults are sitting at a table in a kitchen. A man
A. drinks a cup of coffee.
B. uses a fork to scrape butter out of the ice outside, he first drizzles the ice off of the knife.
C. comes in and starts scrubbing the inside and outside and wiping it off.
D. picks up a cake pan with a spatula and puts ingredients inside.",0,0,1,1,4.201863318129679,0.14813360049993207,0.1465792458130318,18.62178163700264,1.7888412475585938
188,"Futsal: An introduction comes onto the screen for an indoor soccer game. The indoor soccer game
A. is played by several players as they kick the ball back and forth.
B. involves several of the teams participating in one game of soccer.
C. begins as a player starts dribbling, making short runs and then waving at deal points back and forth.
D. begins as a small blue ball bounces, splits, and keeps bouncing back and forth.",0,0,1,1,6.50216385187034,0.14629479824975533,0.14683634117017205,21.28910329799328,1.7848892211914062
189,"Chopping wood: A man is standing outside in a yard. He
A. is holding a large ax in his hands.
B. talks into a microphone while using the mic.
C. uses a potato and a pair of shears to cut some grass.
D. is using a chainsaw to split wood.",0,0,1,1,3.359907386858542,0.1454890087500189,0.14626157358060315,14.184282377996169,1.3871307373046875
190,"Sailing: A sailboat is seen gliding through the ocean. Men are riding and sailing on the boat. It
A. picks up speed, leaving rapids in its wake.
B. slowly moves through the waves toward the shore.
C. then sails across the ocean.
D. moves through choppy water.",0,1,0,0,19.413048774248185,0.14738261850038725,0.1463636160806712,18.738618868004778,1.60986328125
191,"Grooming dog: A woman is working on grooming a dog. She
A. brushes his fur as he sits on a table.
B. messes with his hair, forcing it into curls.
C. combs the dogs mane with an electric shaver.
D. brushes and mops the dog's fur as she talks.",0,0,1,1,5.903093978647717,0.14633141124977556,0.14616430737998598,15.2017563829977,1.3768234252929688
192,"Zumba: A woman is dancing up on a stage. She
A. is leading a large group in zumba class.
B. twirls several batons around on the floor.
C. starts talking to the audience before the performance.
D. starts dancing for the audience.",0,2,0,0,8.896179379925716,0.14502453849968333,0.1463375161784998,12.872449512992716,1.27581787109375
193,"Wakeboarding: A man is pulled on a knee board and goes over jumps with a tow rope. People
A. jump in the water wearing scuba gear.
B. are shown running down a snowy path, playing games and making music.
C. wake board over ramps in a lake pulled by a tow rope.
D. are shown running away from him as he falls and another man rescues him.",2,3,0,0,22.921981185484633,0.14653262050046578,0.1465985779470264,19.93714277100935,1.654022216796875
194,"Paintball: A man is holding a paintball gun in his hand. He runs out from behind a building, shooting at the other players. The players
A. stop when they see stage and try to shoot the arrows.
B. shoot back as he runs at top speed.
C. celebrate the shot, everyone hugging.
D. shake hands as they hug.",1,1,1,1,11.949609032323666,0.1481987479999134,0.14690606520000601,23.363235098000587,1.84442138671875
195,"Arm wrestling: A still of eight men posing with their arms raised up is shown. Men compete at arm wrestling with professional referees judging. Two men
A. discuss a different technique before eyecatch on the blue mats.
B. compete and one quickly loses the match.
C. push each other and the referee does a thing with his glove.
D. compete in arm wrestling with professional referees while in the thick of it.",1,3,0,1,20.593380967362997,0.1473818955000752,0.146894424787439,24.09263554799054,1.8392257690429688
196,"Doing motocross: We see the boy riding the dirt bike. We see the drone flying in the air and the boy controlling it as he speaks to us. We
A. see the boy pedaling.
B. see a one way mirror then the boy putting his helmet down.
C. see more of the drone footage as the boy rides the dirt bike.
D. see another image of the boy as he uses the drone to control ours.",2,2,1,0,4.294548713599767,0.1459727882502193,0.1462702494500162,26.912536054003795,2.0176773071289062
197,"Rope skipping: The scene changes to a different group doing jump rope tricks. The scene changes to the original group performing jump rope tricks. The scene
A. change back to the first group of people doing how jump rope becomes popular.
B. changes back to the original group doing velcro moves.
C. changes to the closer two groups did jump rope stunts.
D. changes once again to the second group performing rope tricks.",3,3,1,1,4.3975082778213705,0.1531009297498258,0.1465333157939478,24.790400825000688,1.889129638671875
198,"Painting: A view of islands and the evening sky are shown. A woman
A. in a red swimsuit walks forward and talks about how to play a cricket game.
B. uses a canvas to paint the images in various colors.
C. sits dressed in a black bow tie, another woman wearing a black dress combines cloth pieces and paper, and the blonde woman adds the paper pieces to the paper and covering them with the cloth.
D. walks up steps holding a violin.",1,1,1,0,23.873936896028706,0.14759719324979415,0.14683126735333207,20.11894733099234,2.1650161743164062
199,"Playing congas: The person is seen hitting the drums in front of her continuously while also looking to the camera. The person
A. continues to play the drums and continues to be interviewed by the camera.
B. continues playing the drums intensely while looking to the camera and looking down into the mug.
C. continues to play the drums continuously while moving his hands up and down and becoming frustrated and smiling.
D. keeps playing and stops in the end to wave to the camera.",3,0,0,0,11.471560349001633,0.14617913849997421,0.14665048311326245,23.902143369008627,1.8783340454101562
200,"Making a lemonade: He cuts the lemon into small pieces. The man grabs a glass. The man pours sugar into a glass. The man
A. throws the sliced lemons into the glass.
B. drinks from the glass.
C. puts lemon paste onto a plate.
D. pours the glass into a pot.",0,0,1,0,5.432960202998114,0.14639327075019537,0.14690743047851487,21.152613349992862,1.697021484375
201,"Making a cake: Woman took a marker and write a letter in a pink foam craft and trimming it in a candy. Woman walks into a party with a lot of kids holding the cake on her hands. Cake
A. is in a counter with some recipes in the back and in a table full of candies.
B. appears form a box and nyf people cream it and put in a bowl.
C. is twirled on a silver paper in a big green crystal bowl, put a piece of frosting and create it on cake.
D. warms in a warehouse in a darkened room.",0,0,1,0,21.484064129935547,0.14884586599987415,0.14734130474895366,35.2205900800036,2.5930023193359375
202,"Beach soccer: Different men take the place of the kicker and the goalie and the kicker attempts to kick it in the goal and the goalie blocks it. Another set of kicker and goalie
A. are up, and this time the kicker successfully makes the goal.
B. block the ball, score, and toss the ball left to.
C. takes the ball and kick it to the guard and scene how the goalie almost didn't make it.
D. tries to kick it but a goalie blocks it with his legs.",0,0,1,1,13.674627949100554,0.14547715349999635,0.1466052534778069,30.342775069994786,2.266632080078125
203,"Rope skipping: As the location changes, she moves in front of a mountain of rocks and begins twirling before she returns to jump roping. After
A. , she zooms in on the room to the right where her and her partner were engaged in the routine when a man approaches with a suitcase in the background.
B. , two girls appears dressed identically and they both begin jumping near the water and twirling.
C. , she rocks back and forth and the other zeppelin passes.
D. while talking, she finally gets to the part where she continues to twirl and she loops and bumps her way down.",1,0,0,0,49.16232334427469,0.14541411100003643,0.14564138106251134,30.875063705002503,2.4312210083007812
204,"Hanging wallpaper: A woman is now on a ladder and she's trying to put some border wall paper to the top of a wall and is very frustrated that she's having a hard time, and she drops the wall paper and climbs down the ladder to the ground and is not very happy. A black object
A. is then placed on the wall and begins to put piece after piece over the wall and someone high fives her on the empty spot before sectioning the wall and dropping the covers back down.
B. and a red pencil appear and they're trying to pincess the wall and they are trying to put the wall paper on the outside of it, she gets to the outside of the wall, it spreads out from her on the inside from the inside area of the wall where she dropped at the bottom of the.
C. is laying on the ground next to the wall with black letters explaining that the wall paper is brown and it has a little white cap on it and she's lifting another black object and putting it on top.
D. appears and the woman is now placing it onto a long pole, she's back on the ladder and she's using the black object to help her hold up the border wall paper as she applies it all along the wall.",3,3,1,1,7.677050621566696,0.1455106737503229,0.14652261113286413,63.44024287100001,4.249755859375
205,"Doing kickboxing: One man is seen holding boxing gloves and hitting a man standing in front of him. A man
A. is seen blocking the other with pads while the man continues to punch and kick.
B. then kneels down and hits another man while the men continue punching.
C. watches the boxers fighting from behind a fence.
D. then kicks the other man over and over while he's hiding behind him.",0,0,1,0,16.92156350769948,0.14576756075007324,0.1463403051049198,21.509733873003825,1.723114013671875
206,"Getting a haircut: The female hair stylists begins by shampooing the hair of the young man. He sits and has his cut by the hair stylists. She
A. demonstrates how long he will be in the video.
B. braids the hair of the girl.
C. sprays a product throughout the hair of the man.
D. continues until the hair styling begins and then comes back and does the same thing again.",2,2,1,0,10.479260698975095,0.14709053100023084,0.14697116341375446,26.161344557994198,2.0451889038085938
207,"Breakdancing: One of the boys walks over to a mat, and starts break dancing. When he is done, the other boy saunters over and break dances too. They
A. continue to tango on the mat.
B. both jump up in victory.
C. walk away from each other and walk back to the top of the mat.
D. take turns dancing one more time before the crowd.",3,2,0,0,22.22293982651261,0.1456211434999659,0.1461940225136146,27.335990693991334,2.1127243041992188
208,"River tubing: A camera shows a rough lake and landscapes as well as people off in the distance and a man giving the camera a thumbs up. The camera
A. zooms in on people riding along in tubes.
B. pans out to several skiers riding across the snowy terrain.
C. focuses on a boat one person is mixing paints with and then gluing onto a piece of paper.
D. zooms in on dogs and people working on equipment while moving around.",0,0,1,1,9.061960485102608,0.14591048600004797,0.14679741886931713,26.419987665000008,2.0738754272460938
209,"Playing kickball: A girl waves at the camera before we see a baseball field. Someone
A. plays an accordion while a band plays along to the song.
B. swings a ball on a chain.
C. throws a ball across a yard, and the girl stands on the field.
D. hits the ball, and runs to first base.",3,3,1,1,5.476437655174262,0.14674767324959248,0.14681024710714446,17.02973836899855,1.537322998046875
210,"Using uneven bars: A gymnast is seen standing up on a set of uneven bars. The person
A. then spins around on the bars while a man watches on the side.
B. begins performing various gymnastics moves while moving her legs and arms.
C. springs off the side and ties their shoes.
D. then mounts the bars and begins flipping around.",0,1,0,0,16.066882009477816,0.1457396534997315,0.14608629258677977,18.25940001699928,1.5598678588867188
211,"Zumba: People dance in a studio while a trainer shows a sign. Then
A. , people continue dance on the floor and then the trainer show.
B. , people dance in an exercise room, then the trainer is in the auditorium.
C. , a group of little girls dance together while a trainer explains the moves.
D. , the trainer see the students, but he with a rucksack.",2,2,1,1,21.218914621647652,0.14601274574988565,0.14628472803328804,18.13821834699411,1.542144775390625
212,"Long jump: We see an image of a foot on a white bar and see a repeat in slow motion of the ladies jump. The land
A. is covered in snow and we see men jump on a snowy slope that leads to them lands in a snow pile.
B. back to shoulders hits the mat.
C. bends forward as we see her scores on the screen.
D. body falls to the table and the lady dismounts her dismount gently.",2,0,0,0,44.106938021106096,0.1496849327502332,0.1471743778060596,24.882512069000768,2.0643157958984375
213,"Using uneven bars: A gymnast is seen jumping up onto a set of uneven bars and swinging herself round and round. She
A. continues dancing around one set of bars while the camera captures her movements on the other side.
B. continues spinning around on the bars and ends with her jumping down with her arms up.
C. falls several times down the bar on which she completes her routine with a solo.
D. does various flips and tricks on the balance beam while the camera captures the whole powerful performance.",1,3,0,1,20.394858597206113,0.14641082075036138,0.1470060988000224,24.841649585005143,1.8263397216796875
214,"Making a cake: A cake chocolate is served on a dish. A person puts three eggs and sugar in bowl an mix. Then
A. the person mix it two eggs and three.
B. , the person measures flower and add to the dough.
C. , the person adds butter and water to make then melts.
D. , the person mix the ingredients in a bowl and make a pie, afterwards he cut two pieces and put on a cookie.",1,1,1,1,19.45501942388235,0.1460940985000434,0.14659721359866978,23.600138928991328,2.0691146850585938
215,"Sumo: Two children dressed as sumo wrestlers join two real wrestlers in a ring. They
A. draw blood there and then, they shake hands.
B. fight over the concrete in the center.
C. show the boys how to wrestle, as they try to push the large men around.
D. take the switches and dance around.",2,2,1,0,14.331375492826805,0.14631675350005935,0.14662721398265643,17.447396622005726,1.66180419921875
216,"Fun sliding down: Several clips are shown of children playing on a playground that include riding swings, climbing ropes, and sliding down slides. Several more clips
A. are then shown of children playing with other children as well as kissing them and receiving coats.
B. are shown of the children riding down the monkey bars while other people watch on the side.
C. are shown of kids interacting with a playground as well as looking to the camera and smiling and waving.
D. are shown of children throwing ping pong balls at one another while an adult retrieves the balls.",2,3,0,0,11.211086764757892,0.14565941350019784,0.1463916063263289,28.39704285600328,2.0433120727539062
217,"Baking cookies: The men begin piping cake mix into cupcake cups and put them in the oven. The guys high five each other. One guy
A. gives the lady a kiss on the head.
B. is talking, another is listening and then he takes the cake out and starts to share some of his own.
C. then leans in to grab a handful of frosting.
D. talks to the camera.",3,3,1,1,11.605121224061008,0.1452549037501285,0.14627829457406363,24.27810333599882,2.1132965087890625
218,"Volleyball: Two teams plays volley ball in an indoor gym surrounded by referees, marketing graphics and an audience in bleachers. Two teams
A. play indoor volley ball as marketing signs bordering the playing floor change suddenly and morph in more signs.
B. of young men run and shoot at a brown ball.
C. are playing hurling as three midnighters from the american team compete and raise flaming stick.
D. of players play lacrosse in an indoor gym with referees and employees and gray uniforms at an indoor basketball court and with a black screen and an elevated black screen.",0,3,0,0,101.0878870876036,0.14586225849984658,0.14709461515339312,28.384331297990684,2.368072509765625
219,"Assembling bicycle: A man is standing next to a bicycle on a pole. He moves two tires off a box. He
A. uses the gate on the bike to open it.
B. pushes the handle bars across the tires to tighten them into place.
C. grips a jack hammer and screws it on.
D. starts assembling the bike and putting the tires on the bike.",3,3,1,1,5.4467708282399805,0.14654144074984288,0.1477299821428525,21.26836326299872,1.6865997314453125
220,"River tubing: We see the title screen on black. A lady talks to the camera. We see cars and rafts. We
A. see a team of boys rafting and a star wars mural.
B. see the ending credits for the video.
C. see people sitting on the rafts in the lake.
D. see ground show and people loading buckets into rafts.",2,2,1,0,7.2800248558949106,0.14582820349983194,0.14678423662938964,21.573458652002046,1.7179336547851562
221,"Tai chi: She then puts her legs and hands out and begins to move like a ninja throughout the field. After she
A. aims herself to disorient or distract a person with shoe kicks, she does her best but her throw is blocked.
B. finishes she starts with the jump rope, then she starts to disconnect her jump ropes but instead of jumping even a single rope, she starts jump roping.
C. is finished, she walks around the field to her group to help them and claps to the crowd after a few times.
D. has moved left and right across the field, she then comes back to the middle of the field and stands still to complete her routine.",3,3,1,1,6.344502411789983,0.14529506099984246,0.14644347721207052,29.57698873198933,2.1821670532226562
222,"Playing squash: Another man appears swinging around a tennis racket. He bounces a tennis ball on the floor while the other man walks into frame. They
A. engage in a game of tennis.
B. continue to swing at each other.
C. are then shown hitting the ball back and fourth against the wall.
D. talk for a bit while walking around and preparing to play.",3,0,0,0,11.40684389841727,0.14631920850001734,0.14667774910969103,23.32032794600218,1.8302230834960938
223,"Horseback riding: First there is a screen shown for a small amount of time letting viewers know what this video is about. Then there
A. is the gymnast on the field that she smokes from a cigarette while she watches the others.
B. is a 2013 olympics paintball game that is shown in slow motion.
C. is a man riding different horses in different settings where people watch them.
D. is a large d logo with white numbers and black words behind the screen say "" your website "".",2,2,1,1,19.222922707653712,0.1457894157501869,0.14659048442455216,26.822854374995586,1.9927215576171875
224,"Playing congas: The man in white shirt is strumming the bongo drum. At the counter
A. , he handed a bottle to an elderly woman with a woman who threw it.
B. the little bald individual passed an old black bicycle.
C. the man is sitting behind the counter.
D. there was a small black pot boiling and filling the bowl.",2,2,1,1,13.410186889514781,0.14631895349998558,0.14679639825397403,19.08162199400067,1.661407470703125
225,"Surfing: Various people are seen wandering around a beach, followed by waves moving along the water and people sitting in the water. Several people
A. jump into the water and swim around as well as catch fish.
B. ride waves as well as dancing in the water.
C. are then seen paddling along the water, leads into people taking pictures followed by the people sitting in the water.
D. surfing the waves while people on the sidelines watch the athletes move.",3,2,0,0,30.53496850480137,0.14552470375019766,0.14681261911116653,25.68705668301027,2.1096649169921875
226,"Playing rubik cube: A man sets a timer on a table. He
A. moves two cups of tea.
B. then tries to solver a color block puzzle.
C. starts to spin around several times using a small leaf blower.
D. then starts dancing with other people.",1,3,0,0,51.89992998936504,0.1457128410002042,0.1460924229121012,13.877261849002025,1.393585205078125
227,"Playing rubik cube: A man sets a timer on a table. He then tries to solver a color block puzzle. He
A. once again attempts to solder the piece pieces together but it doesn't move.
B. finishes the puzzle in only slightly over 8 seconds.
C. bends low to try the smaller pieces.
D. tries to add some multicolored dots to the puzzle.",1,1,1,1,13.845940393810455,0.14582026375001078,0.14656335588028604,21.39527759000066,1.756103515625
228,"Skiing: A man is skiing very fast down a hillside and hops one for fun. He is now walking back up the mountain with difficulty. He
A. skiis and walks up various hills.
B. continues looking to see the follow the snow.
C. is walking very slowly to pick up speed.
D. is also skiing with extreme breaks as he tries to balance and push himself forward.",0,2,0,0,63.236711306932335,0.15095057750022534,0.14602570753614677,24.844069761001265,1.9802780151367188
229,"BMX: Several bicycle racers dressed in motocross suits and wearing helmets are lined up at the start line, waiting to race. The race begins, and all bikers race down a hill, toward a jump. The bikers
A. tip their bikes with "" g-d "".
B. climb, dismount, and advance, galloping and jumping.
C. jump off a hill, but one of the bikers, dressed in red and black, tumbles to the ground.
D. , wearing jump gear and helmets, race past each other, and again into a free fall, landing right on their heads.",2,2,1,1,5.710031139008577,0.14832665774997622,0.14658601523939932,38.55908457800433,2.7301254272460938
230,"Horseback riding: A girl is shown riding a horse while three others hold onto the horse and help. These people help various people on and off the horses. The people
A. continue to help the girl as best they can by riding and riding the horses.
B. ride in and out of the camera frame as they ride their horses.
C. also walk through obstacle courses with the horses and keep one hand on at all times.
D. trick the horse with their hands and help it jump across obstacles with people on this side of the camera.",2,1,0,0,20.962584757633273,0.1476247255002363,0.14663453845098637,30.503944746002162,2.2379531860351562
231,"Raking leaves: The credits of the video is shown. A man rakes brown leaves in a lawn. The man puts the leaves in a trashcan. The man
A. then rakes in blades.
B. flips the leaves and dumps them into a bucket.
C. stops and moves the trashcan.
D. rakes red and white leaves.",2,2,1,1,8.840129612925471,0.14518258599991896,0.14633137596911744,24.286413250996702,1.8770675659179688
232,"Playing badminton: The game of bad-mitten continues as the first player missed again and again. People walk in front of the camera. The camera shows the other two players. The game
A. continues between two men who missed their first home run.
B. resumes and it shows that the goalie is unable to shoot the ball.
C. of bad-mitten continues as all the players step up and down and throw the ball.
D. goes on for a while longer before it ends.",3,2,0,1,8.588811594119543,0.14641436549982245,0.1463606352244114,30.58958768300363,2.2458572387695312
233,"Fun sliding down: A large slide is shown with dozens of children climbing up and going down. Children
A. are then seen doing a trick on the slide and climbing up after them.
B. hide under slides and dig for purchase.
C. are seen holding tricks and waving to the camera as well as smiling and other kids.
D. run up and down the side and continue to ride down the slide.",3,3,1,1,10.85127280660979,0.14477853624998716,0.14573351903081858,19.524471619006363,1.656951904296875
234,"Walking the dog: A man puts dog treats into another man's hand. The man
A. breaks a nail and puts dog treats all around the dog.
B. dumps water from a black canvas onto his dog and cuts the hair off, leaving the dog still.
C. is walking a dog down the sidewalk.
D. continues to talk to the camera while standing next to a black dog and the little girl is walking around and playing.",2,2,1,1,7.0211306986576805,0.1469021157502084,0.14658701078736866,19.204158832996654,1.7554168701171875
235,"Shoveling snow: There's man standing on his deck that is covered with snow. He
A. is holding a shovel and is in his driveway being shoveled.
B. is getting ready to get into his hot tub on his deck.
C. drinks some beer and then out of nowhere starts to explain.
D. starts to show how to stack the snow and places it in a bucket.",1,1,1,1,8.647352694889149,0.14573576850011705,0.1465724835920628,18.904503523008316,1.581329345703125
236,"Shoveling snow: He walks bare foot through the snow to get into his hot tub. He begins to shovel the snow off the deck to make it easier for him to walk. He
A. clears the snow from the deck to create a pathway to the hot tub.
B. takes off all of his snow gear and gets in, the water is very cold and he is wet and cold.
C. uses his hands to progress through the snow.
D. eventually gets into the tub adding shaving cream and shaving it with a razor and barber to black the croquet stick from the kitchen window.",0,0,1,0,5.477221670435382,0.1473444880000443,0.1464825270090186,33.10849894800231,2.5070037841796875
237,"Baking cookies: A woman is shown talking in her kitchen. She
A. shows a tube of baking powder and show how it was measured.
B. fills a bowl with butter, flour and sugar, and adds eggs.
C. pans the refrigerator and door.
D. demonstrates how to repair a pipe while standing on it.",1,1,1,1,7.272741248006915,0.1470501185001467,0.14680126294791762,14.681121717000678,1.39697265625
238,"Assembling bicycle: Then she shows how to adjust the saddle by moving it back and forth. She later demonstrates how to remove the saddle off. She
A. then rides all along the trail with the top of the saddle up.
B. uses a brush to remove the saddle.
C. kneels in front of the horse to shows how it moves.
D. puts the new one on and then uses tools to tighten it back on.",3,3,1,0,10.277469884907068,0.14891471050009386,0.14636385814448483,24.892059293984858,1.9045791625976562
239,"Skateboarding: One of the men in purple rides through a skate board park wearing the padded suit. Another man in grey shirt
A. rides past the blue man riding the bike.
B. rides on a skateboard and falls on the ground causing the motionless rider to fall off.
C. is wearing a padded suit inside a skate park.
D. rides a skateboard on the half pipe ramp and does tricks.",3,3,1,0,8.602806507822846,0.14621036350013128,0.14622830870467202,22.372859450996657,1.8805465698242188
240,"Applying sunscreen: A woman is kneeling on the sandy beach. She is helping a baby with suntan lotion. She
A. paints the skin of the baby with a yellow suntan lotion.
B. is bending over in front of the baby being bathed with the lotion.
C. rubs the lotion on the baby's skin.
D. is now shown doing other tasks.",2,2,1,1,3.8940500813279755,0.14700555050012554,0.14583840921166843,20.567884263999076,1.72845458984375
241,"Playing drums: A young boy is seated in front of a drum set. He
A. is playing the drums with batons.
B. is playing the drums with his hands, hitting the drums with his arms.
C. is pulling at a string as he plays.
D. is rapidly playing the drums in front of him.",3,1,0,0,8.903158536945218,0.1456076284998744,0.14594757326464483,15.469082986993271,1.4756088256835938
242,"Longboarding: A man is seen talking with a camera very close to his face. Another man with a helmet on
A. ones sitting on an exercise bike walks in and seems to be talking without a helmet.
B. approaches and the man bounces a tennis ball against the arm of another man.
C. is standing near by.
D. tries to solve a rubik cube.",2,2,1,1,10.147029384494743,0.1463761185000294,0.14634409495521317,20.195613197998682,1.7486648559570312
243,"Skateboarding: He kicks to build up some speed and does some cool tricks . He gets off and then jumps back on the board and does more tricks all around. He
A. slams and then gets off on the next one doing a flip.
B. jumps up on a rail and then gets back down and sits on the board and waves.
C. addresses the crowd again and interviews some more people.
D. has a few tricks with computers, fettubers, or whatever he has going on.",1,1,1,0,12.621277963229447,0.14473112375003439,0.14650493323354333,29.44039634200817,2.186309814453125
244,"Wrapping presents: Two women are in a room standing behind a table and one holds up a teddy bear. The two the help each other
A. putting on socks and their shoes.
B. zip lay the teddy bear down and the woman strap the bear on the tree branch.
C. , and begin by taking out a roll of wrapping paper.
D. put on the teddy bear while walking around.",2,3,0,0,27.66363336281646,0.14505269849973956,0.14599261384905987,23.79303639599948,1.9808349609375
245,"Tango: . A man dressed in a black suit and woman dressed in a black dress
A. stand outside of a building shaped like a commingink has they are in the roof of a house with several other people as they, along with several others, walk at various places at random locations around the roof of the house and the surrounding house, like swimmers swimming in a large splash pool behind them, going down a wide, rocky, pebble-lined spiral bridge, jumping a board, and gliding, tongues curling, along the way down steep, stone, walls, roofs and towards the water of a separate, rocky river.
B. begin playing a game of pool.
C. are standing in a ballroom performing an hip hop dance.
D. are dancing together to latino music.",3,3,1,1,18.124442985382167,0.14561417849949976,0.14655169204435403,30.33245019900187,4.3640899658203125
246,"Using the pommel horse: A stadium is seen from above with a large audience. Gymnasts compete in an event and do stationary platform routine with hand grips. The medalists of the competition
A. are referees, an air ace, and a female gynaprotor.
B. receive their awards and stand together waving.
C. announced in a news break.
D. are shown high in the air.",1,1,1,0,19.842341360363367,0.1471493707499576,0.1462448284248588,28.81384936899758,2.2255935668945312
247,"Scuba diving: Scuba divers gather on a boat as a man speaks. We see several fish and a shark. The scuba divers
A. swim behind the boat.
B. row the boat as the man speaks.
C. push a large piece of equipment into a shark hole on the boat.
D. dive, looking at the fish and waving at the camera.",3,3,1,0,7.866828103290549,0.14705693574978795,0.14674276327200553,22.159413943983964,1.8063507080078125
248,"Hitting a pinata: A little girl/toddler in a lime green hair bow and tutu stands outside under a tree and hits a pinata with a stick. The pinata
A. is being moved around as she kicks them with the stick.
B. flings around, and the girl hits the pinata again.
C. falls to the ground as the girl hits it with the stick twice and sits down and arguing while another girl watches.
D. breaks in two and the toddler slides down onto it and sticks her tongue out, then grabs another stick and tries to hit a pinata.",1,3,0,1,12.31260980654568,0.14749108800015165,0.14685470826787292,33.48541900400414,2.5434036254882812
249,"Preparing salad: He shows dressing being poured onto a cabbage salad. He explains how to cut a melon, creating slices that go into his salad. Then he
A. pours a bowl onto the salad before pulling it apart.
B. cuts up green garlic with a ravioli chile and puts them in salad dressing, after he adds peanut butter and put it on top.
C. tops off the entire salad dressing with some chopped ham and dressing to create a good curry style curry.
D. shreds a carrot, and moves the salad into a bowl before drizzling it with dressing.",3,3,1,0,9.017742384661835,0.1455567534999318,0.14692128009845887,30.407246873986878,2.3654022216796875
250,"Polishing forniture: A furniture renovation company advertises their services by showing several homes and tools they have worked on and use and what type of work they do. A man in an apron carefully puts a colored substance on a plate. The man
A. mixes two of the different colored substances with a paint brush.
B. lifts the leg of a chair chair up like a trophy.
C. uses an onion and some unfinished brown stuff to mix the substance.
D. then places a white cloth over the cloth.",0,0,1,0,12.855463493434433,0.14799876574988957,0.14675226587186152,36.10604340399004,2.437469482421875
251,"Elliptical trainer: We see the black title screen. We see a lady and a man working on a machine. We
A. see the people standing and talking about the product with shots of the machine.
B. see the man's wheels turn in the tire and the man moves out of the way.
C. see the dog run around trying to pass the object.
D. are shown the machine as the mans and the lady laugh.",0,0,1,0,19.85996018726548,0.1455869432502368,0.14697411398685145,22.92241309900237,1.838531494140625
252,"Playing ice hockey: A man in a red hockey helmet and with a long curling mustache is seen in a still shot standing next to a woman while leaning on a glass barrier in front of a hockey skate rink. The man
A. holding the hockey stick and skating in various turns to push the balls away with the knob of the hockey ball and hockey ball between the two and poles and side pushing them away from the rink to give the woman control of the game.
B. records the sped of the skate skate as he is holding a blue puck and is going backwards on the rink towards the woman in the hockey skates.
C. stands still and the woman begins playing him using the curling stick as she picks him up and tosses him the ball while the man stands on the skate skate rink with her doing somersaults in the air.
D. is then shown entering a live hockey game and playing hockey with a floor filled with other players.",3,3,1,1,34.56437244312722,0.1461756435001007,0.14681746216558134,48.44719523997992,3.3676300048828125
253,"Calf roping: A man is seen sitting on a horse and riding into a pit swinging a rope. The man
A. make several poses and ends with a person holding a calf and another throwing the calf.
B. spins around on the horse while others watch on the side.
C. ropes a calf and throws him over all another several times.
D. throws the rope onto a calf and jumps off the horse.",3,3,1,1,4.065226484867933,0.146315868500551,0.14611288630334582,21.771631987987348,1.7698440551757812
254,"Playing water polo: A team of swimmers are huddled in. The team gets in the pool. Two teams
A. play water polo against each other.
B. heat up for a game.
C. scores a goal in a competition.
D. play curling in a gym.",0,0,1,1,4.410402602719786,0.14680559575026564,0.1467296982348236,17.461137680005777,1.453216552734375
255,"Removing curlers: She takes sections of the model's hair one at time and puts it into the curling iron and then releases it gradually to pull out the curls. She
A. continues the process till the entire head of hair is curled with the iron.
B. places the curling iron into the machine and comes back to the model.
C. picks up the curling iron and begins to dry off the model's hair.
D. uses the curling iron to set up a pretty tail section of the hairstyle, which she then shows to us as the models bottles and oil and combs it.",0,0,1,1,6.204995363760387,0.14544673850014078,0.14705394416274895,32.19838494899159,2.5868911743164062
256,"Powerbocking: He walks over to the side of the road. He then lifts his feet up and down as if in preparation of running. The video
A. continues to show his long strides as he also runs flat out.
B. ends as the person recording tilts the camera and covers the lens.
C. then shows the man playing the saxophone very enthusiastically.
D. ends with the closing words your name shown on the screen.",1,2,0,0,21.13690313355163,0.1466263710003659,0.14651804685634007,26.080645637004636,1.9390487670898438
257,"Bathing dog: A lady sits in the shower washing a fluffy dog. The lady
A. lays on a towel as the dog paws her face.
B. gets a razor from the drawer and she begins to shave the dog.
C. leans over the dog and washes his front paw on the left.
D. rinses the big dog with water and uses its body as a soap dispenser.",2,3,0,0,11.48246120123123,0.1461349387500377,0.1468924770751073,18.211637004013028,1.5437850952148438
258,"Camel ride: A man is seen sitting on a camel followed by getting off and another man climbing on. The man then leads the other around on the camel. The man
A. stops the camel and gets the other person off while climbing back on.
B. rides the camel around to the other side and ends by riding off the camel.
C. continues swinging the rope as the people cheer and ride the camel.
D. continues riding around on the camel as well as people walking past.",0,0,1,1,9.372735770319641,0.14685032099987438,0.14690351093226658,28.79287538299468,2.0690765380859375
259,"Hand washing clothes: Women sit outside in small chairs and hand wash clothes in plastic tubs. The lady
A. scrubs a garment on a wooden board.
B. holds a small black hand towel as it dries the clothes in the bathtub.
C. in the pictures is talking as other part of the family is in the house and manipulating the camera to capture her movements.
D. raises her arm in the air and moves her fingers in the air.",0,3,0,1,22.710414790844414,0.14566296624980168,0.14662401259438348,21.549885665996044,1.9032363891601562
260,"Hand car wash: More clips of the young man talking solo and replays of the cleaning loops as words below the man show up and read ""masterlube hand car wash 750 broadwater ave (406) 294-5530. Flags
A. are show again and it fades to a black screen with a logo and the words masterlube.
B. are waved at a car down a driveway.
C. are raised at the cleaners office and a clean room with all dark shades is shown with the doors open.
D. graphic up screen with "" crocket first stream 2010-2009 lease "".",0,0,1,0,13.956398518668896,0.1465790384995671,0.147217432403007,39.304500875989106,2.7398910522460938
261,"Smoking hookah: A boy is sitting at a wooden table in a cafe. He lights a hookah, then pulls a drag on the smoke. He
A. blows on the smoking contents of the hookah, rocking back and forth.
B. sits back, blowing smoke out of his mouth.
C. kicks his legs around in the light smoke.
D. smiles as he takes a long puff.",1,1,1,1,5.036271109002545,0.14575396099962745,0.1464987136023958,24.901802301996213,1.9702682495117188
262,"BMX: An indoor bmx bike race happens. After the start
A. the people go up a ramp in the track with the man in the red jacket.
B. , several people are shown riding out on it in the background.
C. , everyone goes around the track as quick as possible.
D. the spectators sweep past the track and the gates.",2,2,1,1,15.922300691360185,0.1476280882498031,0.14712700744659513,15.74459411999851,1.4883804321289062
263,"Playing piano: A woman is playing a classical song on the piano in a black and white film. She begins to speed up the pace of the music she is playing. The camera
A. angle changes to black and white and she continues to play, mid song.
B. shows her playing the piano from overhead.
C. starts zooming in on her eyes doing various tricks in the process as she continues to continue to play.
D. is pointed backwards towards where she is playing.",1,1,1,1,9.526228592805749,0.1461730159999206,0.14712944336277858,28.98067463301595,2.2446365356445312
264,"Mowing the lawn: A young boy is wearing a bandana and mowing a large yard. He
A. is unrelieved by the weeds and is barely smiling.
B. walks away from the camera as he pushes the mower.
C. moves and walks the mower but gets stuck because he is engaged in a game of ping pong with another boy.
D. seems to be doing a whole lot of things and talks to the camera from behind a white fence.",1,1,1,1,6.570470781881056,0.14544415100044716,0.14729584542758953,21.93967419100227,1.8409500122070312
265,"Shot put: A woman bends forward extending her left left arm on front and raising her leg up while having the right hand over her shoulder. Then
A. , the woman turn her left arm to facing her body and moving her left hand while she is facing the wall.
B. , the woman turns to the left and throw a ball and spin her body.
C. , the woman takes the upper part of the arm on her shoulder and bend it down to enclose her lower arm evenly to the knees, bend her left arm covetously to the front and then proceeds to extend her left arm up to the wrist backward half an ounce and raise both arms parallel as she bends her right arm control.
D. , the woman straddle the leg of the person tied to her left arm, while other women stand around her and watch and applaud.",1,0,0,1,19.458396842550297,0.14910424049958237,0.14696134933887783,36.6019475500234,3.4151611328125
266,"Trimming branches or hedges: A bench is shown in a backyard in front of bushes. A man is using a ladder to trim the hedges. He
A. continues trimming the bushes in the yard.
B. puttapes and adds sweet head fruit to the top of the hedge.
C. strikes a match and begins trimming them.
D. moves the bench, and walks around with the ladder, continuing to trim hedges.",3,0,0,0,16.453152211193498,0.14622142600046573,0.1471942260232771,25.75509835398225,2.0344085693359375
267,"Futsal: The player scores and celebrate with a teammate. Other teams plays soccer, a player with white uniform receives a ball and score. Two teams
A. score three times, one team scores 8 time.
B. compete with another team.
C. play soccer, and the player with the yellow uniform scores.
D. play soccer from different cleats.",2,2,1,0,4.799114716387527,0.1464436307496726,0.14714584883227108,23.39338109200071,1.8314895629882812
268,"Doing crunches: The video starts with a title logo sequence. A man and woman are in a living room demonstrating exercises. The woman lays on the ground. The man
A. attempts to lift the woman on his back and she does not rise.
B. starts pointing to different areas of the woman's body as she does an exercise.
C. stands her up and does a dance routine with her.
D. bends the woman down and lifts her.",1,1,1,0,7.137143386563914,0.1462286885002868,0.14726325638127508,27.239564159011934,2.0310516357421875
269,"Putting on makeup: A woman is seen speaking to the camera while holding up various objects. The puts tape on he eye and begins putting eyeliner above her eye. She
A. then puts lipstick on very far and begins putting mascara on and showing off her eye color.
B. puts eyeliner on looked at a mirror next to her.
C. takes her eye out of the person's eye while still looking to the camera and smiling.
D. continues putting the makeup on while speaking to the camera and takes off the tape in the end.",3,3,1,1,6.29358466840579,0.14613832324948817,0.1469073724221296,29.81912040500174,2.1382827758789062
270,"Playing kickball: A group of boys line up in a baseball field then run to chase the ball. A woman
A. stands by watching and blows away the ball.
B. rolls a kick ball on the field.
C. attempts to hit the ball.
D. walks into the batter's field followed by other people.",1,2,0,0,16.000231687620285,0.146226638499229,0.1480645346638666,18.64877978298864,1.5585403442382812
271,"Making a cake: Several shots of food are shown on tables as well as racks and the chef continues to speak to the staff behind. The man
A. then cuts up a very spicy looking piece of meat on a plate and places it into a pan and sautes it up.
B. speaks to the camera once again and continues to demonstrate how to clean a sink.
C. hands the staff objects as well as cutting up vegetables and places them into a large set of pan pans.
D. walks out front and speaks with the customers that are coming in and finished by speaking to the camera.",3,1,0,0,20.851235078194527,0.14634766599965587,0.146892473577366,29.08253053800763,2.1632461547851562
272,"Cleaning sink: The person sprays some white cleaning powder in the sink and then sprays some clorox bleach on it. Then takes a pink scrub and begins scrubbing the sink in back and forth motion. The person
A. holds the soapy wash extend in place and scrub the sink for a few minutes.
B. then picks up a mouth wipe cleaner gun and rubs it kisses to ensure it is clean.
C. makes sure that all the sides of the sink are cleaned, including the drain.
D. grabs a skillet that has several pink covered mortars, and begins scrubbing all the surface of the sink using his hands.",2,2,1,1,5.276400862289532,0.1457303107495136,0.1475888023202283,37.922888230015815,2.6525115966796875
273,"Getting a tattoo: A man makes tattoos on the back head and neck of a person. Then, the man cleans the head and neck with a white tissue. After
A. , the two men do a very elongated bowl on front a counter, then shave and clean the back and sides of the head.
B. , the man and a girl puts lice base on the person's head.
C. , the man wraps the man in tissue paper to help him stand.
D. , the man continues making the tattoo on the side of the head while cleaning the paint.",3,3,1,0,17.702521493183095,0.14799738349984182,0.1473359952414119,30.50119656800598,2.3497161865234375
274,"Elliptical trainer: . A woman wearing light blue tank top and black shorts
A. is using an elliptical trimmer on the classroom floor near a large black mat and parallel bars on the floor.
B. is exercising on an elliptical.
C. is sitting in a seat and skis.
D. is standing on a roof wearing a blue automatic attack machine.",1,1,1,1,3.7801902887525003,0.1485446804995263,0.14685037349546612,16.894570179994844,1.7469100952148438
275,"Getting a tattoo: He shows how he shaves the client's arm with a razor and rubs some alcohol on it to prep the skin. Then he
A. recreates how he shaves down his arm using a long facial brush _start_iron.
B. places a stencil on the client's arm to lay down the outline of the tattoo.
C. washes the skin with a spray bottle and begins to shave the individual's legs.
D. cuts the client's trimmer neatly making certain not to pierce the client's hair with the trimmer.",1,1,1,1,4.324712433826984,0.14715214850002667,0.1470722407845292,29.267695546983305,2.1502456665039062
276,"Brushing teeth: A woman smiles at the camera. The woman rinses a toothbrush under water. The woman
A. brushes another woman's teeth.
B. dries another toothbrush with a dark towel.
C. applies toothpaste to the toothbrush.
D. plays with her hair.",2,2,1,1,2.325291854238931,0.1466527457500888,0.14745124274362068,17.838406384003974,1.5509262084960938
277,"River tubing: Three men are seen walking in slow motion while another girl walks into frame and the group grab tubes from a pile. The people
A. continue bungee jumping off ropes and ends with one man standing and running.
B. speak to the camera and are then seen sitting in the tubes and floating down a river.
C. continue to walk around the yard and others encouraging one another to high five.
D. then begin spinning around and walking down the path holding tubes and participating in a game of tug of war.",1,1,1,1,5.585776804142876,0.15079707250015417,0.147525575168555,26.862740670003404,2.0098037719726562
278,"Skiing: A large mountain covered in snow with scarce trees is visible. Someone
A. begins skiing and then a man in an orange snow suit begins talking.
B. starts some humes and begins going down the hill on the path.
C. is shoveling from a parking lot in front of his building.
D. is rappelling up a side of a mountain into a pit.",0,0,1,0,32.41317740104239,0.14667994100000215,0.14693580282368537,18.07208030001857,1.4991912841796875
279,"Playing ice hockey: A black screen appears and it has a lot of white words on it that include the name, height, weight, years games, points phone number and email for player #23. Various clips
A. of different hockey games play and occassionaly a yellow arrow will appear pointing out the #23 player in each different hockey game clip.
B. of different players are playing and they all are connected with brooms and and pushing a white button to call these players.
C. are shown of people building a xtreme shape by putting a band on top one another.
D. are on the screen and real time shots of games are shown ranging from successful surgery from successful surgery then they show the women playing soccer.",0,0,1,1,15.627352263608367,0.14629149849952228,0.14683959063217694,38.91029914899627,2.682952880859375
280,"Playing pool: A girl wearing a white coat with hood is next to man and a woman on side of a pool table. Then
A. , the girl walks and takes off the coat, then she takes a cue stick and bend on front two men.
B. , a lot of people are watching and the sumos net the ball, but the people avoided and entered on side.
C. , woman and a man put gold into a triangle together, followed by the two in another field and woman on side of the pool.
D. the two appear in a room which is dark, they are dancing a bit and the two of them are spinning the items and hitting the shot and doing other things while the girl is behind them.",0,3,0,1,30.267750763837046,0.14599933850013258,0.14673092284979483,31.83768392100683,2.4829864501953125
281,"Polishing shoes: A boy is smiling up at the man whose shoe he is shining. The man
A. then hills the kid with the cleaning solution.
B. is holding a hose with a blue platform attached to it.
C. is brushing the walks with the boy that is kneel down talking.
D. is looking down at the boy.",3,3,1,1,2.5264266025521427,0.14681243599989102,0.1470051665848001,17.933859401005975,1.5771408081054688
282,"Playing saxophone: A man in a gorilla suit is playing a saxophone in the middle of a store. The employees
A. look on and laugh at the person playing and use their phones to take pictures.
B. stand in front of him dressed in their best.
C. in the store is seated at a table.
D. are in the store as he play the keyboard as the owner is supervising him.",0,0,1,0,12.439080811094332,0.14637673350034675,0.14673166159464263,22.301792850008496,1.8057708740234375
283,"Shot put: Davis storl sits and is featured on the screen. He then throws the ball and the man rushes to measure the distance. He
A. picks up the ball and throws until it breaks.
B. is shown standing with his team and an instant replay of the throw is shown.
C. then directs his move from now on by whipping his leg out and running in place.
D. then runs over and climbs on a set of rails and jumps off to make a perfect shot.",1,1,1,0,12.23336186484826,0.14571560850072274,0.14721064635052933,26.197514898994996,1.999114990234375
284,"Using parallel bars: A man is doing gymnastics in a living room. He
A. goes up and down on uneven bars as he goes.
B. swings up and down on a padded bar.
C. somersaults and flips around the bars.
D. is doing hand stands on a couple of bars on the ground.",3,3,1,0,7.771036459656348,0.14624646099991878,0.14644713288344594,15.669040530994607,1.4120864868164062
285,"Making a lemonade: The host begins to make the drink by starting a syrup. Next lemons are sliced on a cutting board. The many lemons
A. are mixed together and mixed into the glass with bread served over it.
B. are raw and then chopped up.
C. are juiced one by one.
D. are added in a glass glass to make the drink cocktail.",2,2,1,1,4.401589473003992,0.1466363682498013,0.14705601561254297,24.115507971006082,1.9050064086914062
286,"Drinking coffee: A dog is dressed in clothes and a human is behind him only showing his hands. As to look like the dog is part human and doing human like stuff. He
A. 's show, walking through the house and looks like he's sleeping on a couch or outside.
B. 's holding a jack of lantern as.
C. is feeding himself breakfast and then wipes his face.
D. is vacuuming around the furniture outside.",2,2,1,1,26.644355416348716,0.1468996182502451,0.146872039099573,28.640157941019424,2.2831802368164062
287,"Futsal: The game continues and two men knock each other down before the red team scores a goal and a replay is shown. The yellow team
A. tries to score and is blocked multiple times before finally scoring and a replay of this goal is shown twice.
B. scores and the red team scores a goal, the white team scores and a replay appears after the clip.
C. takes a big hit as them both laugh and hug each other.
D. scores a goal and the green team scores a 3 and exits the game.",0,0,1,0,8.903680713062117,0.14623039349953615,0.14734620094128467,28.13866115001838,2.089141845703125
288,"Making a sandwich: Several food items and dishes are laid out on a table. Meat product and other items are used to create a sandwich. Then a bento shaper
A. is put into a skillet on the stove.
B. is used to create an image in the sandwich.
C. is put together and put into the oven.
D. depositions and improvement of the sandwich.",1,1,1,1,4.2158218854689515,0.14686714625031527,0.1476458022023594,25.391963354997642,1.8746795654296875
289,"Table soccer: A close up of a fooseball table is shown with a group of children and an adult playing. The kids
A. continue to play with one another as the adults control the game.
B. move the poles all around while laughing with one another.
C. continue rolling the ball around and hitting one another.
D. hit the pinata as one throws it to the sides.",1,0,0,0,41.733451225917086,0.1469230607508507,0.14727375220542716,22.08966006499577,1.7290191650390625
290,"Hurling: There's are some young athletes standing in an open field talking about hurling as some players play the game. There are two teams participating in hurling. The players
A. are throwing the balls from one team to the other one man.
B. are warming up for the game as different contestants talk about the techniques used in hurling.
C. are dressed in the green uniform that allows for competition.
D. are playing with only one arm.",1,1,1,0,14.603133446388544,0.14820197075005126,0.14760330348187045,29.080245455001204,2.2050628662109375
291,"Disc dog: A woman is seen kneeling in the grass and playing with a dog. The woman lays down with the dog on top and leads into her performing tricks. Another woman
A. sits on a horse and throws a ball down on it.
B. is performing tricks with her dog that is shown in several shots.
C. is seen guiding the dog and leads into a vet performing cat followed by her walking away.
D. sits on a camel and leads in spinning around and a man rides behind.",1,1,1,1,11.38256336782122,0.14545869349967688,0.14729052299477077,29.156196234984236,2.1372528076171875
292,"Making a lemonade: A woman is standing in a kitchen. She puts strawberries in to a glass. She adds juice to it. She
A. also adds gin and e-coli to the glass.
B. continues pouring it into her glass.
C. stirs it up and squeezes it around.
D. then drinks the mixture.",3,3,1,1,17.827841864196277,0.1473585032495066,0.14782204803551324,21.432342786005393,1.7253952026367188
293,"Fun sliding down: A child is seen standing at the bottom of a large slide. Two people afterwards are seen coming down the slide. The adult
A. uses a guide to guide them.
B. pushes the child down the slide.
C. is seen speaking to the child who pulls him down the slide and another push her down later.
D. looks over at the child smiling.",3,1,0,0,19.176134812055768,0.14566768850045264,0.14714271756580083,22.948363824003536,1.9823226928710938
294,"Hand washing clothes: The woman then wrings out the clothing item then sticks it into the smaller bucket and now the video is in a sepia tone color as she washes more clothing items, wrings them out and puts them into the smaller bucket until she has done all pieces of clothing includes the largest fabric they were all wrapped in. The woman
A. is now standing under a clothes line and is hanging her largest piece of fabric followed by smaller pieces of fabric that she has washed.
B. then vacuums them all and shows off the small gift she had brought.
C. then speaks to a man in a lit rest room and both children are seen riding around on golf carts while the woman speaks with people and ends with the man holding a baby in his lap and both of them walking away.
D. puts the clothes into a large white room on a pole, then belly dances into the small area, quickly performs various hand movements and turns and wipes the body with the fabric as she continues to perform other hand movements and dances quickly to the side.",0,0,1,0,11.235364696744607,0.14560736850035028,0.14706396249145684,61.02571805799016,4.101676940917969
295,"Snatch: A man is standing over a barbell in n gym. The man
A. grabs the barbell and turns it around a few times.
B. then lifts the large barbell over his head.
C. drops the barbell on the ground.
D. grabs and pulls on the barbell.",1,2,0,0,9.353233488523072,0.14720963549962107,0.1471105759607121,15.594117289991118,1.4163360595703125
296,"Disc dog: A man and a dog walk onto a field. A man throws a frisbee and the dog chases after it. The dog
A. brings the frisbee back to the man.
B. catches and then runs away.
C. catches the frisbee and runs to fetch.
D. gets the frisbee and chases after the man.",0,0,1,1,2.071339351138326,0.1465149382497657,0.14734247342863904,23.276800661009474,1.813873291015625
297,"Shaving legs: The man then sits down and sprays his leg with shaving cream and rubs it on his leg. The man
A. then shaves his calf with a razor as another person holds a camera and films it.
B. speaks to the camera again and places several items on the toilet paper dispenser and wipes his leg.
C. continues shaving his leg and ends by hanning his leg off.
D. continues to put the shaving cream all over his leg while cleaning the leg with a robe, and eventually leaving the bathroom.",0,0,1,1,10.403533017102882,0.14691410600016752,0.1468609719776181,26.728909436016693,2.0596847534179688
298,"Shaving legs: Two young men are sitting inside a garage. One is applying wax to the other boy's leg. They
A. scrape the wax onto the soles of the shoes.
B. begin to do several wearing within black a small metal box.
C. rip off the wax, removing the hair from his leg.
D. get up and walk out, leaving the boy to sink his teeth into a seal.",2,2,1,1,9.21756834059954,0.1460776084995814,0.14673255362157686,22.300728369991702,1.8002853393554688
299,"Baton twirling: A woman walks out on stage while another walks in and out of frame. The girl
A. holds a pose and begins performing a dancing routine with a baton.
B. lifts a shoe up in the air and twirls the shoe around.
C. twirls with her baton and keeps dancing.
D. wrestles with another woman as the girl attacks several others.",0,2,0,0,18.343990122331075,0.1469527184999606,0.14737968315448063,20.631447783009207,1.6698226928710938
300,"Getting a piercing: A young man with a marked dot for ear piercing is laying on a medical table. Another young man
A. is dressed in surgical scrubs adjacent to the young man.
B. shows a large ear piercing tool to the camera.
C. wearing a black shirt is standing behind him next to a black table with white towels placed throughout it.
D. has inflated the person's ear lobe and is holding his ear drums.",1,2,0,0,26.03892622250569,0.1470415485000558,0.1475408455101711,22.571752175015718,1.8831253051757812
301,"Swimming: The toddler finally swims to the stairs where a woman is waiting for her, she stands up, the woman tries to give her a high five but the toddler rather be held for comfort. Black screens
A. appear and they show the toddler's height, that's.
B. appear with white words on them that say "" click the' like' button hit' subscribe' "", "" facebook dot com/jakemace dot taichi "", and "" instagram@jakemacetaichi "".
C. appear showing word id and are use to show the rest of the video.
D. appear with text on different areas of the screen, three of them are illustrated with cursive "" service2 curvies "", the divider on top of the screen read fencers "" + broom-k "" and there are words on adhesive screens.",1,0,0,0,42.516329044356645,0.14602184375053184,0.1476629331702291,42.225034529006734,3.3060379028320312
302,"Hitting a pinata: Little girl is in backyard holding a pole and hiting a pinata. Womena re in a table behind the litle girl waching her. Man
A. is standing next to a house in front of the pinata.
B. picks her up and throws the boy on the floor on him own.
C. is standing instruction the little girl to catch the scared pinata.
D. is standing on the ground watching anorex, hiing her with the pole.",0,0,1,1,6.4672809077645725,0.14609090125031798,0.14785965732991826,30.156295070984925,2.1794891357421875
303,"Rock-paper-scissors: Several people are laid out on the beach and a boy walks over and gives a girl a frisbee. As the young lady
A. hands the dog to another boy he holds onto the frisbee and begins to spin around in circles.
B. looks at the dog, he captures her face with his frisbee and kisses it while it rewinds.
C. takes the frisbee, she swings it around her colored and the little girl runs after it.
D. holds the frisbee, she begins talking to her friend about the game and the guy holds a can in his hand.",3,0,0,0,10.116883006473836,0.14809762350023448,0.14754849126922392,31.28247667799951,2.215484619140625
304,"Playing bagpipes: A crowded train is shown from the inside. A man is talking to someone else as the car begins to rock. A woman
A. is seen getting down from the carriage.
B. tries to stand and falls after she gets out.
C. on a unicycle starts sitting in the car.
D. gets up and walks away.",3,3,1,1,6.9431207401588475,0.14613166599974647,0.14786242580142753,22.172440831007407,1.7142562866210938
305,"Table soccer: The men continue to play another round and taller man finally wins again and he wins the whole game and moves his white peg once more. They
A. both back away from the table and we see a bigger view of the game area.
B. continue to play and the man but then seeks a different white peg the end.
C. are having a very good time and again the taller man wins red four, and the shorter man waves to the camera while showing ping pong balls.
D. are the only two left playing.",0,3,0,0,14.567826201088302,0.14865782800006855,0.14744610850787482,28.461945819988614,2.36138916015625
306,"Cleaning shoes: A woman shows how to get odor out of shoes. She pours baking soda in the shoes. Then she
A. puts oil in the shoe and she lifts it.
B. pours the baking soda back out.
C. boils powdered water and pours the baking soda into the shoes.
D. puts damaged shoe sole onto the floor.",1,1,1,1,6.379749777775491,0.14768001800030106,0.14833741396121117,19.726246472997445,1.6350860595703125
307,"Playing rubik cube: A man is sitting in front of a desk. He picks up a rubiks cube and starts completing it. He
A. moves the cube to a different location.
B. lays on his back and begins to solve the puzzle.
C. sets it down and the timer on the clock ticks away.
D. finishes and sets the rubiks cube on the desk in front of him.",3,3,1,0,3.886723985327364,0.1472448509998685,0.14777338341554677,23.34608044999368,1.8386306762695312
308,"Grooming dog: A lady pets a white and black dog. The lady
A. cuts a large patch of fur on a large black and white and ties the dog up.
B. talks to the dog and cleans the dusty white's claws.
C. runs a clipper through the dog's fur.
D. picks up a white rock and throws it to the dog.",2,2,1,1,8.731590092513722,0.14553816900024685,0.1476016437321245,17.11353677399893,1.58544921875
309,"Hanging wallpaper: A man behind her is arranging other wall paper rolls. The woman then stands in front of a finished wall and talks. Wall paper
A. is then installed on a different wall.
B. rolls are outlined then a set of numbers and numbers are crossed out in sequence.
C. is removed and laid on carpet.
D. rolls are shown being rolled and placed on the wall.",0,3,0,1,12.205184650238575,0.14623767325019799,0.1470196577025444,23.814056610002808,1.9386520385742188
310,"Using the pommel horse: An american gymanst and the colt logo appear. A young boy
A. , standing in front of the camera, while holding a gi and a practice barrel.
B. looks through a low haze surprised.
C. was circling in pommel horse in a living room, then in a gym with spectators.
D. is standing on a mat holding on to the massive weight.",2,3,0,0,22.125496749118152,0.14728300824981488,0.14734540960711717,21.217489377995662,1.8317718505859375
311,"Playing blackjack: A man who is robert deniro grabs the phone and begins talking to a man who is in the casino on the end of the receiver. The scene
A. shifts from the seated man sitting in a casino with another man who is wearing a blue apron and starts talking to him in various different locations.
B. then flips to the casino down stairs and some men are gambling.
C. reverts back to the man in the room at the airport and speaks to the man in the room again.
D. changes back to the people playing the games and a new image is shown of the man in the phone.",1,3,0,1,26.327832823737687,0.147728451250714,0.14744395358215576,31.996475918002034,2.3906936645507812
312,"Removing curlers: A young woman talks to the camera while working on her hair and occasionally talking. The young woman holds some sort of object up to the camera. The scene
A. transitions into her drying her hair and blowing drying it using an electric water dryer while talking to the camera.
B. cuts to the woman with part of her hair clipped up at the top of her hair.
C. goes to black as the woman proudly shows off the brush that she uses in the process.
D. then fades to black as the woman continues to work her hair.",1,3,0,0,7.758592851160249,0.14749147550037378,0.14762166819902137,31.000029550999898,2.2338180541992188
313,"Clipping cat claws: Woman is holding a cat on her legs and is cutting his nails with a nail clipper. The cat
A. is now laying on the table and woman is putting clips on it's nails and making him laugh.
B. is a baby and the baby is watching his grandma slicing its nails with it's paw.
C. is faling sleep while the woman is cutting his nails.
D. is licking its paw and looking with passion on the woman.",2,2,1,1,16.496315641145408,0.14691530075060655,0.147669664104819,24.510146787983103,1.9576034545898438
314,"Powerbocking: Two women are standing trying to cross the street and a bus is passing in sreet. The green bus pass in the street anda lot of people
A. uncross the street.
B. are trying to cross the street in sreet.
C. be on it.
D. are sitting on top.",3,1,0,1,20.53089722100426,0.14799064074986745,0.1471928023846862,23.55403973501052,1.88836669921875
315,"Removing curlers: The little girl then sits down and they both begin to look on the floor for a piece of food that fell off of the fork. The two continue to sit, eat, play and talk to the camera. After
A. , the girl in the pink shirt stands up and picks up her drink.
B. several minutes of sitting, the little girl picks up the fork that fell off the fork and signs her name and gestures for them to continue eating.
C. the clip ends, the little girl smiles and begins to talk again.
D. they're done both move so that their mouths are parallel to the plate that's moved and they looking on the inside of the fork.",0,1,0,0,14.814265981183755,0.14642567400005646,0.1473660835873052,40.22717918098533,2.8161392211914062
316,"Roof shingle removal: A short clip of an room with a refrigerator and a couch and tv is shown. The camera pans to a shirtless man standing on a ladder next to a roof and talking. The man
A. begins to prod at roof tiles with a metal stick, lifting the edges up briefly.
B. continues talking and finally reaches the bottom of the ladder and stops talking.
C. keeps talking while using the crane to pull the beams.
D. spread what he goes through is across the video.",0,1,0,0,33.57378179612613,0.14827698325052552,0.14737550509816597,33.60522107499128,2.3957138061523438
317,"Table soccer: A goal is scored across the table by a defensive figurine player. A consecutive goals are scored and the opposing team is frustrated. The losing team
A. finally scores a goal and celebrates.
B. scores and accosts the opposing player for losing twice.
C. jumps to their knees in relief.
D. is congratulated by many, as everyone walks around congratulating on the outcome.",0,0,1,1,15.879039256427768,0.14623189325038766,0.14700019383123716,24.98695974898692,1.9781875610351562
318,"Playing saxophone: The lady plays the saxophone in nyc. The lady lays on the ground, then hangs upside down by her legs. We
A. see a cop on a horse.
B. see the lady lay on the ground, then stand up.
C. see the right entrance of the casino.
D. switch to the lady sitting in nyc playing flute.",0,1,0,0,17.396864839372515,0.1481842432499434,0.14745918638312683,23.301451676001307,1.817962646484375
319,"Futsal: An intro leads into several clips of soccer players performing impressive tricks with a soccer ball. The people
A. continues chasing the ball while the camera pans around them and shows others they've scored.
B. continue shaking hands and leads a coach to speak to them and point around them.
C. hit the ball back and forth over the net as well as several other playing soccer and one scores multiple goals.
D. continue playing with one another as more clips are show of different people performing tricks.",3,3,1,1,20.604943981298288,0.14824312549944807,0.14722498698732656,24.001745432982716,1.8971786499023438
320,"Capoeira: A small boy enters the ring then two girls flip through. Five people bend over in the grass as a small boy flips over their backs. A man
A. kneels in the grass as two men flip and one jump over their back.
B. flips above with a girl jumping up.
C. kicks the girl that flips and then pulls her close to the side.
D. walks to a green line and swings a chain on both sides then the kids flip up.",0,0,1,0,17.07912614679487,0.14695742825006164,0.1475861000956858,28.334016530989174,2.0967864990234375
321,"Shuffleboard: A close up shot of one of the women begins as she's talking and the banner indicates she's a shuffleboard player by the name of frieda gallaway. Now a man
A. is shown talking to a reporter and the banner below indicates that his name is bill romer and that he's also a shuffleboard player.
B. 's arm is seen in the camera as he shows various student tricks with his skip stones.
C. is shown walking up to the camera and he starts playing the harmonica to her.
D. is standing next to her and holding a yellow paddle that he's using to surf.",0,0,1,0,6.398500197042195,0.15049791499950516,0.1478571366709507,35.64413305101334,2.5962371826171875
322,"Making a sandwich: The man then takes a spatula and spread a generous amount of mayo on the sandwich followed by onions, cheese, hams and lettuce. For toppings
A. , he cuts up some chicken breast and ham, then goes out onto the deck and chops some ham that gets sliced, then cucumbers are added the same on top of the ham.
B. , he adds a line of tomatoes, pickles, red tomatoes, and onions and tops it off with a blend of seasoning, a dash of salt, pepper, oil and vinegar.
C. he puts chunks of baking soda under the sandwich.
D. , he cuts tomato and goes through the lettuce and olive and cuts them into pancake shaped shapes.",1,1,1,0,11.871394823566886,0.146775065750262,0.14754506865392614,35.55528153398154,2.68365478515625
323,"Shaving legs: A teen puts his left leg on the legs of a youth. Then, the youth peels wax paper and put on the leg of the teen. Next
A. , the youth spreads wax on the leg and flips over the leg.
B. , the youth peels off the wax paper and shows the hair in the paper.
C. , two teenagers put wax paper on the same leg of the youth.
D. , the teens grease the right leg of the youth and apply the wax to the calf.",1,1,1,1,7.974282202689908,0.1502266080001391,0.14710493097994748,29.874787697010106,2.137725830078125
324,"Drum corps: The band continues to play and then the four people with the cymbals stop playing and begin to turn around as the band continues to play. After a few measures
A. , the people turn around.
B. , a girl in a black shirt steps forward and begins to jump and twirl her arms around.
C. , the bagpipes begin to play and the drummer starts spinning his body spinning the stick against the cymbals.
D. , they turn around and continue to play with the rest of the band.",3,3,1,0,4.682528893116545,0.148605950750607,0.1476932651394236,31.314622952002537,2.343292236328125
325,"Getting a piercing: A man's ear is shown close up. A man
A. talks to a camera along with a dog.
B. shows the tool he is going to use to pierce his ear.
C. puts a dart into his ear.
D. goes for a hair cut, cutting but not removing it.",1,1,1,0,5.263919993317627,0.14696607824998864,0.14754277599992321,15.047056360992428,1.4304962158203125
326,"Braiding hair: A girl turns around slowly to show her hairdo. The girl uses a comb with a pick to part her hair. The girl
A. then takes her hair out and welds the ends together.
B. has difficulty closing her hair down.
C. then uses a box pin to insert her hair into a package.
D. brushes sections of her hair and then twists them together.",3,3,1,1,7.6561758965516304,0.14701255099953414,0.14738657460133744,24.61206186401614,1.870941162109375
327,"Baton twirling: A large auditorium is seen with a young dancer walking out on stage. The woman
A. grabs her leg and ankles and kneels up.
B. begins dancing a routine using a baton and twirling it around.
C. then puts on her makeup while walks back and forth.
D. makes a few skip steps and end her routine by bowing to the camera.",1,1,1,1,10.017871825995483,0.1461965235007483,0.14737351225927273,20.480210249004813,1.6951751708984375
328,"Playing ice hockey: A graphic shows the number 7 followed by clips from a hockey game. A graphic shows the number 6 followed by clips from a hockey game. A graphic
A. shows the number 7 followed by clips from hockey games.
B. shows the number 8 on the screen.
C. shows the number 5 followed by clips from a hockey game.
D. shows the number 9 followed by another video of the same number.",2,2,1,1,1.0639567467532767,0.1466745385005197,0.1473462811383139,28.287799008005095,2.0622482299804688
329,"Building sandcastles: A yellow helicopter is flying in a clear blue sky over the beach. A small toddler
A. in pink and red slacks is holding a small cup of water.
B. is jumping off of a red diving board into the water.
C. then appears in the dirt playing with his shovel and bucket making a circle of sand castles.
D. rides the helicopter with it as it flies over sand dunes.",2,1,0,0,28.871761028237287,0.1460215787501511,0.1469551487043005,21.451717431011275,1.7851028442382812
330,"Grooming dog: The lady uses an electric shaver and shaves the dogs hair. The lady turns the dog's butt towards the camera. The dog
A. looks happy and the lady walks away.
B. shows us the drop sized razor.
C. finishes the shaver.
D. turns and sits down.",3,0,0,1,21.911263573285513,0.1461023112501607,0.1469847223892454,22.485132880998208,1.7645187377929688
331,"Grooming dog: The lady uses an electric shaver and shaves the dogs hair. The lady turns the dog's butt towards the camera. The dog turns and sits down. The lady
A. uses a razor to part dogs hair.
B. begins shaving the dog's hair from head to toe and ends with the dog straightening the hair.
C. goes into commercial mode and shaves the dogs tail.
D. puts the shaver down and talks to the camera.",3,3,1,1,5.863833373872144,0.14659889099948487,0.1471876521286639,30.318301293988043,2.3257522583007812
332,"Tennis serve with ball bouncing: The man man keeps serving and the #3 tips slides across the screen. The man swings the racket before serving. The man
A. looks at the ground behind him before serving the ball.
B. waves his hand at the end of the video.
C. walks out of the frame.
D. continues to serve but misses and the #1 tips.",0,0,1,0,8.452514479163412,0.150058323000394,0.1478022453085919,24.544197031993463,1.8516845703125
333,"River tubing: People are getting in a river holding inflatable rings, then a man jumps and land on a inflatable ring in the water. Then
A. , the man comes noose the inflatable and goes swimming in river.
B. , people goes down the river on inflatable rings.
C. , people gets on people scuba diving and cross the river.
D. , person stand behind a rope and and jump.",1,1,1,1,13.447610904504714,0.14587495350042445,0.14701983289672962,23.37157391299479,1.8193817138671875
334,"Cheerleading: A woman who is the coach talks with the camera, as do some of the dance mothers. Judges watch the girls compete, and the coach helps push them along. The girls hug
A. the judges as they speak with one another.
B. the judges while spectators watch and take pictures.
C. at the end of the competition.
D. and dances with the coach and judges.",2,2,1,1,2.832123431244019,0.14751330575018073,0.1471538774391279,28.402136058995893,2.0283203125
335,"Vacuuming floor: Pictures of vacuums are shown side by side with one another leads into a person using the vacuum and it's several attachments. The person
A. uses all the attachments to move a bottle and heap some dust off it.
B. scrolls to leads and goes to the one with the vacuum.
C. finally empties the! water to vacuuming the carpet and ends with more furniture being shown.
D. uses the attachments all throughout the house as well as cleaning up the vacuuming and presenting it to the camera.",3,3,1,0,14.339574604095576,0.14688730575016962,0.14712242423458557,29.42354437297945,2.2198104858398438
336,"Horseback riding: We see the horses in the stables . We see the people ride in the woods an in a ring. The lady
A. counts and gives the go ahead to grab their horns and shoot.
B. stands by the gate picks up her brush and leaves the park.
C. talks to the man in the tent and the dogs follow her.
D. talks and we see people riding horses and in the stables.",3,3,1,1,12.166586425180164,0.14835191574957207,0.1472542131158462,24.743098613997063,1.8209457397460938
337,"Installing carpet: A camera pans around a wooden floor and shows a person walking downstairs. The person runs their hands along a carpet and pushes it along the floor. The man
A. puts a mat on his rug and shines up the floors.
B. tries to push a couch closer to the camera and fails.
C. continues to mop down around the carpet and turns off the camera.
D. nails down the carpet while still pushing it down and cutting the sides.",3,2,0,0,38.603471498750096,0.1467321282498233,0.14707289227324688,27.50126779900347,1.9818496704101562
338,"Doing motocross: The next set of clips are of various different dirt bikers on various different courses experiencing a lot of different flips, turns and crashes where people and their bikes go flying off into each other. The outro screen
A. appears and it's all black with large white letters that read "" end "".
B. leaps up and the people again begin their journey off of their bikes and they go in different gear to paint and adjustments everything before going.
C. for the video is for 0.
D. flashes white as the rider is making a second jump and jumps to the first taken by the smaller trainers.",0,0,1,0,35.47953295183911,0.14743143574969508,0.14726497166541874,37.553233631018884,2.74993896484375
339,"Playing blackjack: A group of people are then shown talking and gambling in the casino and the dealers are making weird gestures as they shuffle the cards. The people don't like the card and they keep throwing the cards back at the dealer. The owner
A. pushes them down and ties their hands after each game.
B. then walks by the table to see the commotion as the male gets up and speaks with robert deniro who then tells them to end the game.
C. penders and leaves and the dealer speaks and they hit each other with cards on the table in the casino while the bartender drinks.
D. of the casino is going pro as they continue getting hit by the cards.",1,3,0,0,32.02630905908019,0.14656037575014125,0.14682048666420924,40.815054848993896,2.8812103271484375
340,"Javelin throw: An asian male is standing outside on a field with a long stick in his hand. All
A. of a sudden, he grabs the stick, that is in his hand, smoothly throws it that still has the upward motion to the other side of the field where he picks it up again and throws it.
B. of the angles of the black house are then shown, including the woman making something on her shoe with her hand.
C. of a sudden, the boy takes off running and throws the stick clear across the field and people run and go measure the distance.
D. of a sudden, a young asian man jumps and wrestles with a black and white in a wrestling match, and the black man vaults over the young asian male over this to pin the man onto the ground.",2,2,1,1,12.8254386367789,0.14707375775014953,0.1471119199638011,33.10002934300064,2.5487289428710938
341,"Snow tubing: Various people are seen sitting in tubes and lead into them pushing themselves along and riding down a snowy mountain. More clips
A. are shown of people skiing down the mountain and climbing back up into the tubes.
B. are shown of people riding down the mountain as well as sitting at the bottom and racing with others.
C. are shown as well as people wearing fancy hats and speaking to the camera.
D. are shown of the people riding down the mountain and goers speaking to one another on camera.",1,1,1,0,8.955589933818958,0.14751912575047754,0.14723185755881465,25.6194922880004,1.917572021484375
342,"Preparing pasta: The person pouts the noddles out into a strainer, washes it off, and then pours out more ingredients to mix. She
A. walks out of the room smiling while the man polishes it.
B. mixes all the ingredients with the noodles and mixes around the pasta.
C. moves onto the cookie cutter on the counter above a fridge.
D. dumps out the that down the sink to mix them together and cook them for some time.",1,1,1,1,13.314024891091915,0.14581709599951864,0.1469256538556086,27.02988607800762,2.0575485229492188
343,"Cricket: People throw a ball to other players in the field. Another man explains while people where people plays in the field. A player
A. down falls and another hits him.
B. makes a goal in the field.
C. hit a ball while other try to catch the ball.
D. throws his racquet to other player.",2,2,1,0,6.635662108585269,0.14602466599990294,0.14788335262416327,21.435651384006633,1.7312393188476562
344,"Using the pommel horse: A gymnast is seen raising his arm in the air and climbing on top a gymnastics beam. He
A. performs various gymnastic moves on the beam and ends by dismounting and stepping down.
B. begins performing several jumps and tricks and begins moving himself along the beam with the equipment.
C. climbs all the way to the end while others watch on the sidelines.
D. spins himself around performing various tricks on the beam and finishes by jumping down and smiling to the applauding audience.",3,0,0,0,16.847410164298168,0.1474290907494833,0.14771483951959483,27.03067263700541,2.0471420288085938
345,"Doing karate: A boy and girl in a karate uniform are playing in front of a camera. They
A. talk about how they earned their karate uniforms and what they like about karate.
B. are together as they take turns throwing a strike and practicing against each other.
C. finish and the female kicks the boy in the head.
D. are practicing juicer against each other.",0,0,1,0,8.254691546564402,0.1464072257499538,0.14736789106674325,20.480294197010153,1.7239532470703125
346,"Braiding hair: She twists it again and tightens it up and secures it with a pin again. She also makes a bun out of the braid to complete the hairstyle. She
A. shows us her work finished bun.
B. drops the pin and grabs a different one and begins another braid.
C. then tears all of the hair and puts it back in while looking to the camera for approval.
D. shows the hairspray bottle again that she has used on the model.",3,1,0,0,25.27824854079216,0.14586614349991578,0.14757278994663456,30.983459303006384,2.30987548828125
347,"Starting a campfire: A man is seen speaking to the camera in front of a large trailer in he moods. The man is then seen kneeling over a fire and begins lighting a flame into a pit. A boy
A. is seen standing next to him and places nozzles into a pile of kindling.
B. is seen walking around with a tennis racket and points to the ground while the man is still sitting in front of the fire.
C. then takes a toothbrush and brushes his teeth and begins smoking.
D. pulls away wrapped in a rope as the man strikes a match off into the distance and puts out the fire.",1,1,1,0,8.263116239742393,0.14715694299911775,0.14789296201995603,37.56186827698548,2.606964111328125
348,"Canoeing: The woman is at the front of the canoe paddling and the other person, who is wearing a face covering hat, sits behind the woman. The two people
A. continues riding down the river waterway and passing billboard.
B. are driving the canoes down the dancing river, keeping one of the branches from hit the white canoe.
C. paddle from the left and pass a line of bushes in front of a mountain.
D. are paddling behind the canoe.",2,3,0,0,21.83250413582975,0.1481310030003442,0.14726831912309699,29.30984624100529,2.2963180541992188
349,"Snow tubing: A woman is riding an intertube down a snowy hill. She spins as she goes down, running into another person. She
A. continues climbing, turning back in the end on the surface.
B. is knocked out of her intertube.
C. continues togo down the hill, jumping back and fourth on the tube.
D. climbs even higher as she goes, bouncing in place.",1,1,1,1,8.199101603053325,0.1456801634999465,0.14762789264281687,23.317416120993585,1.8470687866210938
350,"Waterskiing: A dog rides on a boat with his owners. A crab
A. is seen crawling on the bottom of a lake.
B. is swimming on a rock.
C. eats the crab.
D. traps a fish in a bowl of sand.",0,0,1,0,5.624693289098225,0.1462851434998811,0.1476041370323039,14.312325318003786,1.3686141967773438
351,"Kite flying: After he's done completing the kite, they go out in the open to fly the kite. The father is holding the kite in his hand as the wind blows strongly. The girl
A. holds the string of the kite and begins flying the kite high up in the air.
B. is standing up in spiral gear as the kite is spinning swirling and she faces forward.
C. is flying in the air with her arms extended, smiling.
D. is using two kite scope to focus the information from the kite view.",0,0,1,1,4.197983832008378,0.14702241300074093,0.14719852546297968,32.382971152006576,2.26629638671875
352,"Futsal: The man is white leads the ball down the gym several times and performing various tricks and goals. The game
A. continues on with the men doing back and fourth playing with the soccer ball.
B. continues and the man is shown winning several goals gaining more points with his actions.
C. continues and the many dls the man has scored are shown up close and still shown.
D. is on and the black team is quickly going.",0,0,1,0,36.48582094504334,0.14642469599948527,0.14742932985164742,23.43724491100329,1.85882568359375
353,"Arm wrestling: They sit at the table and hold each other's hands, prepared to arm wrestle. The men try hard to beat each other, pushing hard on each side. One
A. goes across and breaks the other's hand.
B. makes it to five rounds, then he drops in to the ground unconscious.
C. man finally wins and they all start dancing and flipping to the music.
D. wins, then they get up and start fighting inside the ring.",3,3,1,0,13.740040142383938,0.1461119257496648,0.14695531516935706,29.240734161023283,2.1147994995117188
354,"Getting a piercing: The woman holds piercing pliers up against a woman's nose. She pierces a needle through the nose and holds the pliers in place. She
A. then pulls out the piercing and places the pliers back into her nose indenting it as she pierces her lip.
B. removes the pliers from the woman's nose.
C. pulls out a tube of stellated pliers.
D. walks away holding the pliers on her back and walks to a table with tools.",1,1,1,1,3.0340456884217057,0.14643204324966064,0.1471362948093077,29.13016936600434,2.2993011474609375
355,"Breakdancing: Men are working in a tablein the background, a man in the center of the room start walking in circles and make break dance, a screen hanging is playing a rap video. The screen
A. changes and stop for a second.
B. stops spinning and the video ends.
C. is playing a video and the credits are in the right side.
D. plays with the coffee challenge, men are sitting in the table talking about the 1 + 4% beverage.",2,2,1,0,12.311586839462436,0.14696596075009438,0.14730516777110317,32.11116974601646,2.5189361572265625
356,"Playing kickball: A man ball rolls across a baseball field and a small boy in a green shirt kicks the ball and runs around the bases. The boy stops and looks at the camera then starts running again. A person
A. gets hit while running and falls in the grass.
B. walks that runs very fast towards the camera.
C. trips and gets hit by the ball.
D. runs in front of the camera.",3,3,1,1,4.832133171629646,0.1466697160003605,0.14699602867958408,30.867860771995765,2.1638946533203125
357,"Zumba: They continue to dance as they hold up the palms of their hands straight up and move their hips. They repeat the steps as the chorus of the song repeats. Finally
A. after the song ends, they both stand still with their hands on their hips.
B. , they finish by stepping on one another and kissing.
C. , a person makes an appearance interviewing one of them and they begin the story of how it all ends.
D. , the woman with curly curly hair dances alone and graciously as she hugs each of them.",0,0,1,1,7.327595652757743,0.14720251325024947,0.1473191561497357,31.083875375996286,2.2519912719726562
358,"Playing ice hockey: A man is skating on a hockey rink and goes to make a goal. He
A. goes around the corner and tries not to make contact with any other hockey players.
B. shoots and makes a point and the crowd cheers.
C. falls on the ice and the puck goes through his nose.
D. tosses the ball, but just as he is about to make a shot, it hits the opposite side.",1,2,0,0,12.388274705834565,0.1480327054996451,0.1477323933785036,21.274665894989084,1.8331375122070312
359,"Drinking coffee: Then, the teen takes the glass shaking his hand and drinks the water while the laugh. After, the youth takes the glass, then holds a cup while the teen fold his right hand. Next
A. , the teen follow to do tai chi, with a shirt on hand he does tai chi holding in the right hand.
B. , the teen take the cup and they both laugh.
C. , the boy make a digital square and opens it with his finger, then he put more liquid, drink the whole glass, and talk the camera.
D. , the teen takes a cup and pretend to drink while making gestures of pain.",3,1,0,0,17.95476834042597,0.14791562299978978,0.14733721169069033,37.278628202981054,2.7386322021484375
360,"Cheerleading: A man is talking inside a gym. A group of female gymnasts form a cluster, then lift a girl over their heads. They
A. set the girl on a pole with one helping hold her legs.
B. hold her up by one leg before twirling her back down and catch her in their arms.
C. stack each other, using penthgears in order to lift the girl in the air.
D. releases her in awe.",1,1,1,0,11.960183749398091,0.147429200750139,0.14744012764569822,26.391739140997743,2.048095703125
361,"Doing crunches: "" he attempts a second sit-up and with another cracking sound, exclaims and grabs his buttocks. The man says, ""one more"" and attempts another time, after which he says, ""that felt horrible. "" the man
A. is looking embarrassed and which makes him look smart a wait-ing longer.
B. struggles through nine more attempts before giving up to the amusement of his friends.
C. puts his head in his hand, looks at his crotch and shaves his cheek area.
D. goes back on after his fall while the rest of the team runs around and sits closest to him.",1,1,1,1,17.49292230174207,0.15005400000063673,0.14759787547382075,40.15644662698651,2.6696014404296875
362,"Mixing drinks: An intro is shown with a drink being poured into a glass and a caption about drink mixing. A girl
A. is then shown at a bar then would engage in a drink mixer and talk to people.
B. begins to make a drink called a mai tai.
C. is shown in two shots at a label unique to a scotch.
D. is then shown rapping and mixing drinks that have a blender inside of them as well as lemonade and another that looks like drink.",1,3,0,1,18.029436098076093,0.14618014349980513,0.14711094419995568,24.858026366991908,2.104705810546875
363,"Mixing drinks: A girl begins to make a drink called a mai tai. She takes out all the things she will need to make the drink. She
A. then places all the ingredients and containers into a large brown jar.
B. then feels the top of the cup and winces in pain.
C. pours the drink into a glass.
D. gets some ice into a glass and into the shaker.",3,2,0,0,8.48356495397138,0.14586555849973593,0.14699641560609136,24.837870809004016,1.8754730224609375
364,"Vacuuming floor: She inserts a tool into the vacuum and vacuums along the baseboards. She uses a special tool of the vacuum to vacuum around the sofa and the stair carpet. She
A. uses another tool of the vacuum to vacuum around windows.
B. folds the vacuum into a corner of the floor and lays in a pile of velvet with holes cut in to put on the end.
C. vacuums up the carpet with the soft mop but proceeds to vacuum all down the stairs.
D. removes the vacuum from the back of the sofa then drags it over to the middle of the carpet and uses it elegantly scraping off excess glue and wiping it off.",0,0,1,1,5.412923681526536,0.146535183499509,0.1474769599065225,36.86547287100257,2.7600555419921875
365,"Removing curlers: As the next scene comes, the lady is pictured with eight foiled curls in her head that are sealed with long hair pins. The next step
A. shows the electrical component and instructions for the installation.
B. is the styling product of merth and was added to the drawing.
C. is to then remove the pins followed by the foil and release the curls.
D. and secondly transitions into people taking off the hair clips and putting wig and ponytails on each other.",2,2,1,1,10.021132260049756,0.14738328075054596,0.147574693398944,28.333575482003653,2.1751632690429688
366,"Playing blackjack: We see cards sitting on table with chips. The dealer deals more cards. The dealer points at two cards. The dealer
A. opens and closes cards.
B. deals to three people and gives the cards to the first person.
C. turns a card over and takes the man's chips.
D. is playing.",2,1,0,0,11.029312716929738,0.14875809300019682,0.14786416013965423,20.704558150993762,1.7386627197265625
367,"Discus throw: . A compilation / tribute video for a hungarian discus throwing olympian
A. begins with some pictures of him in action.
B. bulls (sponsored by argentina) at gifflers, rotary bladders & mowers, madrid concourses, beluga's barcelona benygsgaours and june 4th.
C. darts and the harassment of justice system dogs.
D. wins 2013 the worlde win 2009 infield of yellow wthe match displayed on a black screen.",0,0,1,1,35.081210574666315,0.1462804557495474,0.14742863465417833,24.026274733012542,2.4033966064453125
368,"Rock climbing: A man is seen beginning to climb up a rock wall while looking back and speaking to the camera. He
A. climbs down a few more times while speaking to the camera and moving closer to the bottom of the wall.
B. continues climbing up while more people watch and continue hanging down.
C. continues to climb up and down while showing off to the properly climb with his feet.
D. continues climbing down the wall and ends with him speaking.",2,0,0,0,47.98062097980362,0.14646628050013533,0.14751271166664842,23.15531000699775,1.8992767333984375
369,"Rock climbing: Several people are seen wandering around and smiling to the camera as well as climbing up a rock. More people
A. ride down the river with kayaks and see several shots of countries and speaking to one another.
B. come down the rocks and climb over bridges in the process.
C. are seen talking on camera as well as skateboarders and sometimes a cowboy.
D. are seen climbing up the rock as well as a man climbing down.",3,3,1,1,3.722224023859404,0.14611440075032078,0.1477824130394502,23.047384384997713,1.8391571044921875
370,"Doing motocross: They go through extremely steep and dangerous dirt roads at high speed. They also go over ramps created in the dirt road. They
A. shake each other's hand while rolling through the dirt roads.
B. continue biking through the dirt at high speed as they create a cloud of dust behind them.
C. occasionally pass a bridge but continue driving like a racehorse in the end.
D. roll over multiple curves on bumpy, iron roads.",1,1,1,0,12.362818479518369,0.14734428100109653,0.1475845152209479,25.973913742007426,1.9890975952148438
371,"Using parallel bars: The man mounts the parallel bar and goes into a handstand and performs a series of spins and moves. The gymnast
A. completes a handstand and runs off the bar.
B. goes into his dismount and lands a perfect landing on the mat.
C. finally dismounts the parallel bar and aims at the base of the bar and jumps from the platform and lands on the mat.
D. holds the bar and dips down and then grabs it.",1,2,0,0,12.072946342662906,0.14611864349990356,0.147403340325361,25.495639088985627,2.1436767578125
372,"Ping-pong: Now there are two men at the end of the table who are both holding paddles and playing against bruce lee as they attempt to keep the ball on the table but ultimately fail. A black screen
A. appears with white asian lettering in the middle, then a website that say's "" www lee35 come cn "".
B. appears to have information to providing any details of bruce lee's last game of lacrosse.
C. appears with words that say "" ouch "", they went before the ball fell, a shot of a baseball field is shown, a dog is in the yard and then the people are removing the ball while several green text appears without the information carried.
D. appears and black text begins to appear to indicate that the game is over and this time it is a large number 3 and they are all standing on the court jump scotch and cheering with one another.",0,3,0,0,143.52871549302793,0.14750835799986817,0.14733309517106663,45.37929436400373,3.33221435546875
373,"Making a cake: A little girl is in a kitchen talking. The girl mixes several things from small bowls in a bigger bowl. An adult
A. is using his hand to move some cake pans.
B. puts the breakfast in a refrigerator.
C. who is in a toy store eats food from a container in a small kitchen.
D. helps the girl spray her baking pans.",3,1,0,0,32.623094042957845,0.14680264074968363,0.14707442359726974,22.501299678991927,1.8663482666015625
374,"Arm wrestling: Two men are arm wrestling on a table. Another man walks up to the table and stands in front of them. They
A. hold each other holding onto one another while fighting, trying to win.
B. continue arm wrestling and one grabs one of the men before lunch.
C. hold a knife and begin fighting.
D. finish arm wrestling and they start to stand up.",3,3,1,1,9.413384997245423,0.1462165959997037,0.14699295834451412,22.339824218986905,1.780975341796875
375,"Scuba diving: The man dives into the water and is shown in several clips swimming around and fish moving along as well. The man
A. talks to the camera without the net and he is shown swimming in a pool.
B. and woman talk during a news segment and laugh together as well as show how the man arrived at the water successfully.
C. holds a fish up over his head and swims towards the camera and is then seen underneath a ship and under a helicopter, shooting something off of it.
D. gives hand gestures to the camera and swims to the surface when another man grabs his gear and he speaks to the camera.",3,3,1,0,13.96885874168389,0.14642032324991305,0.14756597922836232,29.656179200987026,2.2589340209960938
376,"Kneeling: A man kneels on one knee in a room and talks to the camera. The man raises his right arm and reaches to the ground with his left hand. The man
A. kneels to touch his injured wrist.
B. switches and does the other side.
C. lifts his right arm up and back on.
D. raises his right arm.",1,3,0,0,22.457896663676163,0.14543847100003404,0.14650604425980296,26.51332371798526,1.9653854370117188
377,"Calf roping: A horseman sits on a horse and a person stands on front a cattle squeeze chute. Suddenly
A. , a tractor appears and a group of people get on.
B. , the man undoes the rope loop holding for the calf and jumps off the horse, the calf runs past the horse.
C. , a big bull chase four bulls in a market.
D. , the horseman and a calf run to the the arena, while the horseman runs behind the calf spinning in the air a rope.",3,1,0,0,21.385008583843128,0.14592316350035617,0.1470711131310054,25.291639660010333,2.1048812866210938
378,"Snow tubing: We see the title on a black screen. People are in line at a ski slope. We
A. see people waiting with bags at the start line.
B. see people riding roller blades and talking to the camera.
C. see a man jump on and off water skis every day as he skis.
D. see people in rafts being pulled up a hill and people riding rafts down the slope.",3,3,1,0,7.436106965413577,0.1462955757497184,0.14724897375172014,21.34728760199141,1.775787353515625
379,"Discus throw: The crowd applauds the athletes as a man hands out prizes to the athletes. Journalists surround the athletes with cameras. More discus throw performances are shown. A camera crew
A. wraps a man in a blue jacket.
B. rides horses in a barn across a grass field.
C. focuses on a sweaty seated athlete.
D. takes pictures while the athletes shuffleboard.",2,3,0,0,72.54659649529212,0.14760471550016518,0.14821895459461154,28.010925462003797,2.0148468017578125
380,"Clipping cat claws: A woman sits on a couch and clips the front and back paws of an orange and a black and white cat as they sit in her lap. An orange cat stands on a couch and sniffs the cushions. A woman
A. sits down on the couch and puts the orange cat in her lap and begins to clip the front and back paws of the cat.
B. lays cats paw down and place the paws on top.
C. skillfully brushes the man's fur with a brush.
D. is in an orange room and is attached to a croquet mallet as she begins to swing the croquet mallet in a circular motion in her hand at various times and in different colors.",0,0,1,1,3.0398752682678802,0.14904111275018295,0.14707065737195973,42.51130180200926,3.2451248168945312
381,"Cleaning windows: One the window is wet, he takes the razor like stick and drags it up and down getting the water off. After the two top windows
A. are complete, he leaves the other two untouched and walks away.
B. are clean, he grabs the straightener and begins removing the weeds that are stuck all over the car.
C. , there is a large front garden that has dirt and leaves turning a brown color.
D. he touches the first two windows, the one on top is hand chopped.",0,0,1,1,11.593693529875729,0.1466865530001087,0.14737096986305245,28.5872304859804,2.1359176635742188
382,"Putting on makeup: A teen puts make up to an man on his face. Then
A. , the teen puts a shoe to the face of the man to make makeup.
B. , the teen puts smooth make up on the man's face, then the teen puts make up on the cheek.
C. , the man puts perfume on the man's face and create a grimace.
D. , the teen puts mascara, lip sticks and paint the eyelid with an eyeliner.",3,1,0,0,22.432137288297184,0.1489644854996186,0.1477452618467522,20.836958815003527,1.7513809204101562
383,"Tai chi: A man is wearing white in front of a building. He
A. is playing a set of bongo drums.
B. is helping a man build a fence.
C. is talking about how the paint is needed.
D. is doing several martial arts moves.",3,3,1,1,12.994577905998929,0.14584433374966466,0.1473674684269334,13.699082024995732,1.2731704711914062
384,"Playing water polo: There are several girls getting ready to go to a water polo sport event. They are holding their backpacks and gear. They
A. are traveling to the event together and check into a hotel.
B. are on the water grabbing one another's hands and walking onto the sand.
C. are descending the hill one by one.
D. are posing with, and smiling, the trophy.",0,0,1,0,17.758980424772005,0.1462621085001956,0.14721386687897337,23.6976255339996,1.8761215209960938
385,"Cheerleading: Cheerleaders are standing on a blue mat. They start doing a routine on the mat. They hold up signs in the air. They
A. finish their routine and wave at the audience.
B. throw frisbees.
C. begin to dance and do martial arts routine.
D. shake hands and hug.",0,0,1,0,6.867459824553198,0.14755365049950342,0.14708692414093558,22.506166298997414,1.7521209716796875
386,"Making a cake: The man stirs the mix then turns the mixer back on. The man mixes the mix and pours it into cake pans. The man
A. taps the pans then puts the cake in the oven.
B. goes back and forth over the mix and smells it out before mixing the cookies.
C. places the pans in a trash can.
D. plays inside the fridge and adds bread and milk.",0,0,1,1,5.528819676005743,0.14707995324943113,0.14698212201815983,24.840369945994098,1.9542770385742188
387,"Washing hands: A woman rubs her hand very well. Then
A. , the woman places a roller in the machine.
B. talk to someone she is writing on paper.
C. , the woman puts her right eyebrow in the eye.
D. , the woman rinse her hands with water.",3,3,1,1,18.801218000898334,0.1477521602496381,0.14665553450546354,13.936662280995733,1.3015060424804688
388,"Sailing: People are seen riding around on jet skis following the boat as well as close ups of the boats being shown as well as underwater. More people
A. are seen riding on smaller boats and end by dragging a boat back to shore.
B. speak as well as water fowl and show them riding along on their jet skis.
C. are shown standing around as well as holding up id cards and following the boat.
D. are seen riding around on the boat as the men continue to follow, zooming in on their skis as well as see a man do flips off the side.",0,2,0,0,20.413852055039825,0.1466238757498104,0.14696421524159733,31.00808805800989,2.5077972412109375
389,"Decorating the Christmas tree: The lady put the sno-bond flock in a strainer and grab a water spray bottle. She started to sift the white stuff on the tree. After
A. she fold the lounge top and put it into the tree.
B. sifting she spray the dust towards the tree.
C. she put the sno-bond on the tree, she took a sip of water and handed the plastic bag of sno-bond to the blue lady.
D. , the lady poured the white stuff in the water passing the container to the lady.",1,2,0,1,21.678244161422036,0.14753618075064878,0.14671180073708054,31.83975828000075,2.5756607055664062
390,"Cleaning sink: A man comes onto the screen and explain several days ago about getting the smell out of your sink. He
A. mixes the ingredients as well as water and the medicine into a mug that he then fills with ice.
B. obviously makes do with a jar of mouthwash, a straw and a puddle of it.
C. is then shown cleaning it up with cold water and cleaning the windows with a sponge.
D. first explain how you can use different chemicals and core them down the drain to get the smell out.",3,3,1,0,19.52990020603044,0.14741647300070326,0.14633116592866222,25.173301768018064,1.8674545288085938
391,"Playing squash: A man serves a ball to play squash with a partner. The men
A. play squash in a semi circle.
B. then conspire to knock the ball and play squash.
C. hit the ball to the wall.
D. hit the ball and the opponent pretends to hit.",2,2,1,1,8.363895756792566,0.14617560624947146,0.14635107804988365,15.219810229986251,1.3821029663085938
392,"Shaving legs: A woman is sitting on the edge of a bath tub. She
A. is giving a bath to a little girl in just her bra and underwear.
B. is trying to get her foot wet by scrubbing it while laughing.
C. lies back and exhales bubbles into the air.
D. begins shaving her leg with a razor.",3,3,1,1,6.8052354477926205,0.1457268207504967,0.1463496611080913,16.82771966600012,1.5085296630859375
393,"Capoeira: We see a man flipping and performing capoeira cut with blue title screens. The man does a spin kick. The man does a spin and duck. The man
A. does a hop jump and leaves the stage.
B. has the ball in his hand.
C. does a spin sweep on the floor.
D. does a flip and then steps on a dirt pad.",2,2,1,1,8.406538832110664,0.14524187100005292,0.14706754374303435,26.90605781400336,1.998199462890625
394,"Beach soccer: At the beach, a group of soccer balls lie next to a man who is kicking them at the goal, protected by a keeper. He boots them up and off his knee before shooting wide. He
A. falls down onto the grass as the ball rolls past him.
B. takes a second shot and it's blocked, several of the table skiors attempt to jump but a keeper clips them off.
C. shoots from nowhere, missing one ball.
D. finally scores over the keeper.",3,0,0,1,28.538478257017,0.1488396227496196,0.14687517461439026,33.348522430007506,2.6165084838867188
395,"Braiding hair: She then tucks the braid to the side and grabs lengths of hair to secure it to the side and incorporates lengths from the back of her hair. Her hair
A. is also often curled to make details easy to complete and she is now the most successful stylist in the city and talking about her work.
B. is succesfully braided and she shows off the finished look.
C. is now down and she is shown getting a piercing to complete the look.
D. is nished in a braid, she repeats the same process with lemon slices over the same style.",1,1,1,1,14.644468916527142,0.14597617849995004,0.1454520825245872,33.01971911698274,2.4947738647460938
396,"Longboarding: A teen skateboards in a road, then he walks with a friend holding his skateboard, then they skateboard. A car
A. pass in street and the teen skateboard, then the teen ride a van, then he wheel the skateboard on the sidewalks, then skateboard in sidewalks, bike in a park and skateboards a skateboard track.
B. passes on front him the skateboard, and he continue skateboarding.
C. cross to skateboarder but it's more difficult.
D. enters the street where the teen skateboard.",3,3,1,1,17.626881120884782,0.14504268100017725,0.1464577229715048,26.21027224401405,2.577117919921875
397,"Playing lacrosse: A small group of people are seen playing lacrosse on a field running up and down the field and pushing one another. Several shots of players hitting one another is shown as well as players pushing other people. One team
A. can be seen cheering with all the other players and the end credits and the camera view on the trophy are shown.
B. scores several goals and are immediately followed by teammates cheering.
C. continues playing together while more shots are shown of them playing together.
D. wins a game and brings the yellow team down with a goal.",1,2,0,0,42.21542455841025,0.1450914137494692,0.14626796752462887,36.26974973100732,2.6494522094726562
398,"Zumba: They continue following the steps one after the other in a structured manner where everybody is shaking their hands and legs rhythmically. Their dance moves
A. are very colorful and very choreographed, which leaves their movements more than a little out of control.
B. change as the music changes and they slow down or move faster according to the beat of the song.
C. in a curling motion using only one leg and a hand.
D. to a rolling belly dancing movement and they perform very smoothly.",1,1,1,1,6.273193733294588,0.14619514300056835,0.14653088949174198,27.10687157000757,2.0557403564453125
399,"Doing crunches: Slowly, the woman drops her upper half of her body while still straddling the bag, and does 5 sit ups while the bag swings with her. The woman
A. stops and shows her contact lenses, which are covered with green patches.
B. drops the rope and does the final upper half of the body springs.
C. holds onto the bag, smiles, then jumps off.
D. finish sitting and swinging, she gets back on and moves her legs up and down.",2,3,0,1,20.875935227178644,0.14662912824996965,0.14696922275002705,31.156114845005504,2.2275161743164062
400,"Sumo: Next, the man holds up a bag of lemons and begin to talk before they put their head equipment on. Now, it is time for the match and they begin wrestling with one another. However
A. , he turns the other around acting all crazy as he hits her continuously.
B. , a fight breaks out between each of them and one makes a cut.
C. , the man wins and they all laugh and talk about the outcome, after flipping the match over.
D. , they've added a feature to the match and each person has to put lemons in the other's hat to gain points.",3,3,1,0,20.16170675344521,0.14748341325002912,0.14683645537712944,36.4180287650197,2.6179885864257812
401,"Clipping cat claws: A cat is laying on its back in someone's lap. The person starts clipping the cats nails with a nail clipper. They
A. look in the mirror as the nails are being smoothed.
B. pull the nails loose and pet the cat.
C. 're decorating the nails with huge holly varnish.
D. finish and pet the cat's foot.",3,0,0,1,17.350613227652733,0.14673408550015665,0.1468600676187634,24.084547161002774,1.8634719848632812
402,"Shaving: A boar bristle brush is shown, then a video dvd of how to shave. A man is lying down, lather on his face while a barber shaves his beard. The man
A. then lathers his head and shaves it with a straight razor as well.
B. usa snow blowers on himself.
C. sprays gel and combs his hair behind his head.
D. shows off his shaving apparatus for his barber friends.",0,0,1,1,7.31946117600045,0.14574634349992266,0.14684618956443826,31.273838992967285,2.2896347045898438
403,"Blow-drying hair: A hair dryer and advertisement are shown with some info about the dryer. A woman shows how to use the dryer with different brushes. The same woman
A. combs the hair while the video continues to report on the results.
B. then shows how to use the dryer with different attachments for different kinds of hair.
C. shows how to remove hair from hair, while the other woman shows the proper way to design products from products.
D. shows how to use the inflated nozzle.",1,1,1,1,3.5407877443814746,0.14555454124911194,0.14662565107647998,29.320845775986527,2.259796142578125
404,"Hula hoop: There are two women dressed in black and blue tank tops demonstrating how to use the hula hoop. They both begin spinning with blue and silver hula hoops. They
A. are in a spacious room with little furniture and hardwood floors.
B. spin all the way down while the hoop dealer walks in to check them out.
C. use one to show it's music and what song it will be.
D. continue by demonstrating how to use the hula hoop in holding the hoop up for balance.",0,0,1,1,14.13650007157597,0.1452824334996876,0.14588762237741215,30.342204698990827,2.1928939819335938
405,"Futsal: The boys run, chasing the ball and fighting to get it away from each other. One boy kicks into the opposing team's goal. It
A. is replayed in slow motion.
B. is their kick, but one of the boys is being pulled behind the others.
C. cuts to other teams playing beach soccer.
D. immediately spreads to the other team.",0,0,1,1,10.939435420624667,0.14504911350013572,0.14574483190733223,24.190859222988365,1.983154296875
406,"Putting on makeup: A man with long hair is seen brushing his face with a brush while holding his hand up and speaking to the camera. He
A. moves his hands around and brushes his nose with a toothpick and keeping his face down.
B. then holds up the brush and grabs his hoodie while smiling at the camera.
C. continues brushing along the sides of his face as well as rushing his hands back and forth to look more presentable.
D. is then seen doing the same to a contact lens in his eyes.",1,1,1,0,16.077215318107953,0.14556924599992271,0.14595131780769516,27.14541682500021,2.116851806640625
407,"Playing pool: A man sets up a camera in a bar. The man
A. puts out tubes to sync the camera.
B. then talks to the camera.
C. tries to attach a tire to the frame.
D. spins a drink and screws the head into a shape.",1,1,1,1,10.351938940477455,0.14540167099994505,0.14623187545548716,13.742475474993626,1.3224868774414062
408,"Shot put: The man lifts his arm. The man spins and throws the ball. We see men in the distance measure. We
A. see the men in the woods.
B. see a man blindfolded and put his arms up.
C. see a man jumping over two poles then we watch two men on a bar.
D. see the thrower grab his jacket and walk away.",3,3,1,0,8.254479416114473,0.14757917525002995,0.1471775828014297,22.078243790008855,1.7920150756835938
409,"Shaving: The man picks up a package of razors and assembles them into his steel razor gadget. The man uses his razor to trim his face and beard. The man
A. picks up a package and applies a product to his face.
B. cuts the brush down to his one razor with the dull metal, street trimmer, computer graphic djellaphos and a text list of items you need to start the original braid process.
C. kisses his beard and continues shaving.
D. waves the razor and hands it to the camera.",0,0,1,0,7.906531229693678,0.14506684875004794,0.14619656681250384,30.989153292000992,2.7914810180664062
410,"Carving jack-o-lanterns: The girl then turns around and the video is sped up to show her drawing on a pumpkin near a kitchen while multiple people are moving about around her. The girl
A. finishes the drawing and she begins to carve the design out of the pumpkin while the video is still in a sped up mode.
B. is now outdoors with a baby on her hip and living a normal life and shows how to successfully carve pumpkins, details of the corner of a pumpkin and try and make it look like the normal pumpkin.
C. moves out as well as allow the camera to capture a giant turtle swimming in the water and going back.
D. is interacting with tree ornaments and shown how to decorate one to smooth out the look.",0,0,1,1,8.18996155421375,0.1462344110000231,0.14676525189011183,39.330964142989615,2.9947052001953125
411,"Carving jack-o-lanterns: The pumpkin is now done being carved and it appears on a black screen with just the carved out area illuminating in an orange color. The girl
A. carefully places pennies in a pile followed by a roll of wax paper and a knife.
B. pull out a pair of acrylic nails from her bag and they begin painting the pumpkin and wrapping up the pumpkin.
C. is using methods to add the thinner characters into the pumpkin and she moves the showing to the cake closer to the by her side in a hold until she's done.
D. appears again holding up the white paper, runs out of the room and the screen goes back to black with just the pumpkin illuminating.",3,3,1,0,12.706963868838676,0.14665813624969815,0.14667474457258234,36.96196919899921,2.6810836791992188
412,"Bathing dog: We see a small dog in a bathtub with the title over the top. A person wets the dog and puts shampoo on it. The person
A. washes the dog with their hands.
B. gets george to bark.
C. shampoo the dog and takes the wet dog outside.
D. puts the soap in the dog's mouth and washes him and dries him with his mouth afterwards.",0,0,1,1,3.7376874745771187,0.1449245867506761,0.1463543842369264,25.899006819990973,2.1757049560546875
413,"Hitting a pinata: A girl wearing a white blouse swings a wooden bat at a pinata. While the girl
A. swings, four adult men get together to swing the bat.
B. swings, she picks up a large bat and throws against the pinata.
C. swings the bat, leaves fall from the pinata.
D. is swinging at the pinata someone is raising and lowering the pinata with a rope.",3,3,1,0,6.466011453331987,0.14561930674972245,0.14660281974990563,22.279694549984924,1.8133010864257812
414,"Roof shingle removal: The man is wearing a shirt, jeans, and shoes as he stands on the roof. He
A. leans on the edge of the roof as he talks through a bullhorn.
B. uses a large garden fork to lift the top layer of the roof up.
C. rotates several times in circles on the roof using the extendable rope.
D. starts to climb the roof, looking around.",1,0,0,0,14.339640453458788,0.14585394400046425,0.14610756115441761,22.35344238801008,1.77655029296875
415,"Futsal: Number nine on the white team runs around the court. A man on the white team hits the ball with his head. A man
A. takes a card from a table.
B. spins a ball on his finger.
C. wins a competition and celebrates.
D. hangs from the ceiling right above the net.",1,1,1,1,11.028098765509268,0.14622224675031248,0.14652704901385857,21.831311094010744,1.7274322509765625
416,"Putting in contact lenses: A man is holding a baby down in a room. He is forcing the child's eyelids open. The baby
A. looks disoriented, looking at the man.
B. inny them open and a man puts pressure on their eyelids by holding it in his hands.
C. is falling asleep despite what the man is doing.
D. is laughing as she screams.",2,2,1,0,13.512153070639291,0.14510417450037494,0.14620857225497805,22.95032825301314,1.9928970336914062
417,"Braiding hair: A woman is seen speaking to the camera while moving her hands around. She
A. puts a brush into her hair and cuts it out.
B. runs her hands through her hair and begins styling it.
C. holds up a pair of shoes and continues riding around with the shoes on.
D. then puts plaster all along her hands.",1,1,1,1,9.276875748837844,0.14512393450013406,0.14587039928102802,18.230814051004927,1.6143951416015625
418,"Mowing the lawn: A man is mowing the lawn on a riding lawn mower. Kids
A. are riding bikes on the street in front of him.
B. are in class with him, trying to imitate his style.
C. are in the garage next door next to the lawn mower.
D. are in the barn, still playing.",0,0,1,1,4.783527352193178,0.1463993415004552,0.146723636948207,17.605539251993832,1.5151824951171875
419,"Hitting a pinata: A large soccer ball shaped pinata is hanging from a string. A little boy
A. picks the ball up and balances on his hands.
B. walks up holding the pinata.
C. swings a bat, hitting the ball over and over.
D. throws red balls for a girl to grab.",2,2,1,1,6.124743919002258,0.14534056450020216,0.1462419931818463,18.27664343300421,1.5475387573242188
420,"Plataform diving: A man stands on the side of a pool. The man
A. explores the pool and swims through a narrow passageway.
B. grabs the rope and goes under the water.
C. dives backwards into the pool.
D. takes hold of the rope and prepares to jump.",2,2,1,1,7.199699909949229,0.1457302842500212,0.1464496124653403,15.374331995999455,1.4269638061523438
421,"Wrapping presents: She begins ripping the wrapping paper with her hands. She lays the wrapping paper out on the table in front of her. She
A. sets the box on top of the wrapping paper and begins wrapping the box.
B. pulls out a small black box and pulls a timer.
C. rubs some baking soda onto the wrapping paper to smooth it out.
D. is now done with the paper.",0,0,1,0,4.428926693531371,0.1449371742501171,0.14631599580507842,23.84399203000794,1.880706787109375
422,"Braiding hair: For ""the prep"" the woman demonstrates spraying her hair. Then the woman shows the steps to braiding hair. For the "" finish ""
A. the woman then uses a straight pin made with razor hair comb to complete the braid.
B. , the video starts.
C. she applies a spray product to keep the braid in place.
D. tutorial, the woman sits in the kitchen with her hair wet from the spray and it becomes perfectly smooth and neatly cut.",2,2,1,1,5.991930630195218,0.14525376650090038,0.14662036652124058,28.145643971996833,2.2595062255859375
423,"Starting a campfire: A man shows how to start fire with a device and a small piece of wood. Then
A. , the man start from the front of the shop to the check the fire scale then goes to the back to start again.
B. , the man put liquids inside the fire and start to cook it taking turns.
C. , the man pulls a small piece of wood that he puts on the fire and continue to change the flame with the digital timer.
D. , the man puts wood on the device and blows the flames.",3,3,1,1,18.8459979802004,0.14795738875000097,0.14609870802974,25.136412503996326,2.0131301879882812
424,"Making a cake: A woman is standing in a kitchen surrounded by floating images of foods. She is then shown with several baking ingredients. She
A. presses tins of baking soda into a sink, and mixed with foam.
B. mixes the ingredients together and makes a bundt cake.
C. dumps the contents of a baking tube onto a white plate.
D. pours the ingredients in the pot, another woman is shown and hugs her.",1,1,1,1,6.16351295678185,0.14675217649983097,0.14609952173915014,24.109031706002497,1.8364791870117188
425,"Javelin throw: As the man gets closer to the line, he releases the javelin and it goes flying through the air. There
A. are bleachers in the background and it is a hot and sunny day.
B. 's a large crowd standing around the field and a few people are flying kites in the air.
C. is then a big splash with the man running to rescue it.
D. is another man dressed in a black t-shirt holding a javelin and he oh so easily catches it.",0,0,1,1,10.208968088372329,0.1452486295002018,0.14647613214610114,26.65374604000681,2.0261993408203125
426,"Kneeling: Two man stand facing the camera. One man speaks the camera. The two men then walk over to an exercise machine. The talking man
A. comes to the camera after talking the machine.
B. is standing but holding his foot behind his head.
C. then grabs the table and surfs while speaking substance.
D. continues to talk with the other man demonstrates exercises.",3,3,1,1,20.441077168903693,0.14595529925009032,0.14610355177497922,23.960389480997037,1.8102188110351562
427,"Triple jump: A man is running down a track by a field. He
A. sticks two sticks into the ground in front of him.
B. takes a huge leap into a sand pit.
C. is wearing a long shirt and running in circles.
D. jumps over a fence into a pit.",1,0,0,0,8.550610212294139,0.14576928624956054,0.14684316660619284,14.386334805980368,1.3193511962890625
428,"Drinking coffee: A small monkey is walking along a branch. The monkey
A. jumps down off of a log and joins a man climbing up a tree.
B. stops and eats something in its hand.
C. is leading a woman through the woods.
D. is airborne for a short while.",1,1,1,1,13.959513267542656,0.14591017374959847,0.1463847753935973,14.343809581996538,1.4405670166015625
429,"Tai chi: A tai chi instructor begins a stance routine and is seen shifting his weight to either leg multiple times before briefly returning to his original stance. He
A. does this several more times and then does the splits.
B. then demonstrates numerous punches and kicks by throwing his arms up in victory over the wallpapers.
C. moves his body around in front of the camera and continues to throw punches while continuing to talk about the technique.
D. then begins a second routine that has him facing either direction for a brief period of time.",3,3,1,0,8.909277593150057,0.14632455149967427,0.1468520517393525,28.19348393299697,2.1243515014648438
430,"Scuba diving: The divers are swimming near the sea bed along with sea life and several sea creatures. There are sea turtles and sea urchins swimming across the ocean. One of the divers
A. uses a yellow tube by pulling on it to line up a catch.
B. goes near a some sort of a man made structure that has sunk into the ocean.
C. swims near the table area checking on all the fish.
D. comes near the water bed and begins playing on the water.",1,1,1,0,14.53875713321302,0.14489927175009143,0.14609024320394312,30.67418718701265,2.2319564819335938
431,"Hopscotch: A girl in a blue dress plays hopscotch hopping in the squares. The girl wearing a pink dress hops in the hop scotch course. The girl in the blue dress
A. stops hopscotch jumping and takes a minute before she stops.
B. hops for a second time.
C. circles the hopscotch squares.
D. sticks her left foot out in front of her to prevent fall.",1,2,0,0,15.297485621714138,0.14469409699995595,0.14599153844509416,28.463160231012807,2.1238479614257812
432,"Arm wrestling: There are several body builders showing their weight training exercises with weight bars and arm wrestling techniques. Two of the body builders arm wrestle on a table while another person is watching them. After he
A. starts he starts using the arm plyin and the other body builder is doing karate with him.
B. picks up a weight, he lifts it to his shoulders and back and elbows.
C. wins the match, he drops the game and laughs.
D. signals the body builders to start, they begin arm wrestling.",3,3,1,1,5.9233242906127215,0.1450867542494052,0.14627999524651952,32.615665975985394,2.36322021484375
433,"Painting: A single hand of an artist is painting a picture on canvas. With delicate strokes
A. , the images of green are seen.
B. , the hand draws image on the canvas.
C. , the artist works bends and strokes the or straight lines of the canvas.
D. the artist turns over the canvas.",0,1,0,0,124.18599833113817,0.14675216199975694,0.14663651361259833,16.863661658997444,1.5641632080078125
434,"Putting on shoes: Some feet with ballerina shoes on are seen in front of cabinets and a fridge. The person
A. steps back and ties the shoe on the left.
B. takes the shoes out of the refrigerator to show her feet while the camera captures her movements.
C. in the pink dress then grabs several machine guns and walks across the room to the front of the cabinet and flames start under the table placed next to the girl.
D. then puts the shoes on and rests the boots on the counter.",0,1,0,1,25.19961053333328,0.1466409365002619,0.14689270749705347,24.82386048301487,2.2330780029296875
435,"Cleaning windows: A man is shown cleaning a window with a tool. The man steams up the window. The man
A. scrapes the steam off of the window.
B. turns off the camera.
C. rips off onion rings and flattens the corners of the window.
D. uses a clear substance on a container.",0,0,1,1,5.0736782996220295,0.14731941650006775,0.14711324463281983,19.41977297900121,1.6874771118164062
436,"Canoeing: Two people are sitting in a kayak rowing. Another person is sitting in a kayak rowing. Words
A. come onto the screen warning of ham website disclaimer.
B. come onto the screen behind the person.
C. are shown on the screen.
D. come on the screen via text.",2,2,1,1,5.627751666242708,0.14785165375042197,0.14647937292123625,19.194286975998693,1.617706298828125
437,"Rope skipping: A woman walks into frame swinging a jump rope around her. She jumps up and down while looking off into the distance. She
A. continues running the jump rope over her shoulders.
B. then holds up a bow and a hookah she takes a big puff of the smoke.
C. stops jumping and walks out of frame.
D. continues jump roping with her hands.",2,2,1,1,4.293135838368227,0.14615703649997158,0.14618264407101614,23.242937977007387,1.9595794677734375
438,"Baking cookies: Man is putting the caramel between the cookies and put grated coconut on the sides. The man talks to the camera and mash the cookies dough and make the cookies form. And
A. put the cookies on waxes paper in metal tray.
B. the men are holding steep cookie cutters.
C. out of the oven people are putting cookies on frosty.
D. the ingredients for the cookies lies on a counter in a refrigerator.",0,3,0,1,23.645451250978148,0.14698455124971588,0.14689859164765778,28.939366392996817,2.0905914306640625
439,"Camel ride: A man is standing in front of a camel. Two children are riding it as it kneels to the ground. The kids
A. ride the camel past the people.
B. stand up and continue riding the camels.
C. sit the camel up while the man helps them down.
D. are then able to dismount from the camel.",3,3,1,1,8.825706148174348,0.14854797350062654,0.1468960211610624,22.481699047000802,1.746673583984375
440,"Playing pool: The man misses a shot but gets it on the second shot. The man scratches the ball and takes it back out of the pocket. The person
A. throws more darts at the dart board.
B. is talking again and manager wants to know how to move a ping pong table again.
C. throws the ball onto the lawn.
D. plays a game of pool by himself.",3,3,1,1,11.846344124908283,0.1456953269994301,0.14658951839389348,24.770051842990142,2.0156402587890625
441,"Making a cake: Chef judy koh appears is in a professional kitchen, speaking to the camera. She shows off a large metal pot and wisk. She
A. boils some eggs in a bowl, appears to get some red sauce, and speaks again.
B. stirs the wisk in the pot and mops it thoroughly.
C. attaches them to a mixer and mixes several ingredients.
D. then uses the pot and utensil to butter egg, butter, baking soda and lemonade drinks.",2,2,1,1,24.485670545498582,0.14603623674975097,0.14671530633145985,28.460053149976375,2.1736221313476562
442,"Doing a powerbomb: The large man the picks up the person and throws him into the dirt and walks away. Once the guy
A. is sitting in the grass everyone runs around the area to check what the game is about.
B. is finished, a black screen appears over his shoulder and new instructions appear explaining this scenellant.
C. is done throwing it, two wrestlers take their turn and the referee is called, and the two continue to throw the guy behind the fences and in between.
D. has landed, an instant replay of the incident is shown from the same view.",3,3,1,1,16.48597429273917,0.14658975124984863,0.14644625274452308,27.532469509991643,2.2537765502929688
443,"Javelin throw: A man is standing on a track. He
A. gets into a pile of sand.
B. uses a pole to run.
C. raises a pitch and runs to measure the distance of his throw.
D. runs down the track and throws a javelin onto the field in front of him.",3,3,1,0,4.770335599474732,0.14519104400005745,0.1458025337051942,14.432004877993677,1.4735565185546875
444,"Kite flying: Many people walk around a beach and fly kites on a sunny day. A child
A. throws a kites off a building as an older man watches.
B. stands on a sailboat and appears in a scene of animation.
C. chases after a kit flying in the air on the beach.
D. rides a kite in the sand.",2,2,1,0,10.787453225796716,0.14861388625013205,0.14651379779365564,19.05519406700114,1.5723190307617188
445,"Shaving legs: A close up of a person's leg is seen followed by a large razor. The person
A. is then seen shaving around the outside while another man begins shaving behind the legs.
B. shaves the other's leg while the camera pans around his hips and legs.
C. then begins using the razor on their leg up and down.
D. then shaves the other's legs and lingers on the leg.",2,2,1,1,8.672157900176062,0.14556490175027648,0.14630582634515416,21.357686948012997,1.6972503662109375
446,"Disc dog: This woman is playing frisbee with her dog in a secluded grassy area. She
A. is coloring in her markings to help her concentration.
B. has 2 different colored frisbees and she throws a white one and a green one as the dog catches every one of them.
C. jumps down from the fence while her dog is chasing her.
D. begins hopping around the grass because she wants to hit it as fast as possible.",1,1,1,0,7.2573059851928265,0.14472413674957352,0.14634026060278688,21.94457459500518,2.0311355590820312
447,"Using parallel bars: A crowd in the background watches gymnasts performing. A gymnast
A. performs a contortionic jump rope routine.
B. is handed a baton and he begins spinning and doing gymnastics.
C. rides the horse and spins around them.
D. runs across a floor, performing cartwheels and flips.",3,3,1,0,12.342720839929184,0.14519284949983557,0.14648995139249793,16.25519619699662,1.4745635986328125
448,"Raking leaves: A man is carrying a board across the lawn. He
A. sits down on the ground and takes off his shoes.
B. goes up and down the stairs on the board.
C. is doing tricks around a smooth patch of grass.
D. starts using the board to push leaves into a pile.",3,0,0,0,8.695903454938112,0.1451801592497759,0.14682264577553797,14.969339923001826,1.331817626953125
449,"Baking cookies: After, the counter is shown and there is a cut out tulip in cookie dough. She then grabs a stick and places it in the middle. Once the stick
A. first comes out, the screen goes into blue mode and the book appears.
B. is in, she raise it above her head, grab a red metal fork with a fresh flower on it and then stick it in her bottom lip.
C. is in, she adds a piece of cookie dough to the back to make sure the stick is in place and begins talking.
D. placement is complete, she adds another one to the mix and the product is won.",2,2,1,0,11.284151504212144,0.14757321375100219,0.14621832558015377,34.36672606401953,2.5814971923828125
450,"Starting a campfire: A fire is burning out in a fire pit. A man is fueling the fire. The fire dies down a bit. The man
A. continues to log wood.
B. stops the fire with a flint to light.
C. uses a flint brush to light a small fire.
D. gets it roaring again.",3,3,1,1,22.829566099809977,0.14504986875090253,0.14663433027100484,23.30852066700936,1.8348770141601562
451,"Beer pong: A man in a black shirt and grey cargo is standing next to a beer pong table talking to the camera. As he
A. talks the person with the rackets shows up and gives him a drink.
B. continues talking, more people are shown swinging and hitting the balls.
C. is talking, a young lady with long curly hair begins tossing balls across the able trying to get them in the cup.
D. hits the ball, someone walks into line behind him and starts shuttling the balls back and fourth.",2,1,0,0,17.879127911508114,0.1459506994997355,0.14646201568915795,26.5075795749799,2.0897369384765625
452,"Putting on shoes: A boy talks to the camera from behind a row of shoes. The boy tries to walk in heels. The boy tries to walk in large shoes. The boy
A. tries to put on another pair of shoes.
B. attempts to walk in stilts.
C. tries to open a lemonade stand in a busy sidewalk.
D. tries to walk in the shoes indoors.",0,0,1,1,3.2211441886410976,0.1448485664996042,0.145653940022581,26.214487709972673,1.9792633056640625
453,"Longboarding: Holding their arms behind them or their hands outstretched helps to control their speed and direction. Patchy areas of snow
A. are present on the sides of the road, indicating the still-cool temperature.
B. are shown with occasional team members standing on the ice or water wearing protective gear and paddling.
C. are shown on elevated hills as they do their dancing tricks.
D. are shown falling from the sky down the road while parts of the road are still covered in snow on the left.",0,0,1,1,19.87455069415369,0.14861348799968255,0.14640411995976044,26.068770824997046,2.0546875
454,"Making a cake: We see the person put ingredients into a mixer. They pour the dry ingredients into a large bowl together before putting into the mixer. The mix
A. is stirred and still warm at the end.
B. is scooped into a bundt cake pan.
C. is then stirred as they use a one ball mixer.
D. is left to steep for a little bit.",1,1,1,1,7.306813173263613,0.1454729762494935,0.1464807614784763,24.458256025989613,1.8278579711914062
455,"Table soccer: Two men interact with a game table, while clarifying text occasionally interjects. The two men fold up and down the gaming table, with interjecting explanatory text. The two men
A. resume interacting with the gaming table.
B. roll a small wooden disk and pass it between two opposing tables.
C. laugh with the camera.
D. once again shake hands with an electronic rail that cuts out in a fast manner.",0,0,1,1,9.676552135172011,0.14547029849973114,0.14696075736329609,30.120993424021435,2.271881103515625
456,"Canoeing: A person is seen riding in a canoe along the water with another following behind. Another person is seen riding in a canoe with text shown across the screen. More text
A. is shown as well as clips of people riding around in canoe.
B. appears on the screen and shows the camera showing a man walking quickly behind a canoe.
C. is seen up close.
D. is shown across the screen while the men continue on fall and knock over off of the canoe.",0,0,1,0,10.515987942591094,0.14585558074986693,0.14590181069192426,29.47198084000047,2.2571868896484375
457,"Putting in contact lenses: Then, the man takes off his glasses and take a contact lens with his finger, then he puts again his glasses. After
A. , the man takes off his glasses, then open his eye with two fingers and put the contact lens.
B. , the man holds his upper right eyelid open and the contact lens made of glass and make one lens entrance.
C. , the man turn the glasses on and puts the contact lens with his left eye and tries to focus on having a contact.
D. , the man remove the contact lens and puts drops, with the second finger, to the table in front of him.",0,0,1,1,6.77688289055751,0.1457702532497933,0.14649188360287757,31.199884686000587,2.19451904296875
458,"Drinking coffee: Then the dog comes back and begins drinking from a coffee mug that is placed on the coffee table. The stands on its hind legs to reach the mug and drink the liquid in it. The dog
A. proceeds to slobber on the dog's leg and the person turns it over.
B. jumps down and goes stands back up on its hind legs to drink some more from the mug.
C. moves back and forth swimming through the mug.
D. studies the mug and then takes it off the coffee table.",1,1,1,0,7.476910100398849,0.1450035765001303,0.1465220210223736,33.40094701501221,2.4194259643554688
459,"Smoking a cigarette: The woman transition into shots of a man crying and a woman wrapping a towel around him, as well as the woman speaking in various settings. She
A. puts tape over his eyes afterwards.
B. 's shown getting on the phone with people she does interviews with.
C. then stops wrapping the towel and commenting, and continues wrapping and speaking and leading into her sitting with the man.
D. is seen speaking to several people in the end while they hug and cry as she looks worried.",3,2,0,0,27.63427663709082,0.14551071349978884,0.14609120813398926,28.923737231993073,2.2261505126953125
460,"River tubing: Children are seen entering the water area with floats as well as a pet dog in the area. The man
A. continues to talk to the camera intersperses with images of the people having fun at the water event.
B. sits the dogs down in swimming suits and walks along the beach.
C. paints the dogs nails an they brush his nails one by one using hairspray and using a tool.
D. lights a stick on fire and the kids follow suit using their sticks to stand in the water.",0,0,1,0,19.7117741396058,0.1508774097501373,0.14625061739394424,24.734861509001348,1.897064208984375
461,"Preparing salad: An illustrated egg, the website ""startcooking com"" and ""vegetable salad"" are shown on screen. Ingredients for the recipe are shown. A person starts preparing the recipe by chopping vegetables. The finished salad
A. is shown afterwards being blended and seasoned with sugar.
B. is put into a storage bin.
C. is shown from above.
D. is displayed on screen by the time the vegetables are actually born.",2,2,1,1,5.748536523439212,0.14793519075010408,0.14646904184649662,32.08258475999719,2.3542633056640625
462,"Bathing dog: A shower head is shown. A woman is sitting on a bed with the dog. Her and the dog are in the shower. She
A. sizzles at the dog while washing him.
B. laces up her shoes.
C. washes the dog while he washes the dishes, while he attempts to get into her face to eat each dish.
D. is spraying the dog with water.",3,3,1,1,3.3348425643758954,0.14653527824975754,0.1464382165210197,25.041323272009322,2.215545654296875
463,"Doing kickboxing: A young adult male punches and kicks a suspended punching bag. The young male
A. then starts to move around the punching bag while still punching and kicking it.
B. throws a fist in the air then does crunches in the tiled floor.
C. lifts and steps on the folded punching bag while the young male grabs a right hand and securely pushes it against the punching bag before dropping his arm to his side and his body jerk.
D. shows his foot as he moves, kicking and punching the air up and down.",0,0,1,1,7.616328840092835,0.14566814125009842,0.14666352359738274,23.168855198997335,2.2000198364257812
464,"Getting a haircut: A group of women are gathered in a room, then go to the beach. A woman
A. begins talking to one of the women while snowboarding.
B. effortlessly climbs a rock wall to do sit ups.
C. photographs the others under the pier.
D. surfs while another mops beside her.",2,0,0,1,40.26003603188479,0.14582808375007517,0.14646263358685066,18.30529099900923,1.5364532470703125
465,"Using uneven bars: She is then shown preparing and then mounting a high beam. She flips and turns on the beam, changing between two beams. She
A. then switches places above several rooftop shingles.
B. re-mounts, swinging down and flipping again.
C. then pins it down and sharpens the bar.
D. dismounts, throwing her arms into the air triumphantly.",3,3,1,1,6.047806216667688,0.14523711850051768,0.14577682013282645,23.613686054988648,1.83447265625
466,"Making a cake: The woman puts solids on a big bowl and then add the wet mix, oil and milk, then mix with an spatula. After
A. , the woman add the cooked ball, then she add a creamy mix.
B. , the woman stick both pans on the pans and add some pasta and garlic.
C. she bakes the cake, she picks out the cake pieces, put fryer and the pot on top, then few cakes are baked, and they a white cake in the black platter.
D. , the woman puts the mix in a greased baking pan and make a syrup with orange juice in a pot.",3,3,1,1,11.736350305426045,0.14497328350034877,0.14609675381221174,31.698501696002495,2.6572113037109375
467,"Canoeing: He is sitting by himself in it because it's so small it only fits one person really. He uses a lot of energy into paddling, going really fast. I
A. try to text him from home, but he doesn't text back.
B. go back to filling up the water water with the tubing machine and soaking it up.
C. believe he is probably practicing for an event late in the future.
D. only ever see him a few times because he keeps looking his phone like someone is showing it to him.",2,0,0,0,24.263660105439847,0.14488327375011067,0.1460610545117659,31.69053770600658,2.3499984741210938
468,"Playing beach volleyball: A small group of people are seen standing on a beach playing a game of volleyball. One person hits it to the other and they hit the ball game. The game
A. continues on while people are seen watching on the sides.
B. continues on with one person hitting the ball and the other displaying the score on the side.
C. continues across the beach, taking turns.
D. continues around a person hitting the ball back and fourth to one another.",0,0,1,0,10.432598373781833,0.14644635375043435,0.14601063807175915,29.057859838994773,2.1827621459960938
469,"Tango: A man wearing a suit in the city walks down the streets of new york and meets up with another man who likes just like him. The men compare items and then perform a dance routine in the center. The men
A. hug and handshake with one another, then they walk out of the building until it's time for them to move the disk.
B. grabs hands to end the routine then walk away from one another.
C. walk back from each other while walking away from each other.
D. wait outside a house while other people ride bicycles down a rural road.",1,2,0,0,22.902103328001626,0.14639622575032263,0.14651092475407465,36.334250542995505,2.679473876953125
470,"Smoking hookah: Various words show up in between many different clips of many different people blowing smoke out of their mouths and doing many different tricks; and when the words are put together they say ""its time to make it right"". When the clips
A. come back they take a picture of a setting along with malware using colorful smoke rings and then tiling products that have been placed in a counter to set up the smoke.
B. are done a black screen appears and blue letters appear and it say's "" thanks for watching "".
C. end of the puesch is shown, right there in a video, shaking hands with judges and friends back towards the stage and speaking to the band.
D. are done one person comes down a snowy hill with a stick and hits several snow angels.",1,1,1,1,20.075142826292296,0.14551057600010608,0.1460361015656463,43.95476446899738,3.0728225708007812
471,"Rollerblading: Cars begin to pass the lady. The lady passes parked cars. The lady talks as she stands in front of a building door. She
A. shows off her new check.
B. is driving on her back country dirt bike.
C. walks around and says goodbye to many in the crowd.
D. talks near a highway.",3,2,0,1,32.145652436219834,0.14610236124963194,0.14573471491621018,23.173290257011104,1.8481292724609375
472,"Knitting: A woman with glasses on is knitting. A girl in a black shirt is sitting down talking. The woman
A. starts knitting the girl's hand.
B. is playing crochet with a dog in her lap.
C. grabs a cat and turns it on the table and swats it with a white cloth.
D. knitting talks back to the girl.",3,3,1,1,15.869413065352703,0.14543513125045138,0.14582620316429454,20.122451749017273,1.822265625
473,"Shoveling snow: A person is seen shoveling up some snow with the camera laid on his head. He
A. then bends down with another person laying down and the two continue to shovel.
B. is back talking and covering up the camera.
C. lets a dog out of the bag and walks in circles around him.
D. shows several shots of him shoveling up the snow, a close up of his face, and panning around the area.",3,3,1,0,6.769566829288044,0.14656330100024206,0.1458720519615851,23.342293310008245,2.0596237182617188
474,"Longboarding: A vacant beach is visible and people began to pull their cars up against the coast. The sidewalk
A. is then cleared as their returned to the business of pulling cars down the road.
B. in front of the cars is lit up with awe and people begin to drive.
C. then appears and a boy begins to skateboard down the road near the beach.
D. is then placed on the beach and they begin to neat up a little.",2,2,1,1,14.710821099150518,0.14546091374950265,0.14554361467813978,21.831211398006417,1.6881561279296875
475,"Shot put: A large man in yellow shirt and headband spins and throws a shut put that veers to the left of the field. The man
A. in beige pushes the ball with his fingers numerous times knocking pins over, leading into another man running and raising a 1 in the air and another trying to hit the ball.
B. walks closer to the edge of the field and adjusts his weight.
C. is pleased with his shot and pumps his fist.
D. books back and forth to knock dirt for two more rounds and the score is shown in red letters on the screen.",2,1,0,1,10.07103172122234,0.14511221099974136,0.14579641165996898,29.302341941012855,2.5003280639648438
476,"Skiing: Snowy mountins are shown and people is doing snowboard going down the hill holding poles. A snow house with kids playing is shown. Ma is playing with a toy airplane. People doing snowboarding
A. is place green and white.
B. are also doing a snow mountain.
C. is around the ski and part of the snow is melting.
D. are going down the mountain with red lighes and fireworks are in sky.",3,3,1,0,25.80139497485096,0.1451798234998023,0.1461257776431302,31.705509931985944,2.3784561157226562
477,"Throwing darts: A little boy is throwing darts at a board. He
A. throws a dart at a ball, then turns around.
B. hits the board with a dart, and slides to the floor, unable to get up.
C. walks towards the board and puts his darts down.
D. walks over to the target, looking at where the darts hit.",3,3,1,0,8.358996010996348,0.14527825349932755,0.14602013327983174,17.811488741017456,1.5994491577148438
478,"Mixing drinks: A woman add ice on a glass while talking. Then
A. , the woman pour slicing soda and put a small mug.
B. , the woman adds syrup in the glass using a measure cup.
C. , the woman sticks the glass and drinks the alcoholic beverage.
D. , the woman hand ice to the cup, then she add an liqueur.",1,2,0,1,19.33860208478338,0.14536416350028958,0.14620949015608542,16.518291081014468,1.4952468872070312
479,"Hurling: We see a man interviewed and a team huddle and see men play. A man in interviewed and we see the men play lacrosse. A man in red
A. talks into a microphone then wags his arms.
B. is interviewed and the teams shake hands, hold up their trophy and pose for photos.
C. throw the ball and the teams run around.
D. talks to the camera and we see three men speak to the camera.",1,3,0,0,9.356698497819753,0.14522905849980816,0.14620458674214062,28.35978771500595,2.1408157348632812
480,"Futsal: An advertising screen appears momentarily as the video begins. A group of men are shown kicking a ball back and forth in a stadium. The men
A. are then seen playing kickball but hold a far away stance and drive of the ball that they have just returned.
B. run after the ball, attempting to capture it from the opposing team.
C. appear to be simulating kickboxing as they kick and twist their feet.
D. perform several dives from the jump ropes.",1,1,1,1,8.090026974224235,0.14535386124998695,0.14560209603793894,27.372201115980715,2.1882705688476562
481,"Plastering: A man put paint on the wall with a hose, while a person uses a flat mop to spread the paint. Then
A. , the man puts paint around the window.
B. , the man lift a brush and sectioned cement with a short blade, when stain is removed, the man pour large yellow powder on the wall with a reacts.
C. , the man vacuum the floor, put a rug on the floor from corners and the person put more carpet around.
D. , the man painted the wall with paint, afterwards add another paint, then continue painting.",0,3,0,1,23.848593669412825,0.14561120850021325,0.14641277848166387,28.547285523998653,2.3843154907226562
482,"Shuffleboard: The man moves to the other end of the table and the camera moves to see them from the end. We wee the person slide all their blue then the red discs down the table. We
A. see a full sheet and a credits screen.
B. see a hand appear and point.
C. see the end title screen as the couples move.
D. seen the tip of the man take the ball the person wants and he pushes it down the table.",1,3,0,1,41.2792979312091,0.14523392599949148,0.14579190563333777,31.197235886998897,2.410797119140625
483,"Canoeing: All of a sudden, a person on a long raft comes paddling down the water and goes over the fall with ease. Once
A. it slows, another group is shown being thrown off in teams and the climb up the side, and all of a sudden, a rope joins them floating down, and they all then go down the river in tubes.
B. up, he paddles with his hands on his hips.
C. he passes through the small waterfall, the paper shot appears and it shows the city and a website that includes the address of the vehicles and people that use them on water skis.
D. over, they continue paddling and sailing through the water as the people on the side watches.",3,3,1,0,15.131406050880804,0.14510851350041776,0.14601159436283806,33.57905438000307,2.7471694946289062
484,"Doing fencing: We see two men fencing in a stadium. A man throws his arms in the air. The left man falls to the ground. The left man
A. fights with his right.
B. dismounts and whips his vest.
C. throws his hand in the air.
D. pushes him down and rubs his face.",2,2,1,1,5.444542576700434,0.14476506649998555,0.14531084888974213,22.95693099502023,1.7777328491210938
485,"Playing squash: We see finger in front of the camera. A man in green walks unto a squash court. The light
A. turns green and we see the man.
B. turns green and the man touches a squash hole.
C. switches to red then green.
D. goes out and the room is dark.",3,3,1,1,6.396221858904993,0.14478864850025275,0.1453600429354523,18.603799917997094,1.5685577392578125
486,"Spread mulch: A man kneels down by a tree in a yard. He
A. picks up a ladder on a tree.
B. sprays the dirt around and hands it off to another man helping to rake the grass.
C. uses a rafter to lift his body.
D. talks as he digs with his hands.",3,1,0,1,28.802272228733177,0.1453900660008003,0.14606931112131996,16.210976553984437,1.6085433959960938
487,"Making a cake: . All the ingredients you need to make butter cake
A. is in a pan and you set the pan on the stove.
B. are on the counter, someone is pointing at each ingredient and starts grabbing them.
C. is in a plastic bowl and put a vanilla ice cream cone in the other bowl.
D. go into the oven, double oven and bake until the hot cooker is ready.",1,1,1,0,33.24564649072373,0.1455210335002448,0.14610165262289038,17.237672533010482,1.4880142211914062
488,"Making a cake: While the list of ingredients are shown that include: 1lb figs, 1lb raisins, 1lb cherries, 1lb currants, 1lb prunes, port wine and angostura bitters; they are all poured into a white bucket. Stirring
A. with a teaspoon is added a bit at a time to make sure it's all perfect.
B. the lye with a stick is shown with a electric whisk and an unstick sprayer along with some ingredients in a pot.
C. the jar vigorously seems to be the most dangerous thing to do with vegetables and salt.
D. begins immediately and the instructions on the screen say to let it soak for at least two weeks to up to 30 days.",3,3,1,0,14.174601620792615,0.14583086600032402,0.14590655638746752,49.89973952296532,3.2410964965820312
489,"Getting a piercing: A woman gets her belly button clamped with a white clamp. She
A. then gets her belly button pierced.
B. shows her belly button and piercing.
C. is shouting about how to or should not open your top button.
D. then gets a piercing in her lip.",0,0,1,1,3.468973301383033,0.14611114899935274,0.1463974402913399,15.663380946005418,1.4935989379882812
490,"Hand car wash: A man wipes the water back and looks at the camera. Men do dances in a line and scenes of washing the car. We
A. see a saloon but a crowd is standing around.
B. see titles for the videos and the wiki screen.
C. see the ending title screen.
D. see a red logo and scene of people smoking cigarettes outside an overpass.",2,3,0,1,37.043997698392346,0.14620113325054263,0.1462265324556754,23.688596660998883,1.90545654296875
491,"Rope skipping: She turns the jump rope once more and catches it with her feet. She does it once more. She turns the jump rope and completes a full jump. She
A. runs back, outers and claps.
B. dismounts and bows her head.
C. dismounts and bows in the crowd.
D. goes and does it again.",3,3,1,1,10.225220482296377,0.14522071374994994,0.14548617676155118,25.604505257986602,1.9055862426757812
492,"Hitting a pinata: But she misses a few times because the pinata moves up and down in the air. After a while of trying
A. to get the poles up but they have a hard time staying upright she goes for the pole once more.
B. with the pinata, the little girl finally gets to the one that is missing a few times but has broken up and is upset.
C. , she fails and has to start over again and in the end she dismounts.
D. , she hits the string the pinata is hanging from and knocks the pinata down, but has barely gotten any candy out.",3,3,1,0,10.344687466077513,0.14547815574906053,0.14637877172546332,30.443182054990757,2.2359237670898438
493,"Doing motocross: A girl names ashley dressed in all purple walks up slowly, then it turns to nature view of dirt and flowers. Ashley comes out getting dressed in her motor cross gear and slowly walks her bike out. She
A. is then shown riding on a cotton dirt track and wearing a stopwatch on her body.
B. goes out and starts riding through the dirt, catching some air really high after hitting little mountain hills.
C. walks around in circles before looking at herself in the mirror and putting her pedal up.
D. starts her bike and looks over a hill then gets in her motor cross gear.",1,3,0,0,31.423273406190628,0.14500110350036266,0.14616841594881666,37.70678206500088,2.5760574340820312
494,"Starting a campfire: First, the man shows off the flint he has for the fire. He then puts the flint into a pile of wood. The man
A. then scrapes off the wax before he makes the fire.
B. does this until only the small fire remains.
C. then lights the fire, which slowly spreads throughout the wood.
D. continues showing off his finished fire.",2,2,1,1,7.394266807094894,0.1450891710005635,0.1456735562848925,25.636208365003768,1.9193954467773438
495,"Zumba: They join the woman walking with the stereo in her hand. Several other people join them as they walk and dance to the music. All the people
A. put on their coats as they dance along to the music.
B. rise up in the air and sing harmonicas that they all dance together in unison.
C. break into a synchronized dance right on the street.
D. are playing instruments while singing and dancing.",2,3,0,0,13.668682573895937,0.14575400374951641,0.14578348358720686,25.657775191997644,2.0453720092773438
496,"Rope skipping: Various clips of people rope jumping play and sometimes there's just 1 person jumping alone, but most times there are between 2 and 4 and a lot of times they are alternating between jumping and holding the rope. The clips of videos
A. are constantly shown of people rope boarding in different settings.
B. ends and various still shot pictures involving rope jumping are shown on the screen and a black screen appears when the pictures are done and the purple and white letters appear on the screen that say "" rope skipping "".
C. are shown in slow motion as people are leaping roping, jumping, hanging onto the rope, disappearing into the trees and even moving carefully around.
D. show people gripping the rope and preparing to jump through a hole they made in the ground pull the rope.",1,1,1,0,18.530021996683267,0.14504249124956914,0.14582554280076057,45.20278606203101,3.3280487060546875
497,"Arm wrestling: Various people are watching from the sides and the men begin to arm wrestle. A man is interviewed by the cameraman and shows off his biceps to the camera. Two men
A. hand introduce wrestling on stage.
B. are united in their arm wrestling contest and pull more wrestlers and get interviewed in interviews.
C. continue talking to the camera and eventually begin arm wrestling again.
D. are hand wrestling in an x-rated movie and are cheering as captions with and title show them.",2,2,1,1,16.331882294058673,0.14553542849989753,0.14586556835432735,30.630448794991025,2.2783889770507812
498,"Skiing: A skier holds a ski stick in his left hand and a pole in his right hand. Then
A. , the man ski down the hill covered with snow.
B. , the skier skis down a dirt track and to the other side where a lot of trees is.
C. , the man skis in snowslides going fast.
D. , the skier lands on a long pole.",0,0,1,1,25.71076203240143,0.14491171599956942,0.14550450048628677,21.823303934996147,1.9300994873046875
499,"Plastering: Three men are spackling the wall as two comparisons are shown. The two men inspect the wall. Another man walks up and is introduced to the other man. The man
A. walks away as the first two continue talking.
B. returns to waxing the wall.
C. continues to demonstrate the wall's rights.
D. shakes his hand and begins to nail the wall.",0,0,1,1,8.871387949329636,0.14479257849961868,0.1453933333064357,27.622330308995515,2.0295181274414062
500,"Using parallel bars: A gymnast mounts a high beam in a gym. He
A. then dismounts, landing in a sand pit on the gym floor.
B. steps onto the beam and spins around many times before performing.
C. flips and does several springs.
D. does a forward somersault, flipping down the steps.",2,0,0,1,113.64497719806266,0.14572155125051722,0.14608779479044426,15.922104657998716,1.4673309326171875
501,"Playing lacrosse: There's a man in a white shirt standing in an open field doing a tutorial for expert village on how to play lacrosse. He is holding a lacrosse stick in his hands as he explains the techniques of the game. He
A. makes hand gestures to demonstrate the correct method of holding the lacrosse stick for effective playing technique.
B. then demonstrates and shows how to use the lacrosse stick to hit the ball without making it into the net.
C. then goes into the field and displays several moves like stadiums as he gets the instruction.
D. begins by standing on the field and holding the lacrosse stick in both hands as he bends down and pushes it up against the wall.",0,0,1,0,10.171384907232433,0.1451861209998242,0.14650676380065744,41.749145111984035,2.8541793823242188
502,"Kayaking: A man is seen sitting in the water in a kayak speaking to the camera. The man continues speaking while holding a paddle in his hands. He
A. continues riding along and ends by turning off the camera.
B. puts the paddle down and a pair of clothes are seen in the water.
C. then begins rowing the boat in the water while paddling away.
D. moves around a bit in the water and leads into him paddling along the water.",3,2,0,0,14.974935722226688,0.14537529599920163,0.14606319222104142,27.018938976005302,2.0158920288085938
503,"Making a cake: The lady pours ingredients into a bowl and stirs. The lady stirs an egg mixture and mixes it in with her original bow. She
A. then adds a left egg maru sauce & stirs it in with her sesame bell peppers.
B. dishes out the finished gifts with the bow and presents the pictures to the camera.
C. shows off a braided cloth.
D. puts it in a glass pan and puts the pan in the oven.",3,3,1,1,4.106307972441674,0.14529956375008624,0.14563382871663433,26.795287423994523,2.0822830200195312
504,"Playing pool: A man in a light blue shirt breaks the pool balls to start the game. He walks around the table looking for a good spot to hit. Then he
A. moves around the table again and makes it in again.
B. walks away from the table and the game ends in a salsa dance.
C. gets all angry and continues playing so hard that some players start to do some part of the game when they start to look for his not playing an the game.
D. starts to read the lower paper and grab the ball.",0,0,1,1,22.405133864622872,0.14493727599983686,0.14546118679000755,29.67198646200086,2.5259780883789062
505,"River tubing: A family has a picnic, and goes tubing on inflatable rafts in a narrow body of water surrounded by trees, on a rainy day. A family of people sit at an outdoor wooden picnic table, eating, waiving at the camera. The family
A. watch the weather outdoors as it begins to rain and a little girl runs out into the rain and dances in it.
B. lights a campfire in the woods before going tubing down a cable car ride.
C. breaks their fast, then celebrates by eating ice cream as the camera flashes and fades.
D. is strangely calm and even while they engage in some water tubing activities.",0,0,1,0,17.740453409068422,0.1457327959997201,0.14577728041367272,41.109015138999894,2.8435287475585938
506,"Windsurfing: A woman is holding onto a wind surfboard in the water. She
A. takes off, flipping over and flipping across the board.
B. waxes up her sail before she plunges into the water.
C. brings it into her body and begins doing her dive into the water.
D. steps onto the board and starts wind surfing.",3,3,1,1,12.418273214983564,0.1451282484999865,0.14549100730244605,17.893942862991025,1.5562515258789062
507,"Fun sliding down: The boy likes playing with a large wheel on the playground. Once again he goes down the slide, but with dad right behind him. He
A. scores a goal shooting the ball up into the air.
B. goes higher and higher on the playground and people watch him too.
C. loses his balance once more and starts moving around.
D. goes down the slide a 4th time but with another little boy.",3,1,0,0,15.712227591669839,0.1448122535002767,0.14552317930629952,25.754759033990922,1.9512252807617188
508,"Kneeling: Man is in a oofed gym stretching his leg and doing exercise in front of a chair. The man
A. is back on the gym talking in front of a blue and red wall of mirrors.
B. picks up the heavy weight for o sit himself.
C. bend the other leg and stretch it.
D. is taking off his boots and is exercising in stair walking foosball.",2,2,1,1,24.15118707291749,0.14509496350001427,0.14584917022663527,22.45775538799535,1.8589706420898438
509,"Throwing darts: The man in the peach shirts throws a dart at the dart board. A man in blue hits a cue ball. The man
A. in the red shirt holds up his batons.
B. in peach lines back up and shoots three darts at the dart board and removes them.
C. holds up a gun.
D. spins on his heels and throws the dart.",1,3,0,0,18.77771970973992,0.1453245962497931,0.14633975796202978,23.702980142999877,1.9921493530273438
510,"Playing congas: Several female singers are singing while a choir of younger people sing backup. A young drummer and a man playing the piano
A. in an outdoor venue.
B. are near each other as the young boy looks around.
C. are at the same time.
D. stops tallst the singer.",1,2,0,0,27.82048819527069,0.14567501349984013,0.14665221871218542,19.940792924007837,1.6860275268554688
511,"Camel ride: A group of men are in a sandy desert. They
A. climb on top of camels and ride them.
B. are wearing rafts, and seated in them, they navigate the rough waters of a river.
C. are paddling through the water, using handgrips and oars.
D. are parasailing on the sea bed.",0,0,1,1,4.041952059055748,0.14565849349992277,0.14613501045369048,16.365215102998263,1.566925048828125
512,"Discus throw: A man is at a mound, spinning a disc around in circles. He lets go of the disc and watches it fly. A line of discs
A. are shown, while another man draws on the ground surrounding it.
B. fly from a palm into a pool.
C. fly, then we see an old video.
D. is shown before a group of people on the field, choosing their own disc.",3,3,1,0,28.58340629309818,0.14556612349997522,0.14605921782173215,25.996568394981296,2.00323486328125
513,"Beach soccer: The man in red shirt run towards the ball, kicked the ball, and the goalkeeper wasn't able to block it, the player high five his teammates. The players
A. positioned their equipment around the court.
B. are kicking the ball to the goal and the goalkeepers weren't able to block the ball.
C. play third base in the game in an attempt to more effectively play.
D. perform a match by throwing the ball to como players on the field.",1,1,1,1,5.436260132308154,0.14498856350110145,0.1451129640151769,29.312321129009433,2.2428207397460938
514,"Building sandcastles: A group of people start to dig a structure close to the shore. As the digging continues more people join to dig as a pattern ensues. The digging
A. continues and people start to add rocks in a linear fashion around the rig and dig beside the rocks and eventually cover the rocks with sand.
B. continues until a campsite appears in the distance.
C. continues and the lake gets closer and darker.
D. continues on and on until the people form a circle with one being kneeling on top and the other kneeling behind.",0,1,0,0,24.87146681372631,0.1456383562499468,0.14666447611535624,31.088764456993886,2.4297866821289062
515,"Doing a powerbomb: Two men are standing outside a swimming pool. One lifts another and then throws him into the water. The man
A. then sits down on the side of the pool and talks to the camera.
B. swims up to the surface then grabs his shirt and dives into the pool.
C. rises up and shakes his head.
D. lies on the water outside the pool.",2,0,0,1,22.30897511116171,0.1453758759998891,0.14560023251002752,22.275938147993656,1.8053054809570312
516,"Vacuuming floor: A vacuum is shown standing in a kitchen. A woman uses the vacuum in various scenarios. She
A. vacuums the floor and walls.
B. sits on the floor and vacuums the carpet.
C. cleans up dirt, pet food, and candies from the floor.
D. vacuums around the carpet.",2,1,0,0,9.855526177828315,0.14606001850006578,0.14569002728239866,19.669633647994488,1.667694091796875
517,"Mooping floor: A woman is talking while seated in a chair. She
A. adjusts her ears and rubs lotion into her face.
B. grabs a contact from her eye and focuses on the contact.
C. shows off a design on the table.
D. hangs up the phone and smiles at the camera.",3,3,1,1,9.903271072338041,0.14517640374970142,0.14580888742267167,14.72416769499796,1.3702163696289062
518,"Cricket: A view is seen of the open sky and credits. A group of people are playing a game on the field. They
A. are engaged in a game of cricket.
B. are sporting hooters and the words "" times square "" are displayed.
C. run in a large circle, trying to hit the ball.
D. run and else turn to their sides and walk away.",0,0,1,1,3.3095616518856663,0.14497103125040667,0.14560584007334304,22.420760136003082,1.8120269775390625
519,"Playing congas: A black screen with white text explains that it is an instructional video on how to play a song on two congas. A man in a music room standing behind congas
A. wearing headphones is talking big discus chapepei to the camera.
B. peels an instep with drums.
C. plays the congas as after every part played is then slowed down to show more detail.
D. is talking about a conga tastic to be an old video of woodfield man.",2,2,1,0,30.801098208139656,0.14623292324995418,0.14605940587862454,30.673169303996474,2.2279129028320312
520,"Preparing salad: A woman introduces that she will make a salad. She starts by taking a hand mixer and mixing several ingredients together to form a dressing. Then
A. she adds hot chocolate syrup and water to the mixture.
B. , she adds the additional ingredients together with some cous cous and mixes everything together.
C. , she squeezes into a pot and put some chopped parsley and garlic in it.
D. she adds other ingredients, mixing the salad, followed by slicing the chocolate into slices.",1,1,1,0,25.38225777914881,0.1455630359996576,0.14573838586743704,26.960899986004733,1.9731063842773438
521,"Tai chi: A woman is standing on her back patio. She moves very slowly, lifting and lowering her arms and legs. She
A. then poses for a couple of poses.
B. performs several slow martial arts moves.
C. raises her back into the air, then down again.
D. then lifts them to her chest, exhibiting a step and head raise.",1,1,1,1,20.715245587169317,0.14474872100026914,0.1459730550214252,21.015222587000608,1.7476806640625
522,"Ironing clothes: The camera focuses in on a little boy holding a toy iron in his hands pressing it over a white shirt. The boy
A. resumes ironing the shirt while tossing holds up his hands in among the shirts in the light gray shirt.
B. pauses and replaces the toy with the iron.
C. presses the toy iron on a stove over a cooker.
D. starts unfolding a shirt and then taking the toy iron and start to pretend that he is ironing the shirt.",3,3,1,0,10.353587172359987,0.14485629649971088,0.14555741601748862,25.469743324989395,2.0422897338867188
523,"Wakeboarding: The wakeboarder does front and back flips in the air and sometimes lands in water but gets right back on the board. He continues to wakeboard as the people in the motorboat smile and wave at him. He
A. waves back then immerres under another body full of water just as a woman kneels by him and gives him a hug.
B. finally grabs his board and paddles to go back to the water, but falls over a bit on his way back.
C. does various stunts on the board, fallls into the water but springs right back up on the board.
D. has a fun time wakeboarding in the water as the people walk on the side.",2,2,1,0,10.288982474246652,0.1451694160000443,0.1460075358639201,40.29472741898644,2.7109146118164062
524,"Getting a piercing: A woman is sitting down in a chair. She gets her ear pierced by a piercer. They
A. put the piercing into her cheek.
B. tape her ear and she starts to have a seizure.
C. put an earring into the hole.
D. put it in there and take it out.",2,2,1,1,5.370481151835933,0.14673762624943265,0.1464830931102434,19.190303329998642,1.5963134765625
525,"Hitting a pinata: A young child is being blindfolded by a man in front of a large crowd. The boy then begins swinging a bat at a pinata. He
A. continues swinging and then another child enters and he slaps her between the knees.
B. continues swinging and people walk around him.
C. hits perfectly and makes a finish.
D. knocks the bat aside, leaving an object behind.",1,1,1,1,33.902315675683795,0.14494196375017054,0.14571293845399702,27.536661468990133,2.132843017578125
526,"Hurling: A man is practicing hitting a ball with a stick on a field. He continues to hit the ball onto the field. He
A. comes back and strikes the ball against the base for small amounts of time.
B. walks around behind the defender and stops behind him.
C. walks next to a tree moving his stick.
D. is wearing a helmet and a jersey.",3,3,1,1,4.9013004546227545,0.14648812850009563,0.14573869546104531,23.02971161500136,1.8634262084960938
527,"Fun sliding down: A small slide is shown in a back yard. A woman
A. walks over to the slide.
B. is seen walking forward holding a stick and climbing down the slide.
C. is sitting on the ground with a dog continuing to back slide.
D. is shown pushing a vacuum around the yard.",0,0,1,1,8.592159934776042,0.14572467600009986,0.14608097959414706,15.337077643009252,1.4188613891601562
528,"Trimming branches or hedges: A man is shown in his back yard. He is using a chain saw on a large hedge. He
A. cuts up the weeds around the hedge.
B. uses it to trim the leaves and shape the hedges.
C. chops the grass with the tool.
D. cuts the hedge with clippers.",1,1,1,0,7.9148986099747525,0.14573914099946705,0.1464873928944528,21.384166355010166,1.7489166259765625
529,"Applying sunscreen: A woman in a purple blouse is sitting at her desk speaking to the camera, she seems to be a news anchor. Then they
A. are shown interviewing a bull who is being dragged on the ground.
B. 're talking to the camera again, another close up of a dress is shown that smells like vanilla.
C. are shown in a house sitting in chairs with small children playing in the dirt with one another.
D. go to the pool where you see kids and families enjoying a nice hot day by the pool.",3,3,1,1,11.901457490368768,0.14712761574992328,0.1461814830904296,28.07062928400046,2.0883026123046875
530,"Polishing shoes: The man puts a jacket on in front of the mirror. A close up of the man's shoes are shown. The man points at the mirror. The man
A. turns on the machine.
B. adjusts the zoom on the camera.
C. is shown shaving his beard.
D. gathers materials to clean his shoes.",3,3,1,0,19.59281040337657,0.1458331782496316,0.14630996207276686,24.72447645500506,1.83953857421875
531,"Playing congas: A large group of people are seen sitting on the ground with some playing drums. The camera moves around the capture the people playing drums from the front. People
A. continue playing while the camera captures themselves from behind.
B. look around the sides with beer cans in their hands.
C. look back and see one drummer lead in the middle.
D. continue playing the instruments together while others watch on the side.",3,0,0,0,18.16124947046196,0.1458368557500762,0.14595114142217022,26.854552878990944,1.9549942016601562
532,"Putting in contact lenses: She lift the contact lenses case and continue talking. She lifts again the lenses case while her finger is touching the liquid solution in the case. She
A. chargers a white label and puts the contents and the lens in there.
B. applies the fuel pump, sturizes the lenses case and the application of the liquid solution.
C. finishes and a close up of her is shown with briefly moving closer to the lens afterwards.
D. shows her index finger and put her contact lense in her right eye while continuously talking.",3,3,1,1,16.138315461913106,0.14544399600026736,0.14595390011391368,30.064463807011634,2.14849853515625
533,"Sumo: A sumo wrestling match is about to start. They
A. are going at it with one another, occasionally producing sparks from the fight.
B. are doing headfights, one man wins and they high five.
C. turn to each guy and whip them in the ring, leaving an open space in between.
D. start and the black guy loses.",3,0,0,1,42.315087589174645,0.1456519412495254,0.14562659953772486,16.019027315996937,1.5134429931640625
534,"Drinking beer: A child is sitting at a table with food. He
A. is scraping a spoon at a bowl.
B. pours a syrup over pasta in a large pan.
C. grabs two knives and starts cutting a cucumber on a cutting board.
D. is drinking root beer from a large mug.",3,3,1,1,7.661586152706045,0.14500809349965493,0.14562743670829073,14.56026629799453,1.3918914794921875
535,"Grooming dog: A dog is standing on a table. A woman is standing behind the dog talking. The woman
A. brushes and cuts the dog.
B. then begins to do a belly dance routine on the table.
C. opens a nail file and starts digging in the nail file.
D. takes a pair of clippers an begins cutting the dogs hair.",3,3,1,0,11.891007326535599,0.14599970825020137,0.14596684541488852,20.289522964010757,1.6765060424804688
536,"Walking the dog: Two dogs are walking on leashes on a trail. A woman
A. is speaking to the camera and gesturing.
B. is spraying water on them.
C. continues to walk with one dog.
D. is walking next to them holding their leashes.",3,3,1,1,3.9882256313070217,0.14567032874992947,0.14579945103135591,14.579428614009885,1.3610000610351562
537,"Scuba diving: Two boys are shown putting on scuba gear. An instructor takes them underwater. They swim around in shallow water. They
A. then exit the water.
B. stand on the shore adjusting to the different temperature and water and making sure to put sunscreen on, everything.
C. walk on their hands underwater.
D. engage in a game of tug of war with a shark.",0,0,1,1,6.552662621904146,0.14540038850009296,0.1463707131051945,22.829949945989938,2.0190811157226562
538,"Kneeling: A man is shown speaking inside a gym. Several other people are in the background working out on the equipment. The man
A. waves to the crowd while he speaks.
B. continues speaking as the ball continuously slips from person to person.
C. speaks then walks to a leveler he is using.
D. kneels on the floor, showing how to position oneself for lifting smaller weights.",3,3,1,0,18.885860592362192,0.1454107039999144,0.14645358469675673,23.281948443996953,1.8726882934570312
539,"Shaving legs: She begins washing her leg with the soap while talking. She then uses a razor to shave her legs. Afterward
A. , she applies shaving cream to her leg and begins shaving her leg into a near score line.
B. , she draws on her leg, showing off more leg area.
C. , she applies a lotion to her legs and smoking something, or drinking water.
D. , she smooths lotion onto her leg.",3,3,1,1,11.211495544162476,0.14556997624958967,0.14568621220495295,24.037760069995784,1.9251174926757812
540,"Putting on makeup: Various close up of women's faces are shown and leads into a woman speaking to the camera. Several close ups of makeup is shown and leads into the woman putting the makeup onto another. She
A. then presents the makeup and leads into her speaking to the camera.
B. shows off the makeup she got and ends by showing off her skirt and dancing around.
C. stands up close and shows off her hair.
D. puts a fake mustache onto the other's face and shows off her false lashes.",0,0,1,1,6.361567028031394,0.14567091100070684,0.14642591124082338,32.79638411698397,2.3118133544921875
541,"Playing beach volleyball: A small group of people are seen standing around a sandy beach. One person
A. moves in and out of frame while the other captures his movements.
B. then hits a ball up into the air to another person.
C. then begins walking along the beach followed by the next round of people.
D. walks in and out of frame while others watch and interact.",1,1,1,1,8.858432902915258,0.14510351374974562,0.14574723891058877,18.5073244410014,1.5303421020507812
542,"Shuffleboard: A man is seen standing before a shuffleboard table and begins slowly pushing pucks. Another person
A. is seen making holes on the ice behind him.
B. is then seen sliding the very long pucks across the ice while the man is seen speaking to the camera and adjusting the camera.
C. is seen standing behind while they push the pucks along the board.
D. comes onto the screen holding a shuffleboard and begins walking around.",2,2,1,0,9.445439365367628,0.14593873599960716,0.1459542602384703,22.622848240007443,2.0062332153320312
543,"Using the rowing machine: We see a man on a rowing machine. The man adjusts the dial and works out more. We
A. see him walking and talking, then relaxing in a chair.
B. see the man getting the finished machine.
C. see the man's hand on the handle.
D. see image of different tools.",2,2,1,1,5.550687613059802,0.14590485350026938,0.1462587524387764,20.913586002990996,1.7212142944335938
544,"Removing curlers: She then shows how to put them in the girl's hair, keeping it in place with combs and clips. When it
A. 's all done, she finishes and shows a few poses before kneeling back down and speaking some more.
B. is done, she turns around and begins putting hair up and down on the back of her head.
C. has done, she then cutters it well to make sure it is straight.
D. 's set, she removes the curlers to show off beautiful curls.",3,1,0,1,9.839836738192197,0.14503781399980653,0.14597495742928795,27.43954342298821,2.0637359619140625
545,"Rollerblading: A woman is seen roller blading down an alley as well as several clips of other people riding around the city. The camera
A. continues watching several people ride around and then leads into people in a skate park doing impressive tricks.
B. pans around the city while the woman continues to help herself as well as pull obstacles out of the way and begin taking pictures.
C. pans all around the area as well as showing one girl playing a piano and talking to the camera and roaming around around.
D. pans around the surface of the overpass and pans around to rides going around the city.",0,0,1,0,28.025507403864065,0.14543616124956316,0.14575036515835374,30.02331840698571,2.20611572265625
546,"Putting on shoes: A man does the same. They are then seen using a tool to apply their socks, then their shoes comfortably. The woman
A. continues to describe her social working experience.
B. talks to the camera while holding the tool, and then the man does also.
C. is still seen speaking to the camera.
D. sprays something into a sink.",1,1,1,0,14.57129050785504,0.1448973510000542,0.1459690830199769,22.62092094001673,1.8924102783203125
547,"Playing congas: A man is playing on some congas, he doesn't seem very enthusiastic about it at all. He
A. is just playing the rhythm looking very bored out of his mind.
B. is talking about the ball being played and how it was kicked by a man doing it.
C. picks his front foot up and starts to play the congas high, the even starts to sink a bit into the water and he's close to getting kicked out.
D. drops his racket and then hops back into the ring.",0,0,1,1,13.037675603303533,0.1451386212502257,0.1467362821284956,25.672458728973652,2.2991180419921875
548,"Hand car wash: A video about auto maintenance is shown. Cars
A. are cleaned and advice is given to detail one's car.
B. are being cleaned using blow brush.
C. are washed, small tires are filled with the powder, and tires are inflated.
D. are shown from the dirty side and people are wiping them off with brooms.",0,2,0,0,19.33664961308268,0.14574916624997059,0.14560937173737698,14.998324467000202,1.4347305297851562
549,"Starting a campfire: A man prepares some kindling for a fire. He looks at the screen and talks. He
A. looks at a fence that is on fire.
B. sprinkles twigs around the fire.
C. pulls a large cord behind and it sends sparks flying into the fire.
D. starts striking his tools together over the kindling to start the fire.",3,3,1,0,14.088743756256553,0.14573378875002163,0.14609219642342441,20.597566065009232,1.6939849853515625
550,"Fixing bicycle: A young girl is outside on a road with a bicycle wheel in her hand. People
A. are then shown on the road working on multiple bicycles and putting chains on the bike.
B. are driving boats down a river in the water.
C. walk in front of her and she continues to pedal.
D. are driving bmx bikes and trying to jump over obstacles.",0,2,0,0,27.837667727531258,0.1455395284997394,0.14604390453072344,19.567865702993004,1.6955337524414062
551,"Removing curlers: A large, gray, plug in curler set is shown and it has different sized curlers in 4 different colors with gray clips sitting next to it, and the woman picks up a few curlers and clips to show what they look like. The woman
A. is now in a sped up mode and is rolling her hair in the curlers, fastens them on her head with the clips and does this all the way until her head is filled with curlers.
B. gets into her lawnmower and begins mowing all of the grass, and in the background a dog is standing under the front hood of the mower.
C. waves her hands around and after about 30 seconds she points to the screen and shows off the turned on curlers.
D. puts them in her hair, turns them sides up and clips the ends down, then gets down on all fours.",0,0,1,0,10.955149288582364,0.14591324625052948,0.14641233651623345,50.21743506400526,3.4975509643554688
552,"Clipping cat claws: A person holds firmly the paw of a brown cat to reveal the claws, clip the tip of the claws. Then
A. , the man puts on to the paw a nail, thread it into a nail, attach the tips to the nails, then she clip the nails the nails forward making sections.
B. , the person uses a razor to cut the claws.
C. , the human puts nails on the paw and the cat claws and cleans the nails.
D. , the person clips the claws of a white and black cat.",3,3,1,1,7.941027782375018,0.14480185874981544,0.14549165482602525,27.34967192298791,2.4496383666992188
553,"Ironing clothes: This little baby is shown pretending to iron her clothes. First she
A. puts the shirt in the washer, bumping it up and down as she pushes it through the hole.
B. takes black and red underwear and with that she grinds the white underwear with the ironing board.
C. irons her shirt, then she irons her folded red sweater.
D. puts a button on the side of the shirt while talking.",2,2,1,1,11.064213671317024,0.14516659375021845,0.14556058583967632,19.649103119998472,1.6888427734375
554,"Braiding hair: The woman is seated facing the camera while another woman styles her hair. The woman continues to have her hair styled while turned away from the camera. The woman
A. spins slowly in front of the camera showing the completed hairstyle.
B. finishes getting her hair styled by another woman.
C. speaks to the camera as the camera pans around camera angles.
D. switches hair accessories and twists her hair into a style for the camera.",0,1,0,0,14.705839287159252,0.14638358599950152,0.14645972282348588,27.973502511989864,2.0501251220703125
555,"Playing bagpipes: The man demonstrates how to blow into the blow pipe with a deep inhale into the lungs and using his mouth and jaw. The bagpiper
A. demonstrates the blowing technique and blows into the blow pipe on the bagpipe.
B. then takes his mask off and smoke rings appear as he blows a long stream of smoke out and releases it in the air before holding the smoke in mid way before blowing it out sending it ringed smoke out in different directions.
C. uses his right hand to move the dogs nose hairs and the right ear helping to maximize chest breath.
D. then lights a cigarette using both hands.",0,0,1,0,7.388182111015868,0.14569372349933474,0.14604358603255438,32.12818947702908,2.8860855102539062
556,"Futsal: A title screen with ""youth women's final"" appears. Two youth teams
A. are playing tug of war and dozens of people are hanging around watching.
B. play dirt wrestling over a set of bars.
C. play soccer on an indoor field.
D. participate someone is spinning around in a circle.",2,2,1,1,7.596015231635725,0.14803836574947127,0.14681348551294712,17.475704296986805,1.5799484252929688
557,"Disc dog: A man is standing on a field. He
A. throws a ball onto a green field.
B. is using a stick to hit a birdie in the distance.
C. is holding a violin.
D. throws frisbees and plays with a dog.",3,3,1,0,6.532932052568368,0.1454983534999883,0.14605005919757888,12.412048209003842,1.3005828857421875
558,"Removing ice from car: A man exits a building and speaks to a camera. He
A. walks outside and demonstrates a bicycle in a yard.
B. shows a water bottle he has along with a brush, and uses the brush to remove snow from the dash window of a car and the water to remove any excess snow left on the windshield.
C. begins shopping in a nearby mall and displays various shoes including shoes, gloves, socks, socks, sneakers and shoes.
D. then walks on a sporting field with others.",1,1,1,0,14.00480278824365,0.1460615159999179,0.1463046506666059,21.65211575999092,2.2031784057617188
559,"Making a sandwich: Wraps are shown on a plate. A man spreads food out onto a wrap. He
A. rolls the wrap up and cuts it.
B. then cuts pieces off and sticks them on the outside edges followed by a knife.
C. covers the wrap with a blue sheet.
D. joins in a form of tattooing.",0,0,1,1,4.472326808543763,0.14666861574960421,0.14611952613713877,18.705495704003624,1.693206787109375
560,"Chopping wood: They both begin by racing to cut down a log and then cutting down a smaller piece of the tree into small pieces. Next
A. , they move to do the same thing again with different trees.
B. , they cut down a mascot, then add red stripes to each tree.
C. , they put a scrap of tape on top and wipe the log down with paper towels.
D. , they finish with bowing to each other and putting their hands up.",0,0,1,1,23.374203643702938,0.1448836162498992,0.14659133601160362,25.939835595007025,1.9524612426757812
561,"BMX: An asian man is standing outside talking while holding a helmet in one hand and his performance bike in the other. He then walks away and meets up with another racer and begins to move his pedals. The man
A. stops where he begins and begins talking to another racer who's fallen back on his bike.
B. one by one begins to make a turn into the sand pit.
C. is now at the top of the rack and the bar is let down and the two men begin moving throughout the dirt track.
D. turns and gives a thumbs up and begins another match of speed and stops to talk to the other, while his opponent shows a smile to the camera.",2,3,0,0,22.653265840743728,0.14511524900080985,0.14631853776739637,38.3306437399915,2.7933425903320312
562,"Playing congas: The man in green shirt is playing bongo drums. The man looked sideways and talked. The camera
A. zoomed in to the bongo and then zoom out and the man in green shirt continue to play the drums.
B. zoomed in to show the guys legs.
C. took a picture of the front and back of the accordion.
D. put the bagpipe down in a dimly lit room.",0,0,1,0,6.531680161062357,0.14585954824997316,0.14599766282434437,22.19109229100286,1.957855224609375
563,"Roof shingle removal: Men are on top of the roof of a house. They are picking up shingles that are being removed. A man
A. grab the ladder and finish the job.
B. is using a axe to hammer down the roof.
C. places the shingles on the roof.
D. is using a scraper to lift them up and separate them from the roof.",3,2,0,0,8.073195350690206,0.146071063250929,0.1469754548215281,23.659430659983627,1.9119033813476562
564,"Javelin throw: A man runs holding a javelin on his right hand on front a crowd. Then, the man throws the javelin. A person wearing white shirt
A. walks behind the man.
B. receive the javelin from standing.
C. , wears a hat.
D. and tie, runs and with his own hand do a javelin throw, almost falling but recovers quickly.",0,0,1,1,8.465390228252614,0.14557188100025087,0.14684983518263575,26.28100868096226,2.2687911987304688
565,"Polishing forniture: A man is seen in a workshop standing at a table. He
A. then demonstrates how to install a motorcycle helmet.
B. holds up a scraper and begins wiping off a piece of steel.
C. picks up a leather hose and uses it to clean a bike.
D. shows a piece of wood, and begins to strip it with fluid.",3,1,0,0,22.177713237425326,0.14605628624940437,0.14615389135889195,17.684230433987977,1.5052719116210938
566,"Paintball: . A group of men wearing military fatigues and armed with paintball guns
A. are in the living room playing pool.
B. prepare to enter a building.
C. war in a vast open field behind an attacking helicopter circling overhead, they drop to the ground, their bare feet covered in blood, and begin fighting one another.
D. walk around a large group of people on black uniforms and play a series of different games.",1,1,1,1,12.323649224353444,0.1453826785000274,0.14699646088310192,20.720045854985074,2.1007156372070312
567,"Getting a haircut: The man working in the salon cuts off the woman's long hair and puts it in a bag. The man
A. then visits with several rolling rollers and styles the long hair.
B. wraps the bag in tissue paper and presents it to the representing.
C. combs and cuts the woman's hair as she sits.
D. leaves as the woman brushes her hair again.",2,2,1,1,7.0569724248300165,0.1452186009992147,0.14663035295204394,21.988905934995273,1.72186279296875
568,"Knitting: A couple of older women are seated at a restaurant table. They have food and knitting supplies in front of them. One woman
A. begins knitting a chair.
B. has her stomach in knots and is biting the end of her knitting stick very hard.
C. is helping the other as she is knitting.
D. talks about a book she is teaching the young girl to knit.",2,2,1,1,6.161396060885216,0.14561470349963201,0.1460200729012573,22.777509894989635,1.9198074340820312
569,"Dodgeball: Many kids are in a gym playing dodge ball. The camera goes to one of the kids showing them making a throw. The kids
A. run back and forth as the game persists.
B. are swishing the balls up and down.
C. continue to walk around the court.
D. continue to make the throws and launch back and forth between the camera and the other kids.",0,3,0,0,19.252407692916762,0.14579786575177422,0.1459651394844119,23.791648641028587,1.9792938232421875
570,"Croquet: A man is outside playing croquette. Other men
A. begin shooting other balls into the cups and hitting them back out.
B. appear and play the game with him, hitting the ball through various holes on the lawn.
C. are sitting down playing croquette.
D. are playing croquette in a white room.",1,1,1,0,7.609935231860587,0.14581968849961413,0.1463712282418304,14.488545436972345,1.4783706665039062
571,"Welding: A man bends down wearing a mask and starts welding. He stops and uses a tool to scrape what he just welded. He
A. then starts welding again.
B. rubs the steel together and screws it into place.
C. moves the hand and continues talking about it.
D. shows off his finished work, laughs, and waves for the crowd.",0,0,1,1,2.635536589434249,0.14688872325041302,0.1465943531921158,22.72330222501114,1.863525390625
572,"Zumba: We see a colorful title shot. We see people in a gymnasium doing dance aerobics. The people
A. kick their legs back and forth.
B. stop their dance and the lights go back on.
C. move around the floor slowly.
D. wind their hands and spin around in circles.",0,0,1,1,10.708795649934308,0.14539660875016125,0.14679360228781274,19.95834193699193,1.6365509033203125
573,"Home and Garden: How to wash your car using less water. Purchase a waterless car cleaner. There are various waterless car cleaners on the market. Take a look at critical and user reviews for different brands.
A. Make sure you follow any directions the manufacturer gives you for which cleaner they are providing. Look for more than one brand of waterless car cleaner.
B.  The popular brands include oxlite, lysol, ylang brothers, hft, and soogatent. Avoid using even more than 10% water since this can cause problems with the heater or the gaskets.
C. Choose a brand that says that it is completely water-based, without added ingredients or added chemicals, and that it is less chlorine-resistant than other brands. Be sure to look for a brand that is free of chemicals and preservatives.
D. Relate customer experiences and choose the brand that you trust the most. Waterless car cleaners can be purchased at some department stores, most major automotive retailers, and online.",3,3,1,0,11.38078135187239,0.14520279350017518,0.1463949782724182,47.86638915599178,3.2479400634765625
574,"Health: How to hire a caretaker for an elderly parent. Drug testing. These should be done frequently and randomly and should be included as part of an extensive hiring process, as well as once they have been hired.. Being "" bonded "" means almost nothing.
A.  Not seeing a licensed caretaker at all or having a caregiver come in unannounced means that you will no longer be contacted by them. In other words, you could lose your job trying to find an caretaker.
B.  Bonded is a term that means it protects the hiring agency from property loss. Bonded does not give any notion of a person's integrity, level of ability or honesty.
C.  When a parent is officially bonded, the caregiver will automatically be appointed a caretaker. A bonded caretaker is eligible for "" trugate by the child "" ("" dosotac/pharmacy "") and obtaining a deposit in this account will make it easier to build a trusting relationship and expense the cost of the fee.
D.  This means no one at all should get involved in the familial planning. No direct control over how a caregiver treats their own "" kids "" (or the children of strangers).",1,1,1,1,27.679209342893593,0.14533863599990582,0.14688166065627684,56.98391223600993,4.044120788574219
575,"Health: How to cope with a rare illness. Get the answers you need. Everyone needs help dealing with a rare or serious illness, but you also have to be ready to be your own strongest advocate. Ask questions, seek out opinions, and become as knowledgeable as you can about your condition.
A. Being a supportive advocate requires a great deal of responsibility, and being your own advocate can lead to you needing to seek professional help. Avoid seeking "" help "" from your doctor or from your friends and family.
B.  Don't be self-conscious about who you are. Many people who struggle with rare, serious illnesses have most likely had it all their lives.
C. Over time, people will start recognizing you and sharing their thoughts and opinions with you. Seek out support from friends and family, your teachers, and the doctors.
D. Coping is very hard to do alone, but it does begin with you. Having an undiagnosed rare illness can be particularly stressful.",3,2,0,1,11.553971835311547,0.14928809075081517,0.14675788330303666,53.87026400200557,3.564208984375
576,"Health: How to improve daily heart function. Eat foods rich in omega-3 fatty acids. Try to eat fish twice a week or look for daily a supplement containing 0.3 and 0.5 grams of epa and dha. Omega-3 fatty acids can protect your heart muscle by reducing inflammation in the body.
A.  Omega 3 fatty acids produce more carbon dioxide than omega 1 fats which are linked to increased heart function. Consult with your doctor or nutritionist about possible options for increasing your omega 3 fatty acids.
B. Your body metabolizes these fatty acids which decreases inflammation. They also inhibit the formation of normal enzymes in the heart.
C. They may also reduce your triglyceride levels, blood pressure, blood clotting time, and irregular heartbeats. While you can purchase omega-3 fatty acid supplements in liquid gel cap form, there are many fish that are high in omega-3s.
D. Eat fish based on their differences in protein. Try walnuts, tuna, and trout.",2,2,1,0,5.148867066470564,0.14818836575068417,0.1478123814950595,59.71770606102655,4.134162902832031
577,"Computers and Electronics: How to remove jailbreak. Launch itunes on your windows or mac computer.. Connect the jailbroken ios device to your computer using a usb cable. Itunes will take a few moments to detect your device.
A.  Restart your computer using your bootmarks. Your jailbreak will be delayed if you do not display your device's device configuration information in itunes.
B.  Verify that your device is free of the jailbreak program that you wish to remove. Once you have the device detected, you will receive a confirmation email confirming that jailbreak has taken place.
C. If itunes detects your device, select the device you want to jailbreak.. Double-click the jailbreak icon.
D.  Click on your ios device in the left sidebar of itunes. If you're using mac os x, your ios device will be displayed near the top of your itunes session.",3,2,0,0,6.2182459410868915,0.14665593349855044,0.14714296917582062,46.642373086026055,3.1547927856445312
578,"Food and Entertaining: How to repair a tear in a window screen. Purchase clear nail polish from a local store. After drying, nail polish works as a strong adhesive for small holes. Use nail polish on minor repairs if your tear isn't significantly gaping.
A.  Freeze the tear and wrap it in wax paper. Although wax paper blocks will stain, it will help make it easy to clean up the area once you are done with your repairs.
B.  Carefully bend the window down at a 45 degree angle so that it looks like a crescent.. Gently tap the window down to a level surface.
C. Choose clear polish to make the adhesive as unnoticeable as possible. If your screen is tinted, you can use a darker polish (like gray or black).
D.  You can also purchase nail polish at an arts and crafts store.. Remove any loose nails if you can't remove the tear completely.",2,2,1,1,7.926557232451952,0.14560971099945164,0.14659954030776673,50.13308346802296,3.2687835693359375
579,"Health: How to do yoga for absolute beginners. Choose a place to do yoga that is free from distractions. Yoga is best practiced somewhere that you will not be interrupted, such as in your bedroom or in your living room when no one else is home. However, you can do yoga outside if the weather is nice.
A. Sitting on the floor in a sitting position will strengthen and lengthen your range of motion. You can also lie flat on a yoga mat, if preferred.
B. Choose where you will practice yoga and remove as many distractions as possible. Turn off your phone, the tv, and any other distracting devices.
C. What works best for both of you might depend entirely on your lifestyle. Going for yoga outside in a shady area can be a somewhat self-explanatory way to learn about yoga.
D. Stretch out and do yoga in a shaded area, such as the woods or the beach. Choose a spot where there won't be distraction, such as in a low-traffic area, if you feel it is appropriate.",1,1,1,1,6.1903787883977675,0.14531036849894008,0.14692119380829946,58.02742825304085,3.8048782348632812
580,"Relationships: How to meet a nice girl in a bistro. Scout a few locations. There are probably dozens of bistro locations you can choose from so do your homework. Go to a couple to see what the vibe is like.
A. Depending on the area, there are a big variety of spots that you can explore. Try to go somewhere that is secluded or private.
B. Get comfortable with the venue so you know you'll be able to have a good time. Say you're not too far from your normal stop and grill.
C. Perhaps you are a more casual person and want a laid back atmosphere. Check out the crowd to see how they match your expectations or personal style.
D. Take a notebook and pen and jot down what each bistro looks like. What feel are they having when it comes to wine and cheese tasting? Note what ideas they have and be aware of their menu so you can find a one that works best.",2,2,1,1,12.214940110849762,0.1457855885000754,0.14627069616004099,48.121118606013624,3.5057373046875
581,"Computers and Electronics: How to start broadcasting on tinychat. Create or enter a chat room.. Click the "" start broadcasting "" button.. If asked for access to your camera and microphone, click "" allow "".
A.  If prompted, enter your name, facebook account and twitter account if you have one.. Enter "" @tinychat "" when prompted.
B.  If you have a camera connected, you will see one your video feed in one of the camera selection options. Select one, or if you don't want to broadcast through your camera, select "" don't use a camera "".
C.  In the chat room, click "" develop or ask for help "". This will allow you to set the preview for your message.
D.  You need this access for the survey to be accepted by tinychat, so stay with it, since you will be working from a computer.. Tap the app on your ipad keyboard (if you haven't equipped your camera).",1,1,1,0,9.972513404691119,0.14901837550132768,0.14702861759870312,46.76305942799809,3.2724533081054688
582,"Pets and Animals: How to raise earthworms. Choose a type of worm based on purpose and climate. Determine your priorities regarding what you hope to achieve by raising worms. While many types of worms can be used for different purposes-such as both composting and fishing bait-choose a specific type based on the main reason you're raising worms.
A. Raising earthworms for physical easter eggs can be quite elaborate-requiring a large aquarium and netting on a seesaw, etc. Secure nets can easily be purchased at farm supply stores or more wisely found online.
B. Furthermore, the climate in which you live is an important factor if you intend to raise worms outdoors. Plan to sustain an environment that is moist and dark.
C.  If you plan to use earthworms for fishing bait, go for black, white, or brown worms. If you wish to use earthworms for fishing, choose black, white, and brown worms.
D.  How you plan to grow your earthworms will depend on the location where you live and the species you select. For example, a backyard likely draws more earthworms toward seashore fishermen, while an outdoor fish tank will attract less earthworms.",1,1,1,1,8.84606014342119,0.1468068280000807,0.14681609877676952,66.36083956399307,4.228240966796875
583,"Pets and Animals: How to choose treats for pet birds. Give your bird vegetables. It's important for your bird to get a well-rounded diet and treats of vegetables can help you achieve that. Try giving your bird dark green vegetables or yellow and orange vegetables, such as carrots, as a treat on a daily basis.
A. If you give your bird vegetables that it loves, it will feel like you are giving your bird a treat when you are really just giving it a healthy snack. Try feeding the vegetables to your bird directly.
B. This can help boost your bird's digestive health.. Incorporate calcium into your bird's diet.
C. Choose fresh vegetables and make sure they are rinsed thoroughly and chopped finely before feeding them to your bird. Avoid giving your bird moist or mashed vegetables, such as blueberries, as the taste will be detrimental to your bird's health.
D. Your bird can start with 1 cup a day of vegetables and 5 to 10 ounces of non starchy vegetables or 20 to 30 ounce servings of fruits and vegetables per day. You can also feed your bird legumes as a treat.",0,0,1,0,5.96740809365772,0.14847778824878333,0.1473100607682615,60.99103606798235,3.9916610717773438
584,"Health: How to know when you are ovulating. Buy a basal body temperature thermometer. Your basal body temperature is your lowest body temperature over a 24-hour period. In order to regularly take and monitor your basal body temperature (bbt), you'll need a basal body temperature thermometer.
A.  Basal body thermometers are available in most drugstores and come with a chart to help you track your bbt over several months.. Take and record your basal body temperature every day for several months.
B.  A basal body temperature thermometer measures the temperature that you're nearing, which is typically around 150º f (38 ºc). It's likely to be lower than an bbt temperature.
C. These thermometers will provide a steady reading for your temperature if you're ovulating a fetus. If you're 2-4 months pregnant, your bbt temperature usually indicates that you are ovulating.
D. These thermometers should be used anywhere from nine to 24 hours after ovulation. If you're uncomfortable using a basal body temperature thermometer, try using one of these thermometers : Digital body thermometer degrees d. Take a cystine scale.",0,0,1,1,6.014650207409264,0.14531976874968677,0.14645447864824573,58.870161577000545,3.7029266357421875
585,"Finance and Business: How to make money by selling other people products. Decide between affiliate marketing and direct sales. Affiliate marketing is essentially selling through advertising without ever having the product in your hands. Direct sales, also known as mlm (multi-level marketing), involves being an agent or a contractor for a particular product and selling it for the company.
A.  Affiliate marketing is best if you do it in association with another business or hobby and is primarily an advertising approach. For example, if you write a popular blog about parenting, you may want to look into affiliate marketing for baby-or child-related products.
B. It also involves selling your product at a low volume. With direct sales, you get paid, whereas with indirect sales, your efforts to sell only are made for the company.
C. Your options will be unlimited, and accordingly you'll have to select from a wide variety of sources for your ad. Direct marketing is much more versatile than direct sales, as it brings in revenue quickly for all consumers.
D. This marketing job requires you to act as a team and work together. It needs to be high-level so you can build a team to do so.",0,0,1,0,11.631599036945788,0.14521143150068383,0.14662987467671945,63.631691836992104,4.0925445556640625
586,"Computers and Electronics: How to get rid of babylon search. Right-click on the babylon icon located in the windows system tray and select "" exit. This will stop any background processes associated with the babylon app.. Click on "" start "" and select "" control panel.
A.  "" a section in the window will display a series of options.. Select "" the babylon apperbox list "" from the options.
B.  Disconnect the babylon app from computer. Babylon will be dragged to another nearby computer and shut down.
C.  Uncheck "" website installing process. "" it will be highlighted in blue.
D.  The control panel window will open and display on-screen.. Click on "" add/remove programs "" or "" uninstall a program.",3,3,1,1,7.864352006914225,0.14553548124968074,0.14555719695799194,45.70487298197622,3.1035385131835938
587,"Finance and Business: How to find things to sell at a swap meet. Scout the swap meet. Before deciding if you want to become a seller and what you want to sell, take a few laps around the swap meet on different days. Find out what seems to sell well and what does not.
A.  Make a list of all the things you want to buy. What does it look like that you might need, and what will sell best on other days? Take note of every single thing you don't really need.
B.  Seek opportunities to distinguish between goods and services. Determine what qualities are useful or functional to your customers, and what they're looking for in an item.
C.  A common target profit margin for small items at swap meets is 30-35% (if you are buying things to sell). So if you are looking to make real money and not just have some fun and/or clear out your attic, you need to put some thought into what you want to focus on selling.
D. Check the sitting list, and see which items sold best (depending on the type of person you are buying the items from) in the swap meet. Keep in mind price limits and sizing.",2,2,1,0,10.862689654699116,0.1456111259994941,0.14575702492016965,60.780095796028036,4.2982177734375
588,"Food and Entertaining: How to make cantaloupe puree. Wash the cantaloupe. Rinse 1 medium sized cantaloupe under lukewarm water to get any dirt or chemicals off.. Cut the cantaloupe in half.
A.  Halve one half of the melon and cut the other half in half.. Stick the melon halves with a fork.
B.  As a group, you should be able to get 3/4 of a medium cantaloupe. To avoid accidentally cutting yourself, use a large serrated knife and hold each half of the cantaloupe down, not separating them into two, with your thumb and forefinger.
C.  Cut the cantaloupe into small slices or 1 inch (2.54 cm) pieces. Ensuring that the fruit is in small pieces will be very helpful in the cooking and pureeing.
D.  Use a paring knife to cut one side of the round flesh, leaving about an inch (2.54 centimeters) on each side. Place all of the cantaloupe halves in a bowl or plate, then set the halves of quarters on a cutting board.",2,1,0,0,10.123376028849949,0.1460115110003244,0.14726534955250828,59.490185865004605,4.071144104003906
589,"Finance and Business: How to become a concierge. Earn at least a high school diploma. Concierge jobs generally do not require a college degree. The minimum requirement for most positions is a high school diploma.
A. Some colleges offer only this, while others offer it to students in college. It is important to have high school coursework, track record, and a high school diploma to become a concierge.
B. An associate's or bachelor's degree in tourism, hospitality, or hotel management may be helpful for better paying jobs. Some community colleges may offer a certificate in hospitality.
C. In many cases, jobs with upper management positions can be of higher education. If you work in an upper management position while still forming a love of the field, you will have to work in a comparable positions.
D. Whether or not you are a lawyer, a degree in the technology industry can assist in your career success. Be careful when the current level of education and financial aid available is less than the current semester you intend to move out of the country.",1,1,1,1,6.469722741911278,0.145846753499427,0.14697497262771672,48.35025311800564,3.2669219970703125
590,"Food and Entertaining: How to improve a bird's diet. Do research on your bird. Find out what kinds of food is specific to your bird's diet. For example, if you have a pet sparrow, you should feed it seeds, corn, and grains to keep it healthy.
A.  Avoid feeding your bird unhealthy food. It will damage the bird's digestive system and lead to negative health consequences.
B. If you will be introducing a new bird to your home, you will need to decide what kind of food to feed your bird. You may opt for the whole grain bird chick, lope or budgie.
C. If you have a chicken, see if it is fully grown. If you don't live near a chicken farm or if you don't know your bird well, contact an avian vet for vaccinations.
D.  Use food from your bird's diet. Buying a bird's natural food is easy, but if your bird has a specific diet, you will need to work on improving its diet as much as possible.",0,0,1,1,9.887975150351476,0.14619135599969013,0.14686014482723148,56.68534074800118,3.6269607543945312
591,"Computers and Electronics: How to add lock, sleep, restart and hibernate to start menu on win 8. Create a new shortcut. On the desktop, right-click any blank space, choose new in the context menu and click shortcut.. Use a command to specify the restart operation.
A.  Make sure restart is enabled, a fully restored mac might have trouble shutting down and vegging out.. Right-click the apple menu and select system preferences.
B.  It needs to be equipped in the "" run icon "" window.. Open "" set escape "" in the startup tab.
C.  The command will appear in the control panel, displayed underneath the windows desktop client interface. Type in "" restart + defrag (winrar).
D.  Type the command of "" shutdown. Exe-r-t 00 "" (without double quotation marks) and click next.",3,0,0,1,23.584736261054143,0.14658134574983706,0.14693635444797457,50.10387683196677,3.2981719970703125
592,"Finance and Business: How to file for emergency custody. Understand what emergency custody is. Generally, custody determinations take several months to decide. At the end of the process, the court will award legal and/or physical custody to a parent, or to both.
A. In this case, you will only be out of the house for a limited period of time and absolutely unwilling to share custody. To determine whether a child is eligible for emergency custody, you will need to identify the other parent's guardianship, and then draft an order which has to be passed on the child.
B. Sometimes, however, emergencies require that a child be removed from a parent's custody. What qualifies as a sufficient emergency is generally determined by your state's statute.
C. However, if a parent dies or dies too, then the court might award emotional and physical custody to another parent who also has a child. Make sure you understand what you are facing.
D. This process often lasts for several years after the child is born. Some states allow for full custody until a child reaches adulthood.",1,1,1,1,8.123480988208984,0.1465905205004674,0.14678918027498689,53.43046698099715,3.9635696411132812
593,"Pets and Animals: How to register a horse. Identify the breed of your horse. If you plan to show or compete with your horse, you likely know what breed they are. A horse trainer or veterinarian that works on different types of horses can help you identify the likely breed if you're unsure.
A.  Look for horses that are not mature enough to be trusted to be properly dressed. The horse's spurs are heavy, so some may be plasterboard.
B. Visit different breed association websites to read about the characteristics of different breeds. These websites will contain guidelines, specifications and rules about registering a horse for that specific breed.
C. Search online for your state's breed and breed types. You can also research horse breeds by choosing the breed you feel most comfortable with.
D.  Check the horse's owner's manual for information. If you don't know what type of breed your horse is, visit a tack store or get advice from your vet on what breed your horse is.",1,1,1,0,11.386147260782748,0.14599785075006366,0.14658911894571247,54.528787175022444,3.5942535400390625
594,"Computers and Electronics: How to benefit your company financially by leasing a fleet. Take advantage of freed up cash. The biggest benefit to fleet vehicle leasing is the cash that becomes available for your business. A significantly smaller upfront investment is required when you decide to lease rather than own your fleet.
A. Delta and f11 are both prime examples of free cash enabling vehicles to pull. On the same note, you'll know you're diversifying if you mix up your cash amount if you do lease a fleet.
B. However, plan to take advantage of this cash if your fleet is large. You can offer a firm discount for what you receive, but there is nothing warranty-free.
C. A well-written lease agreement reduces fleet costs to a monthly operating expense, while keeping credit lines clear and cash on hand to re-invest into the company. The money that would have gone into buying and maintaining a fleet can be used to grow the core business.
D. Typically, you can catch abreast of as many business windbacks as you need to take advantage of the surprise of the change money. And, when you initially sign the lease, you can be liable for the cost on the time you have set aside.",2,2,1,1,10.281478585890858,0.14753955074957048,0.147423844209375,60.444238952004525,3.8487167358398438
595,"Home and Garden: How to test a relay. Consult the relay schematic or data sheet. Relays have fairly standard pin configurations, but it is best to search for the data sheets to find out more about the number of pins from the manufacturer, if available. Typically, these will be printed on the relay.
A. Once you've identified the pin configurations, you can measure the number of pins for each relay. Pin configurations contain multiple variables while timing materials tend to differ considerably so you will have no estimate.
B.  Identify the thread lengths that will make up the relay before you begin. The thread lengths is based on the number of pins in the relay.
C.  At most relay models , 90 percent of the buttons or frequencies shown in the relay form are marked as the pins of the relay.. Find out more about the threads that records data.
D.  Information on current and voltage ratings, pin configurations, and other information is sometimes available in the datasheets will be invaluable in testing, and eliminate most errors associated with testing. Testing pins randomly without knowing the pin configuration is possible, but if the relay is damaged, results may be unpredictable.",3,3,1,0,21.491735132371506,0.14666490575109492,0.14711120945940448,60.460921872982,4.169807434082031
596,"Computers and Electronics: How to measure a screen spline. Remove the screen frame from the window. Check for clips holding your window screen in and, if you spot any, lift the clips up to unfasten the screen from the window. In most cases, your window screen frame should pop out easily.
A. If it's a longer screen, reinstall the frame or remove the screen.. Evaluate the dimensions for your screen post.
B.  If your screen frame is secured by clips, they should be located along the left and right sides. After removing the frame, lay it down on a flat surface like a table.
C. Remove screws holding the screen in place. You'll need one large screw to screw the screen out.
D.  Use a ruler or level to measure the screen spline. Take the screen frame and divide by 1 to identify what height the spline should be.",1,1,1,0,8.04968469126287,0.1466041582498292,0.14694551302254386,52.605128242979845,3.5316925048828125
597,"Finance and Business: How to give to charity when you have debt. Volunteer your time. Many charities and nonprofit organizations rely heavily on work done by volunteers. Your time is just as valuable as a monetary donation.
A. This doesn't mean that you have to stop doing what you are doing or start using all that time for charity. You can also connect with other nonprofit organizations in your community or in a real-world context.
B. Ask about volunteer opportunities available at a charity you want to support. You typically don't need any special skills to volunteer.
C. Finally, donors expect to be informed of your work. They want to donate money to your cause.
D. This means that if you have a job that puts considerable time, energy, and effort into projects, you have earned it. Donate some of the time you spend on basic things like home repairs, groceries, and other necessities to aid your business.",1,1,1,1,5.840045456711588,0.1462432259986599,0.1469198894294779,44.36709995397905,3.288818359375
598,"Youth: How to change your reputation when you are a teen. Figure out what exactly your reputation is. You may already know how people perceive you, but sometimes you may not know specifically what your reputation is. If you're not sure how you present yourself to others, think about the things that people have told you about yourself.
A. Think about the things people have told other people about you. Ask a trusted peer what type of reputation you have.
B. Many people don't have things to hide that they don't like about themselves. This is because nobody ever knows and that's the difference between making a name for yourself and spreading rumors about yourself.
C. Perhaps you have been been the center of attention for years, watching tv all the time, or you're already a celeb. You may be considered to be interesting, and come across as a pedestal-certified star athlete.
D. Pay attention to what other people have said or told about you and see if there's anything else you might have to offer. Figure out what "" trouble "" or "" front "" they could get right in your way.",0,0,1,1,5.597312948121401,0.14690008099933038,0.14766912340600036,61.72261741408147,3.9064712524414062
599,"Food and Entertaining: How to make dal makhani. Gather your supplies and ingredients. The quickest and easiest way to make dal makhani is with a pressure cooker, but you can also cook the beans in a lidded pot. Along with your ingredients and the pressure cooker, you'll also need : Large bowl for soaking the beans strainer large frying pan wooden spoon. Soak the beans.
A.  Submerge the ground beans in a pan of water and allow them to soak overnight. Soaking the beans helps loosen and soften the beans and helps them cook longer.
B.  One of the main features of dal makhani is that it's creamy and rich. To get the right consistency and texture, the beans must be soaked so that they become soft.
C.  Set the pressure cooker on the stove over medium heat. Place the beans into the water when they're almost fully cooked.
D.  Pour your water into the pot and add your dal makhani. However, it should be kept cold (but not boiling) at all times.",1,1,1,0,7.200158491163036,0.14715093299946602,0.14788212038479484,68.6143791090035,4.249961853027344
600,"Health: How to be atkins diet and gout friendly. Eat plant-based proteins. The atkins diet focuses heavily on consuming proteins. Unfortunately, many meat-based proteins can exacerbate gout, so striking a healthy balance between both diets will help to live the lifestyle you have chosen.
A.  You can mix protein with other types of foods, such as beans and peas, for your atkins diet. You can also mix foods by taking one type of meat to a small group and serving it raw.
B. In order to do this, stick to proteins that are plant-based. These foods will give you the protein that the atkins diet demands, while limiting your consumption of uric acid to cater to your gout because plant-based proteins have low levels of purines.
C.  The atkins diet develops a strict set of principles for portion control. The code designates portions of foods, among other things, must be measured, divided and recalculated according to a formula.
D. For example, one of the ways that we are fighting gout is to help the sufferers of gout. You will need to eat some of the following plant-based proteins : Seafood such as: catfish, shrimp, oysters, prawns, crab, tofu, and chickpeas.",1,1,1,1,6.8239007446502615,0.14588620599897695,0.14643970300702042,62.673978898972564,4.115936279296875
601,"Computers and Electronics: How to win a game of clue without technically cheating. Keep good notes on the clues you collect. As you play clue, you will gather clues that will help you to determine the suspect, weapon, and location of the murder. To keep track of the clues you collect, you should keep good notes and include the initials of the players who have each of the clues you collect.
A. You can write down clues about the individual, weapon, and location as you work to devise a strategy to buy the perfect clue.. Seek help from a trained detective or pi.
B. Doing so will help you to get closer to the truth and win the game. Make sure that you check off clues on your detective's notes sheet or write them on your notepad as you collect them.
C.  The entries on the clues should all be side by side and be separated with a number or letter combination. If you suspect someone of murder, they can report the statement to the police.
D.  Pay attention to when the clues get blurry, or when a clue is confusing. Don't forget to keep notes of times and locations where the clues aren't working properly.",1,1,1,1,7.459506143438327,0.14670414600095683,0.14711052345011966,69.58165208210994,4.2336273193359375
602,"Youth: How to stop your brother from annoying you. Ignore your brother rather than responding. If your brother is being difficult, you may have to try temporarily ignoring him. This isn't a very effective strategy for long-term sibling relationships, but if you want to avoid lashing out in anger, the best response is to just ignore him.
A. Focusing your attention on something other than the annoying sibling is productive, especially if he continues to act tiresome. As soon as you notice him, shake your head, roll your eyes, and walk away.
B.  Not responding is not a sign of weakness. If anything, it takes more strength and willpower to resist lashing out at your brother or sinking to his antics.
C.  This doesn't necessarily mean ignoring your brother. Simply not responding can put a major negative spin on your relationship.
D. Go somewhere quiet, like your bedroom, to avoid your brother's irritability. Giving him a space that you're not comfortable being alone in will lead to his anger coming to a head.",1,0,0,0,11.967385087461613,0.1469022910005151,0.1469694229095485,60.6981031340074,3.9025421142578125
603,"Food and Entertaining: How to afford healthy food. Pick what's in season. When fruits and vegetables are in season, they tend to cost less. Often, grocery stores will run sales on what's in season because they know customers expect certain fruits and veggies at certain times of the year.
A. While this is a fun thing to do for your family members, you need to avoid store-bought items, which have less variety as you go. Avoid cooking many people's dishes (especially if you're away at a time of year.
B. These are a few key ways to attract customers quickly. Buy fresh fruits and vegetables at a farmer's market before you buy those foods.
C. As an added bonus, when things are in season, they taste better. In fall, look for produce like pumpkins, winter squash, cabbage, and apples.
D. Go for high quality fruits and vegetables instead of refined items such as canned food. Fruits in season generally will cost about $15.00 per square foot, while refined foods tend to cost around $200 per square foot.",2,2,1,1,5.849026617943825,0.1463907030019982,0.14727090051673045,57.87394311301614,3.8012771606445312
604,"Computers and Electronics: How to research workplace copyrights. Determine the author of the work. In most cases, the person who created the work owns the copyright in that work. Often the creator's name will accompany the work.
A. This will be the person who created the work, not the person who published it. You can find this by searching with the word "" copyright "" in the search field.
B. If you don't know who created the work, you can search for the author. Many copyrights companies have a link to their microsoft products and services page that allows you to search for the rights to a work.
C. In this case, it's likely that the author also owns the copyright in the work. Check with either the publisher or the public for the names of those named.
D. For text, this usually is pretty easy, but it can be more difficult with visual works. For example, if you find a photograph you want to use on the internet, you might look for a watermark or other signature.",3,3,1,0,7.149551196339297,0.1467815834976136,0.14745686856966297,49.24789296197923,3.2466506958007812
605,"Health: How to add spring greens to your diet. Make quick and easy salads. One of the easiest ways to incorporate more spring greens into your diet is by using them in a salad. It's quick, easy and doesn't require a lot of effort.
A. The main serving size of spring greens is about 8 ounces (75 grams) with lettuce, tomato, garlic, turnips, broccoli, spring onions, bell peppers, and carrots. However, you can indulge in more varieties if you don't like leafy greens.
B.  Choose leafy greens (greens with stems and leaves). Make sure they're fully dried before consuming.
C.  To make salad preparation quicker, wash and dry your greens the day you bring them home from the grocery store. This will help them be ready to go once you start making dinner.
D. Plus, the sweet, creamy color of the greens makes them nearly impossible to eat plain. There's no ideal amount of greens to cook, and each recipe calls for different flavors.",2,2,1,0,9.544130356553442,0.14663520100020833,0.1473587643181211,52.45682584397946,3.7363052368164062
606,"Health: How to get rid of dust mites. Dust with a damp cloth. Dust mites feed on dead skin, dander, and other things that are found in dust. Therefore, where there's dust, there are likely dust mites.
A. A key to eliminating dust mites is getting rid of their food source, and that means dusting with a damp cloth. Rinse the cloth regularly to avoid spreading dust.
B. Use damp cloths for areas with small insects such as lice and dust mites. Place your cloth on a newspaper or another surface that is damp and lint free.
C. Look up dander strips on the internet to find hidden mites. The same goes for deodorants and perfumes that advertise dust mites.
D. Use a damp cloth dipped in water and gentle soap to wipe your body clean. Scrubbing with a damp cloth will also remove the mite and prevent further damage.",0,0,1,1,5.446629306825545,0.14757044325142488,0.14819261245641457,49.938421720991755,3.1507110595703125
607,"Computers and Electronics: How to install a module in miva merchant. Read the readme file or other installation file that comes with the module for any special instructions not shown here.. Sign in to your miva merchant admin area. If you are in simple administration mode, click switch to advanced administration on the top right of the screen.
A. If you are in moderation mode and want to use one of the three system configuration programs, go to step 5.. In the menu it will say "" add module to integrated server "" and click ok.
B. Clicking there will lead you to (optional).. Click open' start administrator program' box.
C. The language field under path from editor is opened. Enter your admin password and select "" next.
D.  In the left menu, click on the arrow next to the word modules.. Click on add module link directly under modules.",3,3,1,1,14.838980519420105,0.14821702824974636,0.1480263102038229,55.06655026800581,3.8701248168945312
608,"Education and Communications: How to use clep exams to save time and money when earning degrees online. Determine if your college accepts clep exams. You can do this by contacting your academic adviser or searching your school website for their clep testing policy. More than 2 , 900 accredited colleges and universities that award credit for satisfactory scores on clep exams.
A. A rating should be from around 100 to 115. You can also check alumni ratings by visiting http: // www.clep-quiz-list.com.
B.  Undergraduate colleges may credit math scores for 75% of the students in their classes for which they need credit. Colleges $40 , 000 or more may credit math scores for 120% of the students in their classes for which they need credit.
C. To locate a college that accepts clep credit visit :. Find a clep testing center near you. You can do this through a search online or by using the phone book.
D.  Prioritize scoring for more robust studies in the classroom. Good scores will give you a better competitive advantage when applying to graduate programs.",2,2,1,1,7.766998705964701,0.14767201599988766,0.1479737618950724,64.0714319169856,4.292640686035156
609,"Food and Entertaining: How to prepare snow peas for cooking. Choose your snow peas. Snow peas are available in the produce section of most grocery stores. Here's what to look for when selecting snow peas to eat : Pick snow peas that are crisp with brightly colored pods.
A. Peas can look good for sandwiches, toast or stir-fries, tossed on top of salads, breads and similar dishes. Select peas that are fresh and have holes in the outer shell.
B. These peas will allow you to flake off some of the most delicate bits of snow. The pods should be able to flake off the seed.
C. Avoid peas that have a dull or sugary taste, which will never show on your snow peas. Choose pea peas that have a color similar to your country-native blue peas.
D. Avoid snow peas that are swollen or larger than 3 inches (7.6 cm) long--they tend to be tough. Also avoid snow peas that are dry along the edges, have yellow spots, or are wrinkled.",3,3,1,1,5.37524471466191,0.14753927775018383,0.14826311917031243,55.44751120401634,3.6305389404296875
610,"Philosophy and Religion: How to update the oregon hikers field guide. Get a gps app on your smartphone, if you have one. This is optional, but extremely helpful.. Choose a hike to do.
A.  There are thousands of different parks across oregon that you can see from your viewing area, so just pick the one you like.. Bring binoculars, rain jackets, fall jackets, and flip flops.
B.  You can see a list of all the columbia river gorge hikes. This is a very popular hiking area in the summer.
C.  Hikers commonly do not do long distance hikes, so it's a good idea to make it a contest to see who can do the longest hike. For guys-choose a hike that leaves you feeling full after a certain amount of time.
D.  With a compass, take the compass in your right hand hand and tap it to an attractive part of the trail. Press and hold the circle to select a hill or stream.",1,1,1,1,12.22353987256837,0.14720233349999035,0.1478533418190034,48.788998766995064,3.390472412109375
611,"Food and Entertaining: How to transfer a sim card. Power off the device. Use the power button to power off the device from which you're removing the sim card. On an iphone or ipad, hold the sleep/wake button until a "" slide to power off "" message appears on the screen.
A. Drag the slider to the right to power off your device.. Locate the sim card tray on your device.
B.  Slide the sim card onto the tray. The tray should look like a box.
C. Press the icon while holding the sleep/wake button and select "" power off. "" when on your home screen, go to "" settings, "" then "" screen saver.
D. Then, slide the power switch down to turn off the device. An item like a remote or a modem will be marked as "" off.",0,0,1,1,4.211241515914541,0.14698754324945185,0.14806092232850482,51.52090745400346,3.4823150634765625
612,"Home and Garden: How to clean nickel. Wipe the nickel down daily. Use a microfiber cloth. Microfiber is soft enough to keep the surface from getting scratched.
A. It's also very good at preventing dirty and grimy buildup. A few simple strokes will remove dust and water stains.
B. If it gets dirty frequently, it could harbor deformities, which can make the nickel more susceptible to oxidization. This could cause breakouts, blemishes, and scratches.
C. However, microfiber cloths will break up shiny metals and destroy potentially valuable minerals like nickel. Wipe the nickel down each day with a microfiber cloth.
D. However, cleaning nickel with a microfiber cloth will help to prevent dirt from building up on the cloth. When cleaning nickel, brush the cloth across the surface of the nickel.",0,3,0,0,18.56148737439497,0.14715476599849353,0.14705872813687262,39.26506456399147,2.69989013671875
613,"Cars & Other Vehicles: How to deal with a dui in arizona. Don't drink and drive. The best way to avoid a dui is to not drink and drive. If you are over the age of 21, you should be able to enjoy alcohol responsibly without putting yourself or others in harm's way.
A. There are exceptions to this rule : Nausea and vomiting without a drink drinking a lot of fluids if you have been prescribed a drug to help you cope with feelings of pain or nervousness if you have been advised to stay sober but refuse.. Stay in touch with friends and family.
B. If you have children, alcohol is forbidden and legal, so refrain from drinking and driving if you cannot have children.. Avoid driving if you have a dui.
C.  Remember, intoxication is the keys to getting over a dui. Drinking and driving habitually are no more than one step below mindful driving on the street.
D. If you have been drinking, call a taxi or a friend for a ride and never get behind the wheel.. Find a safe place to pull over.",3,3,1,1,5.670871916458324,0.14759483100169746,0.14789428211017866,60.93124642495968,4.1859283447265625
614,"Work World: How to be a female bodybuilder. Learn basic exercises to build a plan. A good exercise plan should have 7-10 exercises. Start with the fundamentals.
A. You should be doing leg lifts, sit ups, sudoku, bicep curls, arm presses, forearm curls, or knee raises. Do three or four repetitions of each activity.
B. Focus on warming up like a professional bodybuilder won't if you're a beginner. Work on your core and your legs and abs too and warm up your entire body.
C. Before you learn more in the future, you should do some exercises. For one, increasing your weight significantly. Size your body accordingly.
D. Once you've mastered these basic moves, you'll be able to make your workout harder by increasing the weight and changing up your routine.. Do squats to work the lower body.",3,3,1,1,7.3230920985073285,0.148474540751522,0.1482243238937998,41.05913858601343,2.7225112915039062
615,"Holidays and Traditions: How to make your own decorations for halloween. Clean several plastic milk jugs. You don't need to cut them out or in any way modify them--they just need to be clean. Each one will be one ghost--how many milk jugs do you need?. Draw a face on the jugs.
A.  Draw a trapezoid or a sun-like shape on a plastic container. Make sure you practice each aspect of the face.
B.  You can either use a black permanent marker, felt, or any material you have lying around the house. The permanent marker will be the easiest to make a detailed face with.
C.  You'll need to know how tall you want the ghosts to be--but don't worry if you don't already know. Only draw one face--preferably a tall one (the longer the prettier and more handsome they look).
D.  To accomplish this, put face paper on each jugs to serve as decals. Consider coloring each face with matte liquid as well, to avoid the color fading.",1,1,1,1,10.77341455637025,0.14689797600112797,0.14798490525476365,62.14931248998619,4.093803405761719
616,"Computers and Electronics: How to clean your room in 10 minutes. Start in one corner of the room, and move in a circle around the room. As you walk around, pick up any items on the floor, on the backs of chairs, and anything out of place (including little knick-knacks).. Put things away as you move around the room.
A.  Don't put anything in the trash, because pets might throw away things that you don't want.. Take things to the bathroom right after a workout (or before, for instance, changing into a fresh bra or gym clothing).
B.  If something belongs in the room you are in, put it in its proper place.. Create separate piles for items that belong in different rooms.
C.  What you put in pile starts as item; know exactly where you place it. Your room will be fuller the longer you wait.
D.  Put anything you use frequently on shelves, in drawers, etc. This way, at first, you won't have to deal with the clutter, but you'll be able to quickly put it to use again.",1,1,1,1,7.4044455921965895,0.147974391000389,0.14867789272332685,66.1588482549887,4.20294189453125
617,"Computers and Electronics: How to raise funds on facebook. Set up a facebook page for your fundraising cause. Whether you want to raise money for a certified non-profit charity or help pay for someone's medical expenses, you can raise money on facebook by creating a compelling facebook page to share your story through pictures, video and words.. Add a donation application to your facebook page.
A.  Facebook is a great resource for building a facebook page and finding and mailing new recruits for your facebook team. Upload photos, videos, relevant content, etc.
B.  Review your facebook profile and follow the steps above to create an account. Click on the "" register "" button near the top of the page and follow the instructions on the screen to sign up.
C.  If you're really into helping local businesses, you might make a facebook page for your cause. If, however, you're planning on donating online, facebook customization is a great way to create a facebook page.
D.  Fund raising apps such as gogetfunding.com and fundrazr make it easy for people to give online. Enable donation applications to access your page's profile information.",3,1,0,0,15.7230471405464,0.14841361324943136,0.1482485070717691,66.56424009993498,4.0997161865234375
618,"Home and Garden: How to clean nicotine stains. Spray the stain with a gentle degreaser. In order to fight off the gummy, sticky stains, you'll need something that cuts grease. You can use store-bought products like goo-gone, dr. bronner's, or simple green, or you can make your own.
A. Shake a bottle of water around and spray on the spot. Let it sit for a day, then blot the area with a paper towel.
B. Choose the right type of degreaser for your stain. Tap water is typically best, but look online for a degreaser that contains acetic acid as an ingredient.
C.  For strong stains, use 1 cup vinegar mixed with 4 cups water. Let the vinegar solution sit on the stain for a few minutes before wiping.
D. Before you start, make sure to dampen a soft cloth or sponge and release any excess grease. Repeat the degreaser process with a different type of product.",2,2,1,0,9.018799794915868,0.14619055349976406,0.14669803768495512,59.263977287981106,3.6844482421875
619,"Computers and Electronics: How to use facebook efficiently. Limit your network to connect only with family and friends. You'll have to use discipline to limit who you connect to, but you can control who sends you friend requests. Click the down arrow at the top right of your screen and choose "" settings.
A. "" on that menu, select "" network/group. "" in the group option, enter your friends' account information.
B. "" Every number you have installed on your facebook will be set. You won't be able to completely control who you connect to your facebook account at any time.
C. "" once this selection is set, you will see an option titled "" security settings. "". Understand the restrictions and rewards that facebook has set.
D. "" look for "" who can send you friend requests "" and click "" edit. "" choose "" friends of friends "" from the drop-down menu.",3,3,1,1,3.345937309756521,0.14642973100126255,0.14741553632961768,52.475987712030474,3.3674087524414062
620,"Home and Garden: How to replace a damaged brick. Decide if you can salvage the brick by removing it and turning it around.. If not, find a replacement brick that matches the color of the others. The best option is to look in a hardware store that carries a wide variety of colors.
A.  Soak your new brick in water for an hour before installation.. Remove the broken brick by drilling a series of holes through the mortar surrounding the brick.
B.  Set up a fire extinguisher. It should be equipped with a deep end that can hold 50 to 35% heat, and you could place it in a masonry fire pit.
C.  Once you have removed the brick, turn the brick around so that it is the same color. You will need to see the edges of the brick, the grooves, and any other cracks, dents or bruises on the brick.
D. However, you can also look online for alternatives that are less expensive. No one does the necessary work when choosing a brick, but you should still look for an alternative brick manufacturer or one that sells brick restore kits that you can wash with soap and water.",0,0,1,1,8.853122277483548,0.14611825350038998,0.146962489433946,59.51643127701391,3.8521804809570312
621,"Health: How to increase prolactin. Stimulate your breasts towards the end of your pregnancy. Starting about 2 months before the baby is due, start to pump your breasts with an electric pump. This can stimulate prolactin production.
A. This can prevent the baby from hatching or accidentally attempting to use the pump during the pregnancy. You should be fertile on average three months later.
B. You may need to increase the pump for 12-24 hours until this happens for the most effective results. It might be helpful to take a multivitamin to track your period and timing.
C.  Your baby will start to use up prolactin naturally. It will need 2-3 hours of continuous exercise every day for the first 4 months.
D. Start by pumping for 5 minutes, three times daily. Gradually increase this to pumping for 10 minutes every four hours, and then to 15-20 minutes every 2-3 hours.",3,3,1,1,3.877517820805479,0.14585033124967595,0.14667713860767245,49.5735656199613,3.2541580200195312
622,"Food and Entertaining: How to make cheesy vegetable dip. Chop the onion and herbs. Take a small piece of an onion and chop it finely to get 1 tablespoon of minced onion. Get out fresh dill and fresh parsley and roughly chop them.
A.  You can substitute other greens or herbs that you like. If you want a fruity twist, substitute 1 pound (475 g) of finely ground coriander , 1 teaspoon of fresh thyme , 2 tablespoons of chives, and 1 teaspoon of cumin.
B.  You can also chop the onions with the onion and the parsley in the same order, without separating the onion from the herbs. The vegetables will roast quicker and slower if you shred them first.
C. You'll need 2 tablespoons of fresh chopped dill and 1 tablespoon of fresh chopped parsley. Place the minced onion and herbs in a blender or food processor.
D. You can flavor the mixture with any salt you like, but herbs like dill or garlic will give it a natural light flavor. You can also use dill to grate the lemon pepper if you prefer.",2,2,1,1,2.9070168398079352,0.14634032350022608,0.1465722852273251,55.403395969020494,3.8305130004882812
623,"Finance and Business: How to pick a computer for your recording studio. Take things into consideration. Preliminary considerations are as follows. Do you plan to record, say, a big band or a small acoustic act? This will determine how many tracks you need the program to be capable of processing.
A. Some programs, such as the latest version of steinberg's cubase support unlimited tracks.. Do you want access to lots of effects that you can apply to instruments and voices (e.g.
B. Should you review all of these requirements before choosing a hard working computer, you are likely to increase production costs, inflate you price significantly, or eliminate any possible spoilers.. Locate a computer type you'll do well with.
C. Somewhere from 60 or 70 is a good bet. Could you record in a relatively small space where there are hundreds of people about? That's usually a good thing.
D. Imagine what kind of sound system you want. Make sure you consider if the program is sound proofproofed, and how much time it requires to run? Sound recorders usually run between $100 and $200 an hour.",0,0,1,1,13.79593939668908,0.14609388850112737,0.1467067541316674,58.53354343601313,3.6731185913085938
624,"Food and Entertaining: How to write creepypasta. Have vision and creativity. An abandoned building? A meme, like slender man or zalgo? A failed experiment? A ghostly serial killer? A crazy person? There are many great topics for creepy pasta, and the possibilities are endless.. Know the elements of horror.
A.  Creepypasta has five great elements, and these features can be found in horror stories or films. Use them and you will definitely get creepy pasta : Core venomous snakes.
B.  Horror may give scary pasta chills or even scare them. Make sure your people are listening with real ears.
C.  Remember that this is not a novel, so you don't have to be too in-depth.. Decide what your creepy pasta will be about.
D.  It can be magical, mysterious, or what? Creepy pasta? Witches? Radiohead?. Know the tips and conditions of creepy pasta. You could also include themes like sleep paralysis, no matter what the response is.",2,2,1,1,12.204605786822102,0.14596487599919783,0.14651459950382878,59.043184706024476,3.9764633178710938
625,"Computers and Electronics: How to change firefox application settings. Launch firefox. To open the firefox browser on your computer, click on that fox icon on your desktop, start menu, or taskbar.. Click on the "" settings "" button.
A.  It looks like two overlapping gear arrows on a toolbar on the left-hand side of the window.. Click on "" account "" in the settings page.
B.  It's the cog icon at the top-left corner of the window. Once you click it, all of your settings will be saved.
C.  It's the three-lined icon at the top-left of your web browser window. If you don't see your settings, click "" security "" from here, and then click "" new settings.
D.  Look for the icon with three short horizontal lines arranged on top of the other found at the top-right corner of the browser. Click on the icon to display a drop-down menu.",3,3,1,0,7.8559994942266504,0.14558498625137872,0.14673473727969125,47.83092534906609,3.2126541137695312
626,"Holidays and Traditions: How to make a gift basket for a grandchild. Pack the basket or tote with plenty of plain white, yet strong drawing paper. While coloring books are a okay, children of a certain age can't follow the black line pictures and they can easily become disinterested. Drawing comes from the heart.
A. Don't force them to say what it is, and be okay with the blue hippo.. Pack a few of the child's favorite "" theme "" toys such as a super hero, puppies, dinosaurs, or a princess.
B.  Make the color; select cotton candies, colored pencils and colored pencils, and henna paper. These look lovely when added together and complement one another well.
C.  If you don't have too much, you could buy a car seat made out of velvet and embroidered on leather. It gives you a classy, elegant look.
D. It's a quality art you probably only use everyday.. Use pastel colors for the basket.",0,1,0,0,23.85653524032218,0.1465327157493448,0.14702046731884233,57.77709265002704,3.89154052734375
627,"Pets and Animals: How to hatch turkey eggs in an incubator. Set up your incubator at least 24 hours before you put the eggs in.. Fill the lower channel with water to ensure adequate humidity.. Place two thermometers in the incubator.
A.  Attach the temperature dial or the location temperature counter to the cooler half of the incubator for the most pleasing temperature.. Place a plastic tray on the top of the incubator.
B.  Leave one of the bottom gears unhooked.. Remove all the cooktops, plates and utensils from the incubator.
C.  Make sure they are elevated to half the height of the eggs (usually about 1 inch). You can get disposable plastic cups and cut them to the desired height to act as platforms for the thermometers.
D.  These thermometers indicate if the embryo is still one year old or eggs older. Easy-to-store thermometers can also be used.",2,2,1,0,14.295745316202238,0.14621444324984623,0.1470205812861587,49.39569076000407,3.364349365234375
628,"Computers and Electronics: How to add lighting effect through photoshop. Duplicate the background layer. This is in order for the original image to be safe. If you are using windows, the shortcut command is ctrl + j. for mac users, the shortcut is command + j. the default name that photoshop will give to the duplicate image is "" layer 1.
A. "" if you are using photoshop, the shortcut command is command + +. You can enter the path key (or shortcut key if you don't have photoshop installed) and copy the text from the image.
B. "". Bring up the "" lighting effects filter. "" look for the "" filter "" tab.
C. "" if you are using windows, the shortcut command is ctrl + j &. The default name or "" layer "" is "" layer 2 "".
D. "" for a pc, the default name is "" image 1. "" open the image you want to duplicate.",1,2,0,1,16.248760781577523,0.14583275400036655,0.14694813931133535,58.627846043978934,3.996368408203125
629,"Home and Garden: How to plant date seeds. Buy some ripe medjool dates and collect the seeds. Purchase some ripe medjool dates at a grocery stores and open them up to remove the seeds from the center. Set the seeds aside and either eat or discard the date fruit.
A.  You'll know the dates are ripe when they are slightly wrinkled or leaking a sticky fluid.. Clean off the seeds to remove any leftover fruit.
B. Wait 5 days after planting for the date to sprout out of the soil and the seeds to germinate.. Crush and rinse the fresh seeds.
C.  If you prefer, you can collect the seeds from within the plant at night in order to prepare them for planting in the late fall. Planning for a larger batch of dates will reduce the number of dates needed and allow your seedlings to rest.
D. Discard any dead or nutrient-rich seeds. If you weren't looking for an easy-to-harvest date harvested earlier in the season, you can grow date plants and use them as salad dressings and dips to generate a tasty southern-style salad.",0,0,1,1,16.29214400256901,0.14692568575082987,0.1466945998659379,57.50520749098723,3.8021774291992188
630,"Computers and Electronics: How to crimp coax. Create a termination point. Cut off the end of the coax. Use small, sharp wire cutters.
A. Tear the end from the coax to form a small hole. Pour some superfine modge podge into the hole.
B. Create a squared off surface, rather than a beveled surface. Mold the end of the coax using your fingers.
C. This will make the rip even softer with more force. Leave about 18 inches (46 cm) of slack in the handle.
D. You may use caution, as the wire of your coax is very flexible. Drill through the side of the wire using the sharp edge.",1,1,1,1,13.238807263098991,0.14664981100031582,0.14655611979459796,33.415170077991206,2.3405227661132812
631,"Education and Communications: How to keep a book journal. Consider the benefits of a book journal. The usefulness of a reading journal ultimately depends on how much you read. If you're reading most days of the week, it stands to reason you probably go through more books in a year than you can remember in depth.
A. If you find yourself struggling to remember bigger details of a book you read a few months ago, a book journal will be a big help. The act of writing thoughts down does a lot to retain memory.
B.  Go online to look at the benefits of a reading journal. How much have you gotten out of reading? Ask yourself if you could continue reading if you read a lot more.
C. Not only that, but you may even learn information that is difficult to learn in small amounts. An old book journal can solve that problem for you.
D. For some people, reading can even be fun. However, with some planning, you may need to do more than read.",0,0,1,0,7.81437593841229,0.14780977124974015,0.1474197531475894,56.61074528108293,3.6844329833984375
632,"Education and Communications: How to start a letter to a judge. Choose your materials. A professional-looking letter should by typewritten on good-quality paper and signed in pen. Normal white 8.5 "" x11 "" printer paper is acceptable.
A. A puffball map book may also work for this purpose.. Get a rough idea of what you want your letter to say.
B. You can also find "" résumé "" or "" business "" paper, which is typically slightly heavier and off-white in color. When typing your letter, choose a business-appropriate font that is easy to read.
C. Brass or plastic envelopes or envelopes with clear, solid markings are acceptable. Paper should be thin enough that you are able to see the writing inside it.
D. Standard york state law prohibits the use of printed and signed letterhead. Legible letterhead is flattering to photos, but ink transfers from a clean printer can be misleading, just because it doesn't convey the exact wording.",1,1,1,0,7.481303996127504,0.14639586124940251,0.1470928916686173,50.30298082899026,3.405029296875
633,"Home and Garden: How to trim trees. Wear safety goggles, helmet, and purchase a step ladder. Safety goggles and a helmet or hard hat will protect your head and eyes as you prune adult trees. You may also need a small step ladder to reach higher branches.
A.  Insert a mitten stake about two feet (- 4) away from the pruning necessities (tree). You can purchase mitten stakes at most tree planting supply stores or online.
B. However, if the branch is located high in the air and requires an extension ladder, consult a professional instead of trying to do it yourself. Purchase this equipment online or at a hardware store.
C.  Cut an "" x "" into the trunk of the tree. Purchase a can of hand pruners from a hardware store and use a sharp knife to cut right through the trunk of the tree.
D. You may wear gloves to protect your face from the branch you are trimming. You may wear long sleeved green or cotton gloves.",1,1,1,0,8.56728035144994,0.14567631399950187,0.14712380117320703,52.37028326896689,3.3821563720703125
634,"Pets and Animals: How to treat your cat's dental problems. Give your cat oral hygiene products. These help decrease the amount of bacteria in the mouth and are useful as part of a dental care regime, especially for cats prone to gum infections or bad breath. An example of such a product is hexarinse.
A.  Hexarinse is available at pet stores and provides the following benefits: it can control the sensitivity of the mucous membranes around the mouth and mouth. It is a good choice because it does not irritate the mouth once the disease actually started.
B. If your cat has braces, ssris, or worse, take your cat to the vet for detailed instructions. Follow the dosage instructions provided in the product and never deviate from these instructions without a vet's approval.
C. These toothpastes coat the teeth, which removes plaque and solution and stimulates saliva production. Using these products will help your cat get the chemical in her mouth.
D. To use, dip a clean cotton tip into the liquid and wipe the dampened bud over the surface of your cat's tooth enamel and along their gum line. The active ingredient in hexarinse is chlorhexidine, a mild anti-septic.",3,3,1,1,7.317597899593747,0.14599902124973596,0.14678061036160492,62.67219426795782,3.9065933227539062
635,"Computers and Electronics: How to make free phone calls and listen on a tv. Download a voip (voice over ip) program on your computer. In order to place calls through your tv, you will have to use a computer to do the calling. One of the most popular programs for this is skype, though there are also others available.
A. Skype is one of the best choices because you can setup a phone number that anyone can call you at. See this guide to get skype installed and configured on your computer.
B.  Only use voip if your computer already has it. If you do have an existing wireless system, or if you are using cell phones with one.
C.  Computer-based live-chat (latest version of skype) is the most popular feature. New broadcasters are offering these programs, and you can also download one from a computer.
D. Search "" free tv on computer "" on your search engine. You'll find a lot of users who have used this system for free.",0,0,1,1,8.077926046752639,0.14558855924860836,0.1469262766270129,59.646717441053624,3.6926193237304688
636,"Home and Garden: How to use a dutch oven. Bake with your dutch oven. You can cook bread, pizzas, cakes, and other desserts in your dutch oven by placing hot coals on top of the lid and underneath the dutch oven full of food. To bake, you should place more coals on top of the lid than underneath the dutch oven.
A. This will encourage the food to expand as it bakes.. Cook with the dutch oven on a low flame.
B.  Always check the temperature of your dutch oven using an oven thermometer. Don't bake the dutch oven at a temperature higher than that 200 degrees fahrenheit (74 degrees celsius).
C. This will prevent food on the bottom from burning. Consider your dutch oven's diameter.
D. Alternatively, you can use a gas or electric dutch oven. If you have any special cooking ingredients in your dutch oven, you can use them to pan over or preheat it for the next step in the recipe.",2,2,1,1,8.84120913262366,0.14721466100036196,0.1471061729604956,63.69740684405406,4.2287139892578125
637,"Education and Communications: How to get people to confide in you. Keep your promises. Before someone can confide in you, you have to demonstrate that you are dependable. If you promise someone that will do something, make sure that you actually do it.
A. If your promise is negative, people will stop trusting you. To make a promise, tell the person that you will do something.
B. This is a great way to find out how trustworthy someone can be. For example, when someone asks you to do something for him, be willing to do it.
C. Fulfilling your promises regularly will show that you can be trusted. If you cannot keep a promise, let the other person know.
D. If they decide not to confide in you, make sure that you are reliable and reliable. If they trust you enough, they will trust you enough that you will be able to trust them again.",2,2,1,1,5.0007198575425615,0.14682373149935302,0.14680706729678522,49.033627133936534,3.3302764892578125
638,"Computers and Electronics: How to make a squidoo lens. Sign up for an account. Go to squidoo.com. Click the "" sign up now "" button to make a squidoo lens.
A. Follow the instructions, and you can always create your own--just make sure to check it out the same way you will a photo after you are done using it!. Create your brand interface. Click the "" add/sell "" button on the main page.
B. You will also be provided with the account information for your noseband.. Draw your eyes, make your eyebrows, then use a pencil to outline your bottom eyelid, then your lower ones and finally the circles.
C. The youtube community page will show you exactly what you'll be creating : You cannot make a pro lightsaber without a professional supervision. You will have to pay lots of money for a professional lens.
D. You will be asked to give your email address, and to create a user name and password.. Create a title, a topic and tags.",3,3,1,1,7.37240324818928,0.14563855150117888,0.14712326847160212,47.073507043030986,3.3292617797851562
639,"Finance and Business: How to void a check. Get a pen. Don't use a pencil, since someone could come along and "" unvoid "" your check by erasing your marks. Use black or blue markers.
A. The most important thing is to be sure that it cannot be erased or obscured in any way.. Write "" void "" across the payee line.
B.  Pen erasers are much less effective at erasing than pencils due to the extra ink in the pen. Just use a pencil scraper to avoid picking up ink every time you wipe off your stamp.
C.  Scratch out the blank line in the check. Use caution when rubbing the blank line as the ink can streak.
D. Get something that will serve as a watermark, like a marker. A pencil with a dark blue edge will give you a rough approximation of your mark-if the only writing tool you use at home is pencil, try white or other dark colored markers.",0,0,1,1,7.977207668563456,0.14649201124939282,0.14736128612457253,46.71005060198877,3.3673934936523438
640,"Finance and Business: How to charge a kindle. Plug your computer or laptop into an outlet. It should be connected to power to ensure it will have enough battery to charge the kindle.. Turn your computer on.
A.  Make sure your computer is set to boot up.. Perform a search for "" amazon.com this kindle is something special.
B.  You will need to leave the computer on and avoid stand-by or hibernation mode during the charging process.. Find the micro usb cable that came with your kindle.
C.  Tell your parents or teammate you want to charge your kindle. If you share a pc, both computers should have their respective terminals plugged into a outlet.
D.  Look for a chroma-emitting device, such as an iphone or ipad.. Check to see if your device is compatible with bluetooth or wi-fi.",1,1,1,1,8.11424362542848,0.14583463649978512,0.14698486302703545,43.943873138974595,2.9398040771484375
641,"Relationships: How to maintain a relationship. Do not try to change your partner. Accept that you can only change yourself, not your partner. This is perhaps the hardest but most important tenet of a solid relationship.
A. You need your partner to understand that not everyone is perfect. In fact, everyone has flaws, and having a healthy, lasting relationship with someone you love shouldn't go hand in hand with all others.
B. You should never enter a relationship with the plan to "" fix "" your partner. You need to accept the fact that your partner may never change, and be okay with that.
C. Obviously it is impossible, but it is the first step towards becoming a better partner. Don't argue or try to manipulate your partner.
D. Forcing a partner to change or get rid of you is bad judgement. Try to remember that you are the one doing the work.",1,1,1,1,6.4767445130734975,0.14690419399903476,0.1467584691029778,44.76191597599245,3.0876693725585938
642,"Pets and Animals: How to diagnose bone diseases in growing dogs. Notice any limping. Limping is one of the most recognizable signs that your dog is experiencing pain. You might notice that your dog is favoring one leg rather than distributing their weight evenly, or they may hold up a paw to avoid putting weight on it.
A.  Limping should happen on their side, not their back. Think about if your dog is limping because they are trying to prevent or protect themselves from pain.
B.  Watch for limping in the hind legs, or on the lower legs.. Observe the dog for any weight imbalances.
C.  Limping can either come about suddenly or develop over a period of time. The sooner you recognize that your dog is limping, the faster they can receive treatment.
D. Pain associated with limping varies by breed. You should take your dog to be seen by its vet to go over any conditions that may be causing the limping.",2,2,1,1,5.6762081050893896,0.148297868249756,0.1472923103034302,58.331777111943666,3.6290435791015625
643,"Relationships: How to treat others with respect. Show respect to your teacher in a classroom. Teachers work hard to ensure that you have a pleasant and valuable learning experience, so it is important to show them respect. It might be hard to show respect to a teacher with whom don't always see eye-to-eye, but you can do so by using some simple courteous behaviors.
A.  Address your teacher by his or her name. For example, if your teacher goes by mrs.
B. As with all forms of behaviour, it is important to show respect to the teacher who teaches you. Showing respect means standing up for yourself, being kind to others, and treating other students the way you want to be treated.
C.  Don't stare at a teacher when they are speaking. Just cross your eyes to acknowledge them and then look down, conveying that you're paying attention to what they are saying.
D.  Say "" please "" or "" thank you "". Be at least mildly polite but not rude.",0,1,0,1,8.39742219944915,0.14572312149903155,0.14707046520388822,61.91127647601752,4.173393249511719
644,"Health: How to empty a catheter bag. Wash and dry your hands well. Use warm water and soap to clean your hands. Dry your hands once they are clean.
A. You should also always wash your hands before use. Use warm water and a mild soap, like baby or soap.
B. Do this every time you are going to touch the catheter to prevent the spread of germs. You may also put on medical gloves, if you have access to them.
C. Unroll the catheter, and set it aside for a later use.. Begin by unzippering the case.
D.  Place the catheter where you would like to place it. It can be on your lower lip, somewhere above your fingers, or even on your nipples.",1,1,1,0,5.3936075687367815,0.14839363350165513,0.1472428244275409,37.10979499203677,2.6688079833984375
645,"Relationships: How to get someone to break up with you. Avoid or ignore them. Don't pick up their calls or answer their texts, and ignore them if they ask to spend time with you. This sort of physically distancing from your partner will likely indicate to them that something is wrong in the relationship.
A. Instead, you should refrain from replying to their texts or phone calls and also stop trying to talk to them. They might interpret this as a sign of a disconnected relationship that is not working out.
B.  Make a drastic no-show by not answering their calls or texts. Even if you know they have stopped being with you, ignoring the person will likely put a big dent in the overall relationship.
C.  Keep in mind this will likely also cause more drama and anger from your partner, which may then lead to angry voicemails and "" surprise "" visits that could get ugly.. Blame them for the problems in the relationship.
D.  Do not text, touch, or answer back. This might be the result of a perceived break up on both sides.",2,0,0,0,20.58365002958301,0.14777462849997391,0.1478007347386157,58.82458800101449,3.8164443969726562
646,"Health: How to present a romantic gift. Choose if it'll be a surprise, or you'll create some nice build-up. Surprises make others tingly with excitement, while they make others feel anxious and overwhelmed. Decide which category your partner falls into.
A. Some ideas include : Surprise your partner. Surprise your partner with something sexy, like flowers, chocolates, or some other mood-boosting gift.
B.  If you want the gift to be a total surprise, make sure you hide it well and act naturally before you give it to them. The less they see it coming, the happier they will be.
C. Have the nice surprise go into each category, then do a little chores to go along with it. Here are a few things to consider : For a surprise surprise gift, write the recipient something: "" we went to dinner at my place.
D. Is your surprise romantic? Here are some subcategories of geth as well. Give a surprise gift on the spur of the moment, instead of buying flowers or a classy business.",1,1,1,1,6.686769072148206,0.14763658850006323,0.14785418317867818,53.52234393196704,3.575897216796875
647,"Youth: How to be a teen socialite in england. Establish a close circle of friends. You'll want a best friend who you can tell anything to, look for qualities such as loyalty, trustworthy and a similar personality. Your other friends will need these qualities too of course but not necessarily as magnified.
A. Add up your bottom-end friends' strengths and build new ones.. Create a positive "" happy horse "".
B.  Dress to match your current appearance and personality. For girls, you'll want a suit that is neither overly formal or very fancy.
C.  Pick up after yourself and work toward doing so. Give yourself a shoulder to cry on when homework is time.
D. No more than ten in your circle of close friends. Make sure they're all mature, friendly, nice people who also know how to have fun.",3,3,1,1,9.325041172619452,0.14821050099908462,0.14784280744034237,52.63351022299685,3.396209716796875
648,"Computers and Electronics: How to cope if members are rude or upset you on a forum. Think before you post your problem or topic on the forum. If it is a very personal problem it may be better solved by going to an advice center, or legal advice center if it is a legal problem. Not posting it on a forum.
A.  Bear in mind that the forum is public, and so everyone will read what you post. So if you do choose to post on a forum, if it is a personal problem you should choose a username that is different from your real name.
B.  If you do have the respect and respect for the forum you are. On a forum, email the forum moderators, and give them the information needed to make the forum a safe space for each of your friends to filter through.
C. Try to remember that the best pokéstop policy will only be applied to one forum.. Post your issue or topic but don't say it in the middle of an online forum with thousands of people involved and everyone can know it is about you.
D.  Go to the forum you like the most so you can repost it all on that site. If you like forum posts but don't think you could repost something from that forum, think less about it and more about what you want to share.",0,0,1,1,6.536006218359807,0.1475049984992438,0.14793516871793033,68.78813277296285,4.1215362548828125
649,"Computers and Electronics: How to create specials on foursquare. Log into the foursquare account for your business. Visit the foursquare support website featured in the sources section of this article and click on the "" login "" link in the upper-right corner. Enter the email address and password you have registered with foursquare to access your business account.
A. You will need to provide the supporting information from your business account, such as your business name and contact information.. Use your business name and your computer to create special specials.
B. It is important that you have a customer account with foursquare as well, as many businesses have their business authorization forms available on foursquare's website. Follow the prompts to sign up to your account.
C. Click on the "" log in "" button to continue. You will be brought to a page entitled "" manage a retail endeavor "" on which you will enter your real estate information and accounts settings.
D. If you do not already have an account, click on "" sign up "" after landing on the login page to open an account. Enter your business information in the fields provided, as well as an email address and password for your account.",3,3,1,1,4.450823944297459,0.150342165499751,0.14756997113460538,64.20402622101392,4.091850280761719
650,"Relationships: How to hold in your poop in embarrassing situations. Try standing up to keep in your poop (or, alternatively, lying down). The worst possible position to be in if you are trying to hold your poop is to squat. Sitting isn't as good for holding your poop in as standing or lying down is, either.
A. However, being in the right position, and sitting correctly, and experiencing vomiting or diarrhea at the same time, may make you a more complex candidate to hold.. Squeeze your rectum with your whole body.
B.  The reason for this is because squatting has long been defined by researchers as the ideal position for defecation. That's because it applies pressure on the abdomen, encouraging release of the stool.
C. There are many dangerous ways to hold your poop in this position : Do not wear a pair of socks. This can cause contamination, even after your period.
D. Squatting is the standard position, meaning you're sitting in that spot or in an inverted position. It's sometimes recommended that both of your feet be on the ground, but almost always places your phone on the ground.",1,1,1,1,10.821676525549927,0.14713912349907332,0.1477609994762698,62.94369827298215,3.9223251342773438
651,"Computers and Electronics: How to use an electronic typewriter. Plug your electronic typewriter into an outlet with the correct voltage. Turn your typewriter on using the switch. Refer to the manuals to find where the switch is. Some switches may be at the front or at the side of the typewriter.
A. Others will be on either side of the typewriter. It will take some experimentation to find a suitable switch for the type of typewriter you have.
B.  Make sure that the color is the default (green). The default switch is the dial on the typewriter or the dial at the front of the typewriter.
C.  Wait for the typewriter to prepare itself. The typewriter does that so that the daisy wheel and the ribbons are in the correct position.
D. Most electronic typewriter units will have a button or a small lever located at the front for the manufacturer to use. Press this button and your typewriter should turn on.",2,0,0,0,11.49588581543419,0.14782305075004842,0.14677370501882955,55.19111047000479,3.4265213012695312
652,"Computers and Electronics: How to deal with a bad couchsurfing guest. Set your house rules. Before your guest arrives, make sure that you've created a set of house rules. Most of the time, guests don't intend to be rude or misbehave.
A. They simply don't know the rules, limitations, and culture that exists in the place they're staying. Make sure that you let your guest know the guidelines that are in place in your house.
B. They may just want to meet, listen, and take a look around, but misbehaving on their behalf can sometimes be avoided. Establish by being clear and firm that your home isn't for badmouthing guests.
C. Rule-breaking is usually one of the best ways to filter out any negative reactions from your guest. It's often done because the guest arrives feeling insecure or let go of previous experiences.
D. They are simply doing what you want them to do. Therefore, it's helpful to know what your house rules will be.",0,0,1,0,6.001234754911798,0.14620796875078668,0.1475769009972242,53.86009313500108,3.582733154296875
653,"Sports and Fitness: How to pole vault. Select the height of the bar for your vault. For your first few vaults, you should remove the bar completely to give you the most space to learn the movements of vaulting. For your next few jumps, try using a bungee cord to approximate the feeling of a pole.
A. There isn't much wiggle room during this initial jump, just the ropes are flexible and can move easily and correctly. Try to get a normal amount of rope, about 9 to 10 feet (3.0 to 4.6 m).
B.  Lift yourself up to the height of the bar. Elevate one arm on the front bar.
C. For some sloppy jumps, sizing up the height of your vault may be more difficult. For the kettle vault, measure two sides of the bar , 1 from the top to the bottom.
D. Then, once you are confident with clearing the bungee at 5 to 8 feet (1.5 to 2.4 m), place the standards (the pole you jump over) at the same height. This bar will get progressively higher as you become more confident.",3,3,1,0,6.689098371287098,0.14564253600019583,0.14677582467911424,63.6961747560199,4.28350830078125
654,"Health: How to deal with an unsupportive husband after a miscarriage. Identify what you are feeling. Miscarriage affects everyone differently. Your husband may be having a hard time coming to terms with what has happened, too.
A. Sharing your feelings with each other may be painful, but it is a necessary step towards working through your grief. Grieving is often more effective when you voice your thoughts and feelings with someone who shares the loss.
B. Maybe he is religious or has news of a long day. Or, perhaps he needs time alone to grieve or think about things.
C. These feelings can be complicated, but identifying them can help you place objective blame onto your husband. Can you identify unsupportive feelings for your husband? For example, you might feel badly when you experience a miscarriage but are already thinking about coming out.
D. Some women may be temporarily overwhelmed by the loss of their children, so it may help to talk with others who are also with kids. Perhaps you feel embarrassed about having to pick the kids up after an miscarriage.",0,0,1,1,8.079000126220931,0.14557979599976534,0.14616243250717156,51.300683263987594,3.519927978515625
655,"Food and Entertaining: How to make roast potatoes. Choose a type of potato. Any kind of potato can be roasted to delicious perfection. However, different kinds of potatoes offer different textures and flavors.
A.  Consider removing fibrous parts of the potato before cooking. Potatoes will continue cooking longer in the oven if you remove all the fibrous particles.
B. For example : Waxy potatoes such as red skinned and fingerling don't get as crispy as other varieties. Starchy potatoes such as russet and sweet potatoes are mildly crispy when roasted.
C. Roasted potatoes are often stewed in a larger pot of water but they can also be simmered in a pan of boiling water for a few minutes. However, they are some of the less common choices in potatoes.
D. Potatoes also tend to be thicker and drier so it is okay to check before making a stew. Different types of potatoes are cooked on the same cooking surface, which then serves to flavor the stew.",1,1,1,1,7.029734366952448,0.14558002350077004,0.14581050431540932,46.3668184490416,3.1030807495117188
656,"Computers and Electronics: How to use youtube offline. Get a youtube music key subscription. This is required in order to be able to download music videos from youtube for offline viewing. These are the only types of videos you can save for offline viewing using this method.
A.  Music videos can only be played on a paid subscription platform. If you pay for your own music streaming service, you won't be able to download videos on this platform.
B.  Host a live video one time by selecting "" video "" from the options on the screen. During a live video keep the video focused from the center; if possible, refocus the video if it's paused, so the video gives you the full picture.
C.  There are a number of video key keywords available for offline viewing, but none offer significant results. Anything that you type in will be grouped and added to the key word file automatically.
D. If you want to save a different type of youtube video, use one of the following methods. You'll get a youtube music key with a google play music all access subscriptions, which costs $10 usd per month.",3,3,1,1,7.087841195511179,0.14584762349932134,0.1458131018643763,55.409116795002774,3.7097244262695312
657,"Health: How to treat mild hypothermia. Check the person's body temperature. If you have quick access to a thermometer, you can check the person's temperature. The typical body temperature usually sits around 98 ° f (36.7 ° c).
A. Mild hypothermia can manifest with a body temperature of 96-97.5 ° f (35.6-35.4 ° c). If it's lower than this, the hypothermia may be severe and you should seek medical help.
B. If you do not have access to a thermometer, call the national suicide prevention lifeline at 1-800-273-8255. The person should generally have a body temperature close to this temperature, below 101 ° f (49.4 ° c).
C. This temperature regulates the amount of blood in the urine, which in turn helps to prevent it from reaching your liver. The person who has cold symptoms will be about as cold as you are.
D. If you are traveling with someone suffering from mild hypothermia, it might be too cold. Try calling emergency services if you notice a change in temperature.",0,0,1,1,3.944491918325849,0.14620100849879236,0.1463842763951975,55.771676234984625,3.7054901123046875
658,"Computers and Electronics: How to treat depression with music therapy. Create meaning through music. Commonly, people who report symptoms of depression lack pleasure or lack of interest in activities and/or loss of meaning. The act of creating music allows you to take risks and experience yourself in a different way, while being supported in a therapeutic setting.
A. Think about how you feel each time you actually experience an emotion or event. You may not actually feel angry or hurt or even sad.
B. For example, listen to music that brings you pleasure at night and sing along with it!. Stay physically fit. In some people, exercise habits could take a toll on their physical health.
C. You might explore music with nature in mind and adapt to new events, new locations, work, or other stimuli. Try listening to blues songs and classical music at home to engage with other musicians and people.
D. Especially if you have a difficult time expressing yourself otherwise, you can experience moving emotions through playing music. Allow the music you create to have meaning to you.",3,3,1,1,11.113429637273157,0.1459965812500741,0.14638516083001377,59.138050657005806,3.777374267578125
659,"Computers and Electronics: How to automatically join an irc channel in pidgin. Install pidgin on your windows or linux-based operating system/computer. It can be downloaded from it's company's. Pidgin does not operate on a macintosh computer.
A.  Connect pidgin to your pc using a coaxial cable. You can open pidgin by double-clicking on the pidgin icon on your pc or by double-clicking on pidgin on your desktop.
B. It will only run on computers operating on a windows operating system. Click the download button and follow the prompts on screen to complete.
C.  Use pidgin to play games and block users on the javascript game servers.. Use pidgin to configure not to spam players, disable actions you see as spam, use pidgin to block registries via vrememers.
D. Additionally, pidgin is not approved by pidgin software rights standards, which your, or any other trusted server, cannot be installed on. If pidgin is not a installed on windows, read this article.",1,1,1,1,10.04442516017521,0.14518152875007218,0.14650761091403788,53.32346604405393,3.5419540405273438
660,"Sports and Fitness: How to choose shotgun shells and chokes. Distinguish between the two basic styles of shotgun shell. From a shotgun, you can either fire "" shot "" or "" slugs. "" shot shells are plastic cartridges filled with tiny metal pellets and should always be fired from non-rifled shotgun barrels.
A. Slugs are essentially a single, fairly large metal bullet loaded in a plastic cartridge. The kind of shot used in shot shells also varies and it is important to understand the way shot is sized.
B. Slugs are small, cramped tube cartridges which can be fired from either the side or all the way down a barrel with chambers loaded. Slugs are elongated, typically about 5 feet (1.5 m) and are super-compact and ready to load without having to reload from a single barrel.
C. Slugs, on the other hand, are magazine shaped. Slugs may be passed along between shots.
D. Slugs are plastic containers that have suction cups and are placed inside the gun. Slugs can be left sitting in the gun as it's loaded or re-loaded later on.",0,0,1,0,8.73332659675489,0.14511501124889037,0.14616318596563804,60.361203104941524,4.312408447265625
661,"Computers and Electronics: How to freeze a row on google sheets on iphone or ipad. Open the sheets app on your iphone or ipad. The sheets app looks like a green-and-white spreadsheet icon on your home screen, or in a folder on your home screen. It will open up to a list of all your saved spreadsheet files.
A.  If you have a single spreadsheet file, file by file, set it to "" new "" and then "" data "" or "" trackback. "" see the top menu bar, then your "" save "" menu, to select your current spreadsheet.
B.  If you have google sheets in your mail folder, tap the home button to let the app come to your home screen. If you have google sheets in a recent document folder, tap the "" will "" switch towards the bottom of the screen.
C.  This is the folder where all your files are located. If you're reading an entire document when you open it, it's in that folder.
D.  If you're not automatically logged in to sheets, you will have to enter your google email and your password to sign in here.. Tap the file you want to edit.",3,3,1,1,7.9575702964285115,0.1452442110003176,0.14683395832317053,63.27907704799509,4.086463928222656
662,"Health: How to protect estate assets of someone on medical assistance. Choose the type of trust. To protect the estate assets of someone on medical assistance using a trust, the trust created generally must be irrevocable. Creating a revocable trust would mean the person still had control over the assets in the trust.
A.  Certified wealth and/or personal assets will form a separate list from those in the trust.. Decide if to transfer assets to you.
B.  With an irrevocable trust, however, the person no longer owns the assets. Rather, the assets belong to the trust.
C.  To create a revocable trust, you may disclose your privacy. If you provide nothing but a personal statement, then you are legally restricted from making a trust without a revocable statement.
D. But your estate's trustee or representative could modify the trust's irrevocable provision in place. A revocable trust is a trust that is executed by a couple on a mutual agreement.",1,1,1,1,3.678199075210815,0.14536518175100355,0.14594938172995645,56.77197269303724,3.6651153564453125
663,"Finance and Business: How to set up an escrow account. Identify your need for an escrow account. An escrow account holds money, much like a bank account, except the money is held with an escrow company. The escrow company will only release the money once certain conditions are met.
A. You are given an opportunity to acquire the trust document, or collection account.. Identify whether to open an escrow account.
B.  Escrow accounts are most commonly used in real estate transactions. When the conditions for the sale are satisfied, the escrow agent will release the money to the seller.
C.  Internal organizations like the national foundation for financial reasons offer an initial bulk of the funds to end your account when you file your taxes. Consumer trusts can only expire after a certain period of time.
D. For example, if you need to save money in one year, you will not need an escrow account. However, you will need an escrow fund.",1,1,1,1,5.0227397351448575,0.14620893350002007,0.14680855938746973,54.757194147976406,3.5493621826171875
664,"Finance and Business: How to file a contempt of court. Find a motion for contempt form. A motion for contempt is a fairly standard document. Most courts have fill-in-the-blank forms you can submit without having to draft a court form by hand.
A. The forms can be found at your local courthouse or in your court's decision processing unit. You can also find many other motions for contempt by searching online.
B. Look on the court's website or pay a visit to the court clerk's office. Legal aid societies also often have motion forms available for download on their websites, along with instructions.
C. You won't have to do this if you file your motion using the following format : Insert your court name. An 18-digit court name plate typically will do.
D.  You can get a motion for contempt form at http: // www.courts.ca. Gov/offices/superior-court-contact.htm.",1,1,1,1,5.904767219636564,0.1469443934993251,0.1462889764224447,48.716850816981605,3.2024383544921875
665,"Home and Garden: How to clean wooden bowls. Wash the bowl by hand with hot, soapy water. Grab a soft washcloth or a soft sponge and put a few drops of mild dish soap on it. Soak the cloth or sponge with hot water and wipe the bowl down thoroughly inside and outside.
A.  Dry the bowls with a clean, soft cloth or paper towel. Grab another of the cloths or paper towels that you can put on the bowls, and squeeze.
B. The hot water will rinse the soap out and empty the bowl of water. Continue scrubbing the bowl until all of the soap is removed.
C. You can also use soap, but you need to be careful to keep your hands clean in the process, as soap from previously washed bowls will cause your hands to be greasy when you're done with it. Wipe down the sides of the bowl to remove residual soap.
D. In the process, don't submerge or soak the bowl in the water. Wooden bowls absorb water easily, which is why you shouldn't soak or submerge them.",3,3,1,0,6.802706556784315,0.14571749599963368,0.14669026764046367,58.52552570198168,4.0606231689453125
666,"Finance and Business: How to take legal action against contracts signed under duress. Read the complaint and summons. When you are served with a lawsuit for breach of contract, you'll receive a summons, which tells you when and where to appear in court and how long you have to respond. The complaint contains the factual allegations against you.
A. If you are served with a complaint and summons, go ahead and file your lawsuit. There is no need to go second, as the plaintiff will have to file his own lawsuit.
B.  Check the court where the plaintiff filed the lawsuit. If it's far away, you may have an argument that the court doesn't have personal jurisdiction over you.
C.  If you drafted your lawsuit yourself, then you will need to read the complaint and summons. Not every state has a complaint and summons.
D.  It is not required that you respond by mail or email when you receive a complaint. If your lawsuit is filed by an individual, you should receive an electronic copy of the complaint and summons.",1,1,1,1,6.460654113664632,0.14525009149929247,0.14652897370498066,59.19258984798944,3.7547836303710938
667,"Health: How to avoid caffeine withdrawal headaches. Recognize a caffeine withdrawal headache. Headaches are almost always the primary complaint of people trying to cut caffeine from their diet. The pain associated with this kind of headaches is characterized as radiating and dull and it can last for a few hours to days.
A. Even mild withdrawal headaches go away on their own. You may experience another symptom your body can't identify, such as nausea and vomiting.
B. Since your body was used to high level of caffeine, it will react to any situation where there is sudden decrease of this substance.. Understand why caffeine withdrawal causes headaches.
C. Headaches do not end when you stop taking them. Pain consisting of headaches should be addressed immediately after you stop drinking caffeinated beverages, including coffee, tea, sodas, or juice.
D. Headaches are a symptom of many different causes, including blood clots and low potassium levels (obesity). For many reasons, a stomach ache may be triggered by caffeine withdrawal, but caffeine withdrawal occurs mainly during high doses.",1,1,1,0,13.307682086927391,0.14570648950029863,0.1464860752507571,56.10104847803814,3.655181884765625
668,"Health: How to get sweet, fresh breath. Brush your teeth. Place fluoride toothpaste onto an electric or soft-bristled toothbrush. Hold the brush at an angle and brush using short and gentle strokes.
A. Make sure that you use toothpaste that is at least 400-600 times as effective as fluoride. Rinse and re-wet your toothbrush when needed.
B.  Fluoride toothpaste is thought to improve both facial and dental health. It means that it removes plaque, stops bacteria in the mouth and can help fight off bad breath.
C. Brush the surfaces of your teeth as well as the part where the teeth meet the gums. Brush twice a day for at least two minutes.
D. Rinse the brush after each stroke so clean the bristles. Repeat the brushing process if necessary, or if your toothbrush becomes dirty, you can use toothpaste that has fluoride on it.",2,2,1,1,3.6665478105359433,0.14637850074996095,0.14626347952948413,45.049611779963016,3.0057601928710938
669,"Food and Entertaining: How to choose a law school. Consider the law school's ranking. There are several publications online that offer law-school rankings. You will want to read through these and take them into account when deciding to which law school to apply, but take care not to place too much emphasis on these rankings.
A.  Talk to the school district where the law school is located. These districts have 40 public schools and two private schools.
B. Outside of the top-14 schools (commonly referred to as the "" t14 ""), the rankings shift yearly and do not necessarily represent the best law school for. Be aware that the higher ranked a law school is, the less likely it is to give financial aid.
C.  It's important to consider the "" liberal arts "" rankings for many of the law schools in your area. Many law schools do not have an academic ranking, so find one that does.
D. These rankings will determine what law school appeals to you most, but they will include an informed recommendation (along with an additional letter of recommendation) from someone who has passed the law school examination. The highest ranked law school rankings are new york, washington d.c.",1,1,1,0,9.208572082318094,0.14520866074963124,0.14658913896010797,62.88121870104442,4.142417907714844
670,"Food and Entertaining: How to hide diary keys. Hide your diary keys in the battery compartment at the bottom of a clock. This is the last place someone would look to find your diary keys. This is also a very good and simple place to put your keys if you have nowhere else to hide them.
A.  Keep in mind that this only works with battery operated clocks and the standard clock you would put on a shelf, rather than a clock you would hang on a wall. Clocks like these can be found at a local store near you.
B.  If you have really handy, it's a good idea to hide your diary keys inside the lid of your spare lug or quarter. The lid goes on the bottom of your spare lug and the lever on your anniversary medallion padlock, which goes inside the padlock on your watch, turns green.
C.  Hide your diary keys in your landline phone or mailbox. If you have a cell phone or landline phone, hide your keys wherever you can reach to get some distance.
D.  Remove all keys from the battery compartment, leaving the note compartment empty. With the note compartment empty, grab the key itself.",0,0,1,0,9.22053819122468,0.1459659862503031,0.1469860173810091,62.31799124502504,4.320487976074219
671,"Finance and Business: How to become a surrogate in new hampshire. Determine if you meet the minimum requirements under new hampshire's surrogacy laws. You must be at least 21 years old and have previously had a child to become a surrogate mother.. The most important step in the surrogacy process, regardless of your location : Match with intended parents.
A. Plan for the full pregnancy with the birth of the child. Make sure you have all of the necessary equipment before starting the process.
B. Make sure that you and the newborn puppy meet the qualifications required in the surrogacy process. Look up the surrogacy laws in your county in a website.
C. You can match with intended parents through a surrogacy agency or independently. Most surrogate mothers assisting friends or family members choose to proceed independently.
D. The mother considers herself a surrogate because she may have had a child of her own when she was a girl. You may need to obtain a lawful birth certificate.",2,2,1,1,7.931976546493729,0.14754153300054895,0.14729883330112362,61.719181951968494,3.8501739501953125
672,"Health: How to make an emergency kit for teenage girls. Select a bag for your emergency supplies. Choose a bag that's large enough to fit all your supplies, and preferably something that has a strap or handles for easy transportation. You'll probably be bringing this kit with you everywhere, so make sure the bag is comfortable to carry and suitable to your taste.
A. Consider a bag with a few separate compartments and pockets to make it easier to organize your kit. A small backpack, a large makeup case, purse, or tote bag would all work well for your emergency kit.
B.  You'll likely need an emergency blanket (preferably waterproof), photo id, a high-quality cellphone, and a makeshift water bottle. You may need to wear some clothing as well.
C.  Other supplies that you should bring with you include as many flashlights, phone chargers, and a compass.. Check your backpack or bag's compartments.
D. Make sure you can grab necessities from any of the items you brought-don't bring too many. Try and find things that you can just carry around in it, but don't put in your bag too many supplies.",0,0,1,1,5.954297621147038,0.14742747575019166,0.14741606970094268,65.15794843201365,4.033393859863281
673,"Holidays and Traditions: How to give money as a gift. Determine how much money you can spare in your budget. It's important that you give an amount of money that you feel comfortable with. If you make a good salary, consider giving more.
A. If you keep your tips low, then you likely earn money more. If you go out of your way to give money to strangers, you may not be spending enough.
B. If you don't, it may not be worth it to give more. Everyone has a habit of overspending and others are especially likely to overspend.
C. If you're struggling to meet your own financial needs, give less. Take a look at your budget and savings account and decide how much you can spare without hurting your own financial health.
D. You can vary the cost and quality of your money based on how you and the person responsible for paying you will spend it. Cash is the minimum at which you can give money, such as $1.10 or $24.50.",2,2,1,1,4.477595251055551,0.1486871102497389,0.1470378489011945,52.64614695202181,3.5749282836914062
674,"Food and Entertaining: How to make a vegan pina vocado. Make coconut water ice cubes. Rather than adding regular ice (which may dilute the flavor of your smoothie), create ice cubes created from coconut water. Pour coconut water into regular ice cube trays and freeze for up to 24 hours.
A. When the ice cube cubes cool, strain out the ice cube mixture and store in the freezer. If you don't have coconut water readily available, you can buy water from a food store.
B.  Steaming the ice cubes can also cut down on the amount of salt in the water and prevents chunks of ice from crystallizing and freezing in hot water.. Drop a handful of the ice cubes into your smoothie.
C. Add ½ cup of these coconut ice cubes to the blender.. Peel and dice the avocado.
D.  Add 1/2 gallon (470 ml) of chicken stock. This dish is traditionally made from boneless chicken.",2,0,0,1,12.508979592660587,0.1459606909993454,0.14677849794445916,56.06611498700295,3.8054275512695312
675,"Youth: How to handle a teenage breakup. Think it over. Relationships sometimes experience moments of doubt where one or both partners simply don't know what to do. They may feel that' things will get better' or that they should give their partner another chance, but those second chances don't always work out.
A. This is bad advice for both of you.. Don't reject the possibility of romance.
B. If this is the case with you, you need to take the opportunity to confront the inner box you may have buried your head in. This can make matters worse in the long run.
C. Make a list of things you're scared might happen, and analyze them as honestly as possible, both in person and in text messages. Give yourself an extra beating in the face of uncertainty in order to counteract your fear.
D.  If you're having doubts, stop and think about them. Think about what's causing the doubts, and why they're bothering you.",3,3,1,1,7.304499905290774,0.1471633777500756,0.14653161572807585,55.538009409028746,3.7935867309570312
676,"Pets and Animals: How to diagnose heart failure in gerbils. Monitor your gerbil's weight. Sudden weight gain can indicate heart failure in gerbils. Purchase a digital scale, and weigh your gerbil at least once a week.
A.  Get veterinary attention if your gerbil has symptoms. If your gerbil displays a sudden decrease in weight, then your vet may order an acc/zoster.
B. Some gerbils require a larger or heavier scale to monitor weight. Some gerbils may require a stockpile of pellets.
C. If you notice any significant weight gain, call a veterinarian as soon as possible. To weigh your gerbil, place it on the scale and use your hands to brace the gerbil lightly without putting any pressure on the scale.
D. Use a warm, soapy water basin to check your gerbil's weight and for individual consideration. As the gerbil ages, changes in weight will show up more easily on the scale.",2,2,1,0,5.646768893032485,0.14611444850015687,0.14711216803251415,50.16125842095789,3.4201736450195312
677,"Food and Entertaining: How to oven broil. Locate your broiler. There are two options for where your broiler might be. In some gas ovens, there will be a drawer below your oven with your broiler inside.
A. In most electric ovens and some gas ovens, there will be a broiling rod at the top of the oven. Take a peek inside your oven and determine the location of your broiler.
B. In others, it's hidden in the top portion of the oven. Also, look for a compartment with some heat protection.
C. In others, you can find a large piece of cardboard with your oven inside. If you don't have a broiler, your oven likely takes up a lot of space, so your oven might be under stable heating lamps or heaters.
D. Those drawers contain your broiler, a water feature, and a steam-proof grill. If your oven does not have a broiler, find your oven nearest to you and locate it.",0,0,1,1,3.7476140197544936,0.1466517932494753,0.14690652052190417,50.68173067096723,3.4326095581054688
678,"Relationships: How to handle people who do not understand your anxious child. Tell teachers and other authority figures about your child's anxiety. Make sure that adults who interact with your child on a regular basis understand that they have anxious tendencies. Let them know which situations your child is afraid of, and tell them which coping strategies your child uses to calm down.
A. Make sure that your school administrators aren't likely to give your child fearful and anxious adult information. Your school should be concerned about a child who needs comfortable talking to that adult.
B.  For example, you may say, "" i know your grandma's passed away, but i know she wants to be around you. Unfortunately, she can't be around because she has schizophrenia.
C.  If you live in a building with complicated family dynamics, you may want to start by saying to older siblings, "" jackson, i'm afraid you might get into trouble. Since mom and dad told your grandpa, i think you might get into trouble too.
D.  Authority figures like teachers can also update you on how your child manages their anxiety when you're not around, so check in with them regularly. Anxiety can manifest in a number of ways with children.",3,3,1,1,11.023481368830216,0.14605410150034004,0.14671483963604715,66.31246456295048,4.317787170410156
679,"Food and Entertaining: How to make korean sweet potato cake. Fill a medium sized stock, soup or multi-cooking pot with 1.5 lbs of korean sweet potatoes (unpeeled).. Cover with already hot water (to speed up the boiling process) so that the korean sweet potatoes are resting about one inch below the surface.. Bring korean sweet potatoes to a boil and let cook for 25 minutes.
A.  Remove from the stove and drain the water from the rice.. Divide the rice in four equal parts and set aside for later.
B.  While the korean sweet potatoes are cooking, cut the sponge cake lengthwise in three parts. Two of these parts will be used to layer the cake and the other will be ground in the mixer.
C.  Remove very carefully from the heat after 40 minutes.. Check to see if the korean sweet potatoes have absorbed enough moisture.
D.  Turn the rice along with the korean sweet potatoes on a large plate or chopping board.. Remove one plus side and remove another plus side of rice.",1,1,1,0,11.803356186696455,0.14650324125068437,0.14696418879668918,69.95311007704004,4.451698303222656
680,"Home and Garden: How to prune a fruit tree. Prune fruit trees in the winter. In the winter, your fruit tree is dormant (and therefore not producing any leaves or fruit). This makes it easier to target the areas you want to prune and promotes the best production possible.
A.  Most fruit trees are best pruned during winter.. Prune dead or damaged limbs in the summer.
B. Make sure that you remove all fruit that is sitting on its roots, rather than sitting on them. Try trimming only a few of the branches so that there isn't as much fruit hanging out as you need to.
C. For the most effective pruning, take your fruit tree out in the early fall when it hasn't yet mature. Cut the fruit tree when it has just reached the very first leaf count in any row.
D.  If you prune fruit trees during the winter, they still produce fruit. Use the same method to prune fruit trees in the summer.",0,3,0,1,15.200981077797858,0.145538748499348,0.1470903267098909,52.799220976008655,3.5651626586914062
681,"Food and Entertaining: How to cook arepas. Mix the ingredients. Place the maize flour and a pinch of salt in a large mixing bowl. Use your fingers or a whisk to thoroughly combine them.
A. Measure warm water and slowly pour it over the flour. Buy maize flour that has been pre-cooked, such as harina p.a.n., the classic flour used in venezuela.
B.  Note that while stirring, you should keep one finger resting on the ingredients bowl, as it will not be dipping into the flour. This addition should not affect the overall texture, or you might over whisk the ingredients or break them.
C. You should have about 1/2 cup flour , 1 tablespoon of salt, and 1/4 cup water. Heat the ingredients together with a spatula or fork until the lentils are evenly distributed.
D.  The oil is non-comedogenic, so it will not dissolve during processing. Fat buildup in the flour seems to only improve the flavor of the piece of arepas, which many companies sell.",0,2,0,1,16.88957334699374,0.14592879624888155,0.14672515595173652,49.14974180502031,3.2450408935546875
682,"Food and Entertaining: How to sing louder. Use good body posture. Stand up straight so your shoulders aren't hunched forward. Try to keep your head facing straight.
A. Relax your hands and avoid locking your knees. If you have to sit down while you sing, keep your back straight against the chair and keep your shoulders pulled back.
B.  Try not to make your head tilt to one side too quickly. This can lead to increased strain on the vocal cords during singing.
C. Lift your chin up higher as you breathe. Breathe through your diaphragm or air coming from your nose.
D. Don't slouch so that you look like you're leaning into an invisible wall. Your posture should be pronounced like this : Don't slouch because this will be misleading.",0,0,1,0,6.217219507044196,0.14571639849964413,0.14686064657526074,38.61977305699111,2.6988525390625
683,"Home and Garden: How to buy things in kenya. Don't be in a hurry to buy anything that is available. If you're sure that whatever you want is not running out of stock then don't be in a hurry.. Try to find out the price of the item you want to buy, and don't carry the money along with you.
A.  Always, the price that you're told is awfully inflated. This may be because you are new to that part of town, or your way of dressing may also determine how much you get charged.
B.  Carry it in your handbag, briefcase or wallet if possible.. It is best to have a reliable travelling record in case you need a copy of your birth certificate.
C.  If there are young children or young adults that are carrying their stuff then you can get a tip from someone else.. Always check the expiration date on any item before buying.
D.  Always have a habit of always buying what you want and always being in a hurry to pick it up.. Spend more for your health and physical needs.",0,2,0,0,19.478049424319288,0.14637216099981742,0.14699465005686635,62.617230967996875,3.9469680786132812
684,"Education and Communications: How to choose a montessori preschool. Learn about the pacing of montessori education. One of the most distinctive components of montessori education, preschool and beyond, is that it doesn't require all students to move at the same pace. It doesn't require mastery of specific skills or information at specific times.
A.  Instead, in montessori education, children set their own pace. They learn at a rate that is comfortable to them, taking more time on things they find challenging and less on things that come easily.
B. This means that use of technical details needs to be conscious of the major formations or transactions, how they market to students, as well as what types of teachers they distinguish themselves as. Which students to choose should fit your personal priorities, yet still be effective.
C. This means that the child isn't as easy to learn. If a kid isn't well-educated, they are more likely to have difficulty completing the curriculum and the course.
D.  If your curriculum is oriented toward a specific spectrum of vocabulary and concepts, your preschool education is a good place to begin. Montessori education are more complex and require more than one form of learning.",0,0,1,1,5.570494871449878,0.14686158574841102,0.1469963887338379,64.67787183094697,4.148628234863281
685,"Sports and Fitness: How to stretch your inner thighs. Reach for your toes. This very basic stretch helps lengthen muscles in the back of your thighs as well as the inner section. Remember to do this with pointed toes at first and then with your toes flexed.
A. You'll soon find the stretch second.. Stand with your feet shoulder width apart.
B.  As you reach for your toes, place the balls of your feet firmly on the floor so as not to damage your lower limbs. Put your hands back on the floor as if you were grabbing something to hold onto.
C. Hold the position still for at least 20 seconds. Don't hold your breath while you're stretching.
D.  Extend your thighs as far as they can go. Hold for a few seconds, and then slowly bring your legs into an inverted backbend.",2,2,1,1,6.5297873181169095,0.14577264874969842,0.1465478935170038,47.91806020099102,3.4735260009765625
686,"Food and Entertaining: How to make a quick healthy breakfast. Always include a source of protein. One important component of your breakfast should be protein. Studies have shown that those people who had a decent amount of protein at their breakfast stayed satisfied longer and were able to maintain a healthy weight.
A.  Recommended sources of protein are grains, meats, beans, fish, and even legumes. You should choose low-fat versions of your favorite foods and only leave eggs, milk and yogurt on your plate.
B. You should also include plenty of vegetables in your breakfast to keep you full longer. For instance, you may have boiled lettuce in water for breakfast, or you may have cooked oatmeal for lunch.
C.  To ensure you're eating enough protein at breakfast, aim for about 1 serving of a protein-rich food. This is about 3-4 oz or about 1/2 cup.
D. Having a source of protein is essential for your diet, but it's also important to help prevent weight gain from eating too many carbohydrates at breakfast and take note that your body is actually telling you that it needs more. Protein provides the nutrients you need for a wide variety of functions at your body's' peak levels.",2,1,0,1,6.478996911392614,0.14890798124906723,0.14664002717386496,61.304603174976364,4.169990539550781
687,"Pets and Animals: How to rehome a rescue dog. Choose a dog whose energy level you can handle. If you are a relaxed person who prefers cuddling up at home with a blanket and a book, think about getting a more relaxed dog. If you are outside a lot enjoying parks, good weather, and plentiful exercise, you may want a dog who is able to keep up.
A.  Think about buying a dog in a local area. Pet stores, dog shops, and chain stores offer great deals for adopting and owning dog-friendly items, including lost dogs and rescue kits.
B.  When looking at dogs, pay attention to their energy. An energetic dog will bound up to you, excited to meet you, while a more laid-back dog may hang back.
C.  If you know that your dog is often tired and depressed, consider finding a great dog to spend the day with. Knowing how much your dog's energy is going to go a long way can significantly increase its energy.
D.  Consider adopting a dog that is not especially prone to cold weather. Before adopting a dog, make sure you decide on a dog with temperament that is more calm.",1,1,1,1,6.506776706257282,0.14601200175002305,0.1468607157581486,67.9931165399903,4.21771240234375
688,"Work World: How to become an interior decorator. Evaluate your skills, strengths and weaknesses. If people regularly compliment your decorating skills and turn to you for advice, that's a good sign that you have the natural talent to be an interior decorator. However, when working for others, you'll be exposed to a variety of different tastes and styles.
A. Take a look at what you feel the most comfortable in and express it outwardly. If you feel like you get all the compliments that come naturally, you will probably have a strong relationship with the people who frequently talk to you.
B. Additionally, your decorating skills are likely to influence your decisions regarding when to add or remove items from a room. Identify your strengths and weaknesses by asking your friends and family to find you a job.
C. You'll have to be able to show an extensive knowledge of space planning, fabrics and materials and you'll also have to be able to work with different personalities. List areas that may be challenging, and start working on them.
D.  Tell at least a few friends about your traits. Your friends might be so invested in your decorating skills or your work ethic that they'll probably both get to know you and trust that you have the perfect designs to suit each person.",2,1,0,0,10.285530134384103,0.1460958217503503,0.1463549201358214,66.29774242798521,4.052360534667969
689,"Computers and Electronics: How to place an iphone call on hold. Start or receive your call. You can mute a call once you're in it. Place or receive a call like you normally would.
A. The same thing applies to vibrate phones, including cellular devices. Hold the phone far enough away from the offending person that you can't hear their voice.
B. Or you can choose to delete the call before it's over, save it for when you want to make a final phone call. If you'd prefer to delete the call before it's over, then leave it on hold until it's over.
C.  Tap the "" mute "" button while in a call. You'll see this button when you pull your iphone away from your face.
D.  Press the play key (the heart shaped button on the bottom-left corner of your screen) and tap the "" play "" button. The button is a silhouette of an iphone icon.",2,0,0,1,15.33345355221599,0.14691942899935384,0.1467441304966877,45.19789338699047,3.2617034912109375
690,"Home and Garden: How to make homemade candles. Decide what kind of wax you want to use to make your candle. There are several different kinds of wax to choose from. One pound of paraffin wax by weight will equal approximately 20 oz of liquid melted wax.
A. 1 pound wax will equal approximately 57 oz of liquid wax.. Pick a container that has a lid.
B. One pound of soy wax will equal approximately 18 oz of liquid when melted. One pound of beeswax by weight will equal approximately 16 oz of liquid when melted.
C. - 73 oz of wax will equal roughly 50 oz of liquid wax. A full or salt-and-water wax is roughly 50 oz.
D. Stinkable wax flakes faster than heated wax. It's not very expensive, although it may melt more if boiled.",1,1,1,1,2.289646711963392,0.14534957774958457,0.1469370920889214,48.48289033198671,3.25042724609375
691,"Sports and Fitness: How to seal a driveway. Measure your driveway to determine how much sealant to purchase. The sealant usually comes in 5 gallon (18. 927 liters) containers, which can cover as much as 400 square feet (121.92 meters).. Buy your materials.
A.  If your driveway is your own, you'll need to begin with resin or polyurethane. Open a can of sealant and coat the sides and top with a layer of resin or polyurethane.
B.  You will need the sealant, a crack filler, a push broom and a trowel. These items can be found at hardware and home improvement stores.
C.  You'll need a while to finish marking your driveway so you don't run out of sealant and other materials. For concrete, wrap masking tape around a block of wood and apply a coat of clear sealant to your home's concrete.
D.  You will need a 6 foot (2.1 meter) and 6 foot x 6 foot (1.2 meter) sealant. Hardware stores and supermarket stores usually sell pre-sprayed sealants.",1,1,1,1,5.176108517311544,0.14592855850060005,0.14632673347530842,59.99236802497762,3.8307571411132812
692,"Computers and Electronics: How to choose an hdtv. Measure the available area. If you are putting an hdtv in an existing home theater cabinet, make sure you know the maximum size that will fit. Measure the tv enclosure diagonally, as this is how hdtvs are measured.
A.  Most modern tv screens are 10 feet (1 meter) in length, compared to our television heads (4 meter). Next, determine the desired diameter of the hdtv enclosure.
B. If you intend to buy one, buy a set that is low enough to you. If it isn't much larger, buy a 12 "" square to determine the dimensions.
C. For example, a 50 "" hdtv is 50 "" from corner to corner, but is less than that horizontally.. Measure the distance from the couch to the tv.
D. It could be an enclosed 2x4, or an enclosed covering. If you are putting an hdtv in an inside theater cabinet, make sure you know the maximum size of the enclosure.",2,2,1,1,6.77300133891275,0.14632313850052014,0.14662173403334644,57.62114709297384,3.5804901123046875
693,"Home and Garden: How to start a weed whacker. Place the weed whacker on the ground, away from obstructions. This will give you more leverage as you try to start the weed whacker. Additionally, you want to make sure any object that could get caught in the spinning line is kept well away.
A.  Hold the heavy object you will begin spinning under comfortably at arm's length, with your middle and index fingers just forward of the trigger. A pump usually will do this, while a baseball bat typically comes with a head or two.
B.  Position the rolling jack the same way that you placed the rolling jack in step 2, but by folding the rolling jack in half. Shake each roll to help release the current.
C. While a trash bucket is ideal, you can use a zip tie to secure the string to a moving object in your backyard or while in the car or golf cart.. Wait a few moments after you learn the song.
D.  Make sure the gas tank is sealed before starting your weed whacker. Always use the right kind of gas mixture because most weed whackers are two cycle.",3,3,1,1,12.798779408137415,0.14672079875072086,0.14639982256699058,60.75721027003601,3.8883514404296875
694,"Food and Entertaining: How to install cabling in a pre built home. First thing you need to do is decide on a "" path "" that you want the wiring to take throughout your home. Remember that in most cases the wall studs will be placed vertically, floor to ceiling. Ceiling joist positions vary from builder, house, code etc.
A. Go into the attic and look around, or cut a small hole somewhere in the ceiling and take a look.. Keep in mind that less work is better.
B. So think about your exact needs and/or preferences before deciding on a path or route.. Once you are confident you have decided on a path path, check the wall studs to make sure they are lined up with the studs.
C. So don't go too far right you can always go slightly under. To get used to this it is a good idea to experiment and see what positions will work best for you in your home.
D. So it's useful to know which area the wall studs are going to be applied to.. First remove boards that cannot be removed with a saw or anything like a hammer, nail, screw, and staple.",0,0,1,1,11.594016731951129,0.14719450825032254,0.14694525272190376,64.50996296702942,4.019096374511719
695,"Sports and Fitness: How to prepare for an overnight hike. Get a good hiking backpack. It must be durable, light, and.. Find a zero degree sleeping bag.
A.  Make sure it is made of tightly woven, soft batting. Many hikers find the waterproof or synthetic lining more flattering.
B.  You'll need this bag to be comfortable.. Pack some hiking shorts, insulated hiking socks, hiking boots, some hiking poles, good food, and sunscreen (if you're planning on hiking in a cooler climate).
C.  Even in the summer, this place gets cold.. Start training your body, find hills and walk up and down them, or find a place where you can walk for a long ways.
D.  The first thing you'll need is a sleeping bag.. Pack a canopy to put on during the day.",2,1,0,0,16.96522508504533,0.14585823574907408,0.14682694041165142,38.75843745002567,2.8918228149414062
696,"Home and Garden: How to get irises to bloom. Be aware that irises need to be divided. The first and most likely cause for irises failing to bloom is overcrowding. Irises must be dug up, divided and replanted every three to four years.
A. The reason why irises are not uniformly divided are are that the species are crowded and ecodegradable. Since irises become so dense in multitudes they, even you, are required to divide them for optimum quality.
B.  If this does not happen, it becomes less likely that your irises will bloom.. Cut the leaves down to a height of six inches.
C.  It is always wise to divide irises once a year, even if they were put in pots at the end of the growing season. This will maximize the nutrients the irises provide and prevent overcrowding.
D. Move larger irises up or down back into the original row, below the initial row. Similar-sized irises need to be spaced across the transplanting rows.",1,2,0,1,11.995073395859526,0.1479150382510852,0.14694653456195142,53.933252198992705,3.5356369018554688
697,"Youth: How to be an awesome sibling. Remember important days. It's great to remember your sibling's birthday, but remember other days that are important, too. You may want to wish your sibling good luck on a big presentation, or make a gift for your sibling after an orchestra performance.
A. Show that you are proud to be a sibling and that you are happy to be in his life. Remember your sibling's performances and make sure you attend them.
B. Go out of your way to spend quality time with your sibling. It's tough to be sure about everything, especially during the bad times.
C. For some boys with serious personalities, a meaningful gift is a great way to express affection. Try to make a point to always get your sibling something.
D. Be sure to do as much as you can to make sure that you have things to look forward to.. Don't let jealousy cause you to smother your sibling.",0,0,1,1,7.857515066677258,0.14692876349909056,0.14658983003339074,53.213464035983634,3.3636474609375
698,"Home and Garden: How to adjust a recliner chair. Test your recliner's tension. "" recliner tension "" refers to how easily the backrest of the recliner leans backward. Sit in the recliner and lean back against the backrest.
A. Your head should be higher than your shoulders and has the center of gravity further in front of you. Notice if the back of your head feels tense.
B. Try to focus on how the backs of your legs are pressing the backrest as little as possible. If the backrest of your recliner has a constant tension difference from that of your legs, it may be due to a recliner's strain on your lower back.
C. If you can't feel your seat's pressure during this initial test, your recliner will need replacing. Take the recliner's adjustable seat clips and untwist one to relieve more tension in the seat.
D.  If it's too difficult to lean back, you'll need to decrease the recliner tension. It can also be a good idea to decrease the tension if you have a petite build since reclining the chair will then require less strength.",3,3,1,0,8.22388592776619,0.1463803234992156,0.14680627221928336,55.491067104008835,3.7118148803710938
699,"Health: How to cope with sadness. Acknowledge how you feel. Don't hold in the sadness or pretend you're fine. Own up to how you're feeling, as doing so makes it easier to release the emotion and move forward.
A.  Label what emotion you're feeling. If someone asks, how you're feeling, be honest and say, "" i'm sad.
B. Often, knowing that others have a similar experience can help with holding it in. Remind yourself that trying to hold your pain in' safe' is better than getting yelled at.
C.  Don't yell, cry, or act angry, as these are not normal responses. Be compassionate and aware of your own feelings.
D.  For example, if you've recently injured someone, you should avoid blaming yourself for this or making excuses. Instead, simply acknowledge what happened and move on.",0,3,0,1,15.710287051154655,0.14687816525020025,0.14646061379361555,45.990302937021625,3.0781173706054688
700,"Sports and Fitness: How to run 1600 m track relay. Explode from the start. The opening of the race is incredibly important and contributes to the success of the relay. If you are the first runner in the relay, you will need to set the pace and tempo for the rest of your team.
A.  Aim to have a consistent pace for every mile you run. As the race progresses you will need to train side-to-side for excellent speed changes.
B.  Try not to make it so easy on yourself--if you are the runner, imagine running 80 miles (950 km) in one minute. You would not get how tough it would be if the event affected your entire team.
C. When you begin running, there will be a seven-second timeframe where your body will not have a buildup of lactic acid, and you can take advantage of this to gain speed without getting fatigued. Blast off as fast as you possibly can and then work on gaining more momentum as you run.
D.  Clear the track by going over it 180 degrees. Once you have cleared the track, cross it and walk somewhere safe, like a sidewalk.",2,2,1,0,10.334544283528368,0.1457605864989091,0.1466118102313436,61.42694359200323,4.230224609375
701,"Cars & Other Vehicles: How to care for motorcycle boots and saddlebags. Immediately remove the boots or bags and wipe them down before starting.. Air-dry the items. Drying should be done with little or no heat and enough air circulation to dry them completely from soaked in 2 days.
A.  Place the items dry under a cool, dry towel. Avoid drying them on a buttered, paper towel, as dry things will decay quicker and cause the boots to become hard.
B. Gently air-dry these boots before using them.. Use a jar of waterproofing spray.
C.  Clean the process area of your motorcycle with mild soap and water. Make sure there are no deeper cracks or spots.
D. If the boots are only half soaked, it should be ok to dry them in one day. Obviously, someone who soaks a pair every day must rotate two or three pair of boots.",3,3,1,0,18.08644102240985,0.1461731637509729,0.14671670553706853,51.935539592977875,3.4631576538085938
702,"Home and Garden: How to deal with being hated. Ignore them. If possible, don't even bother to engage with your haters. Bullies often feed upon the thrill of provoking a reaction.
A.  If you have to talk to a classmate, do so discreetly at a nearby coffee shop or place of business, otherwise they may continue to bait you. Either cut off their communications, or simply be ignoring them after they compliment you.
B. These bullies have even more power and wider vocabulary than you, and most likely value your attention. Try to put up a little effort into maintaining your own appearance and keeping to a daily, positive routine.
C. They'll be more likely to practice this tactics if they only worry you. Similarly, if they continually make fun of you, respond-angrily, and will continue to do so the next day-do not even bother responding.
D. Quite often, haters are trying to validate themselves by making you feel bad. This can spiral into a vicious circle where the hater insults you, you react, and the hater reacts to your reaction.",3,3,1,1,6.486374100555343,0.14587094350008556,0.14701323781063091,50.27395815399359,3.278167724609375
703,"Youth: How to talk to your mother about something private. Figure out a good time to talk. If you want to talk about something potentially uncomfortable, it's important to find the right time and place. Talking when your mother is busy or stressed will only make an uncomfortable situation more stressful.
A.  Choose a time with no external time constraints. If you're telling your mother something private or embarrassing, you want to make sure the two of you can talk out the issue for as long as necessary.
B. Find a time when she is alone or around other people, like a quiet coffee shop or family gathering place. Picking the right time can help if you're in a place that is well-ventilated and that doesn't feel too quiet to your mother.
C. Some good times for talking are at the office or a dinner. If you feel like you don't have time to talk with your mother after work, try to come up with a time when you both can talk without distractions.
D.  Try to find a time and place where she will not be distracted by anything else. For example, if you bring up an upcoming job show or a business incident, the conversation should be cut out.",0,0,1,1,8.225003255400281,0.14862914324930898,0.147016769360159,61.01840878002258,3.9051895141601562
704,"Computers and Electronics: How to use a soldering station. Set up the soldering station. Clear and fire-proof the immediate work area, assemble the components, dampen the sponge, plug in the unit, and put on your safety glasses.. Choose a tip.
A.  For example, a tipped barrel above the particle could be used, an undipped soldering pan if you have a barrel below the particle. Go quick and hold onto and life your soldering lines until finished.
B.  This can be a cylindrical pot, a ceramic receptacle, a wire rod, or a coffee pot-don't use a metal pot as they'll drop sparks. Always try them out and experiment until you find one you like.
C.  A mechanical tip is an electronic device that attaches to a terminal. The tip is welded onto a terminal using a complicated grinding mechanism.
D.  Most soldering stations have interchangeable tips (which are also replaceable, but by avoiding overheating, the station's temperature control minimizes corrosion). The tip should be broad enough to cover the width of the joint, but no wider to avoid heating the wrong thing.",3,3,1,0,17.813295743809054,0.1477606905000357,0.14684844517490261,56.83399726398784,3.8161392211914062
705,"Computers and Electronics: How to connect to your pc remotely in windows 8. Set up your router. Go into the start menu and search for "" command prompt "" in the command prompt type the command ipconfig. This will show a bunch of information for all your network devices.
A. Look for the device you connect to the internet with in this case wireless lan adapter wi-fi. Under this heading find the default gateway address which will look something like : 192.168.2.1.
B. Select the ipconfig located on the menu. The router and all devices will be moved into this new location.
C. When your rooting is complete click on the registry page in the lower right corner of the screen and select "" run "" and follow the prompts. Enter the router's ip address: the ip address is the address registered on your windows 8 computer.
D.  Go into the router menu, click command prompt from any screen. ( you can also type or sign in two, separate them, and save them together as "" router "" by choosing the section of menu from which you want to choose.",0,0,1,1,5.810610492522892,0.1470022997509659,0.1467408877611368,57.08325098704154,3.751800537109375
706,"Pets and Animals: How to diagnose bloat in great danes. Look for swelling. Your dog's stomach may be swollen if it makes a tympanic, drum-like sound when you flick it. This means the stomach is full of gas.
A. When you flick the area, it will become swollen. It may also come up while it is eating or drinking.
B. This if is accompanied by dark red, lump-like fluid. With the upper abdominal portion enlarged, pus (pus and pus turn up on the dog's belly, then/or draining into the fecal canal) will accumulate on the upper abdomen.
C. Swelling is one common symptom that persists for longer than two hours. Pay attention to swelling around your dog's jaw.
D. While swelling is the most obvious symptom of bloat, it can be difficult to spot in great danes because of their large size. If you're unsure whether your great dane has a swollen stomach, discuss your concerns with a veterinarian rather than wait for symptoms to improve.",3,3,1,0,5.385153696313889,0.1464643800009071,0.14678113339289178,50.638224006979726,3.6635360717773438
707,"Finance and Business: How to ask alexa stock prices. Say "" alexa "". Say the wake command to wake alexa and she will begin listening for your next command. The default wake command is "" alexa, "" but if you've changed it to "" echo, "" "" amazon, "" or some other command, then use that instead.
A. Alexa will reply and say "" alexa, echo "" after saying this command, so you could hear every word alexa says when she says it in this sim. To save confusion, begin experimenting with this command instead of asking alexa to speak out loud.
B.  Say "" alexa "" when alexa asks if alexa wants to buy stock. Simply say "" alexa, "" and alexa will tell you she wants to buy stock.
C.  Ask alexa the stock price for a specific stock. You can simply say For example, you can say, "" alexa, stock price for amazon, "" or "" alexa, check amazon stock, ""' to get the stock price for amazon.com inc.
D. You will then hear alexa's free reply. Continue with the commands from the previous step.",2,2,1,0,5.865158395006051,0.1461699622504966,0.14658196515318475,64.64099862094372,4.302886962890625
708,"Travel: How to plan a mental health vacation. Keep your itinerary under control. Sometimes the goals that you set for yourself on vacation can stress you out and cause you to enjoy the trip less. This may include things like punishing itineraries where you try to see and do more than is realistic in one day.
A. You might also try planning your visit ahead of time and canceling the trip at a moment's notice. Try putting up a reminder on your phone that you will be getting tickets.
B. Set reminders on your phone or a piece of paper letting you know what can or can't be done on the trip. A good rule of thumb for reducing stress is to show up on the flight once it's been scheduled.
C. To minimize this stress, make sure that you do not overload your itinerary. For example, you might set a goal to do one of the activities on your list each day, such as visit a world famous museum or take a trip to a local landmark.
D. If you're feeling very stressed from traveling, one thing you can do is to reflect back on your trip. Some methods you can use to keep yourself in check include : Tally up what you thought your trip would have been like if you were on vacation.",2,2,1,1,6.479519253099714,0.14605690724965825,0.14666057006253916,63.94159389601555,4.011116027832031
709,"Food and Entertaining: How to make strawberry cheesecake ice cream. Combine the sugar, cornstarch, salt and milk. Pour the milk in slowly. Use a whisk to remove any lumps.
A.  Combine the dry ingredients in the wet and mix it together. How much mixture you use is up to you.
B.  Transfer the liquid to a saucepan over medium heat. Add the sugar and milk to the saucepan.
C. Measure the entire mixture into a shallow bowl and use a whisk to mix together. Keep mixing until the sweet and sour consistency resembles a milkshake.
D. The mixture should be free of lumps.. Bring mixture to a boil over medium heat.",3,3,1,1,6.386550840894837,0.14523109225046937,0.1463647879883041,38.05031009400773,2.707000732421875
710,"Pets and Animals: How to run up stirrups. Arrange the stirrup leathers so they hang straight down. Allow the leather to lie flat against the saddle without twisting in either direction. The two sides of the leather should be on top of one another.
A.  Feed your short rein between each stirrup. Remove any loose string from the reins while inserting each rein.
B.  Strap one rein into the stirrup. Start by applying pressure to the rein across the bottom of the hoof, whilst turning the tip of the second rein on the opposite leg to adjust.
C.  Hold the saddle using your left hand and your right hand. The saddle should be supported on the sole of the opposite foot.
D. Your stirrup leathers will hang straight down with the stirrups dangling at the ends. Make sure that there are no knots or messes and that the leather straps are smoothly hanging on the stirrup bars.",3,3,1,0,10.916869318886151,0.1455938650005919,0.1463342746825079,49.89702602800753,3.4327621459960938
711,"Cars & Other Vehicles: How to dispose of gasoline. Contact your local recycling authority. Some recycling centers will accept gas and recondition it or recycle it safely. Your city's government officials should be able to direct you to the right recycling place.
A. Then, call the recycling location in advance to see if they have any particular instructions that you'll need to follow.. Take it to a hazardous waste disposal center.
B.  Wash your car before throwing it in the landfill. Even if your car is not completely free from gasoline, wash it first to identify the gas source it was flushed from.
C.  In the united states, products that are turned into gas can be disposed of at this location. You can find your nearest recycling center by searching online.
D. They will see the contents of the cans and give you the expiration date. You can get directions for specific pickup locations by visiting https: // www.recyclaps.com /. Choose appropriate means to dispose of the gasoline.",0,0,1,1,9.441720656083486,0.1468084270009058,0.14618750822219034,49.26767394599301,3.3374252319335938
712,"Computers and Electronics: How to understand the health benefits of eating bananas. Know the nutrients in bananas. There are many types of bananas available, which vary in color, size, and shape. The most common type is the yellow banana, which is green when unripe.
A. The most commonly ripe bananas are the dark yellow, which is ripe when unripe and can be eaten raw. It's best to purchase banana-free versions of bananas, as bananas that are advertised as "" sweetened "" and "" full of added sugar "" do not have the health benefits of fully ripe bananas.
B. You can look up banana recipes and ratings online.. Consult a dietician or nutritionist.
C. Many important nutrients are given below : Potassium : 9% of the rdi. Vitamin b6 : 33% of the rdi.
D. The best way to find the right type of banana is to visit your local supermarket or grocery store and purchase a banana from the produce section. Adults, regardless of their age and gender, should eat bananas every day.",2,3,0,0,9.7293456018232,0.14608791500086227,0.14669985220053805,54.716597122001986,3.9647064208984375
713,"Education and Communications: How to be a good listener to your family. Stay in the present. When listening to a family member, do not let your mind wander to other things. It's important to strive to stay in the present to make your family member feel heard and valued.
A. Pay attention to what your parent is saying and repeating his or her words back to him or her. Pay attention to your child's response to the family member comments, too.
B. Deep breath in and out to enjoy the present moment. Focus on your breath, and avoid thinking about what's happening at that moment.
C. Try not to focus on letting go of any emotions. Allowing your family member to talk without you is just the opposite of encouraging them to talk.
D.  Avoid distractions when talking to a family member. Put your phone away and give them your full attention.",3,3,1,1,5.7477797273705535,0.14531639225060644,0.14613860558248498,49.24542122796993,3.2933349609375
714,"Pets and Animals: How to sit the canter properly. Get your horse moving in a working trot. Before you can move into the canter, you want to get your horse into a working trot. The trot is a bouncy gait, slightly faster than walking.
A. This is an important gait that will improve one's ability to gallop or lift off.. Adjust your reins to your horse's gait.
B. Jog in a respectable pace for at least 30 seconds, then slow down to a walk and walk more. Sprinting is fine, but if you're not able to sprint your horse, slow down quickly in the canter.
C. You can squeeze your legs when the horse is walking to signal him to trot. Allow your horse to get into a nice, rhythmic trot as you circle your riding arena.
D. You should be moving the horse in a smooth and non forward jog throughout the canter. It may take the horse a few minutes to adjust to the canter, but keep in mind the trot should be comfortable for the horse, and you should focus on getting his legs so the horse can work himself.",2,2,1,1,9.199840027213359,0.1482148672494077,0.14635577937213018,57.23254608601201,4.017463684082031
715,"Sports and Fitness: How to become an orange belt in gkr karate. Know the process. When you start with gkr you are a 10th kyu white belt, which means you are 10 grades away from black belt. The second level is yellow belt.
A.  Orange belt comes after yellow, it is called 7th kyu, which means you are 7 grades away from black belt. After you have been a yellow belt for 12 lessons yours sensei will award you your 7th kyu ho.
B. So for a red belt in gkr you are 15 grades ahead of black belt, and for a light orange belt you are 30 grades ahead of white belt. The fourth level is yellow belt, which means you are five grades back.
C. It's given by dash criss as the best but only the second level. But it is sometimes given the purple belt.
D. Only use yellow belt if you think it looks good on you. The third level is red belt, which means you are 20 grades away from them (north third or west third).",0,1,0,0,8.454106978950993,0.14766727200094465,0.14667845640623037,56.91519634799624,3.8575668334960938
716,"Food and Entertaining: How to make money by having a house party. Find a couple friends to help plan the party. Planning a killer house party is a lot easier when you've got accomplices to spread the time and responsibilities out to. Talk to your friends, and see who is interested in helping.
A. If there are not any friends that you think could help, enlist other people that might be willing to help.. Arrive at the house to check if all is okay.
B. This will make things a lot easier on you. Consider the following : Who has what responsibilities.
C. See who thinks of the most people to host. You can even take turns hosting your party, but no one is guaranteed to get invited to the party and make the best impression.
D. They will help you plan where the party will occur and get you started. Have everyone outside that circle of friends agree on a date and time of the party.",1,1,1,1,16.931004450531614,0.14909001325122517,0.1470502852222165,54.85791530000279,3.5559768676757812
717,"Relationships: How to talk to your partner about their smartphone obsession. Pick the right moment. When bringing up the problem, you need to pick the right moment so you have enough time to have a real discussion. If you pick the wrong moment, your discussion may be rushed, incomplete, or come across as hostile.
A. Look for the right time and place to talk. Try sitting next to your partner on a couch or coffee table while you eat food.
B.  Initiate the conversation when you are together. Do not initiate it by text or over the phone.
C. Time should be a consideration before trying to stop your partner from talking on the phone. Make sure you have a small time limit for your discussion.
D. Try to talk to your partner in a moment when you won't be rushed or disconnected. Avoid leaving conversation on the static level.",1,2,0,1,13.251975248953837,0.14769334124957822,0.14702753307885846,52.78554760799307,3.3729248046875
718,"Home and Garden: How to buy a shipping container. Find the right grade. Containers come in several grades, which provides information about how the container was used before it went up for sale. What grade you needs depends on what you need it for.
A.  Many containers come from two grades, the uppergrade and the lowgrade. Uppergrades will get an art certificate.
B.  "" new "" or "" one-trip "" containers have typically been made in china and then shipped directly to the united states. If you want to convert your container into a home, this is the best option, as it will be weather resistant, and have the least damage.
C.  The final grade is grade 4-5 or grades 5-10, which gives a useful basis for buying a container. Grade 1 is based on the actual shipping date, which occurs every year, and grade 5 is based on the approximate date.
D. Without knowledge of what the container is just for, it can be hard to accurately evaluate the quality of the container. The easiest way to check the grade you have is to write down what the manufacturers used the container for.",1,3,0,0,9.696871635860674,0.1460066742511117,0.1462020543903708,55.26359503900312,3.7401657104492188
719,"Home and Garden: How to test and change an electric stove burner. Slide stove away from the wall. This allows access to the plug where the electric stove is plugged in.. Unplug the stove.
A.  Plug the electric stove into the outlet in your living room.. Plug one end of the power cord into a wire snap ring and the other end into an outlet on the outside of the wall where the stove is plugged in.
B.  The burner should be built and ready to run. If electric skillets are not readily available at your home, check online to see if any of the burners have a built-in plug that allows them to run.
C.  Place cast iron stove in a safe place that is free of obstructions such as heavy machinery or breakable items, and leave it alone. Avoid touching it as it will grind the spark out of it.
D.  Caution: electric stoves use 220v electric service which can be deadly if not treated with caution.. Locate and remove the burner that is not functioning properly.",3,3,1,1,12.153389064094862,0.14496197149946966,0.14608103937899383,47.61794256603389,3.120758056640625
720,"Health: How to deal with an identity crisis in college. Access campus counseling services. Identity issues are quite common for college students, of whom about 8% have identity problems. The psychological effects of these issues can lead to things like depression, anger, loneliness, and hopelessness.
A. Cultivate a plan to handle these problems. Attend campus counseling services regularly with the parents of your child or teen in particular.
B. You can build your network through assistance that comes from schools, mental health clinics, and community groups. Campus counseling is generally the first steps a college student can take to find career opportunities, school programs, or work.
C. Visit the school counselor's website and receive information about counseling services near you. When you contact the counselor, a menu should come up, with your contact information and a list of students available.
D. If you're having trouble navigating who you are, consider seeking some professional guidance. College campuses nowadays almost always have counseling or mental health services.",3,3,1,1,10.579233992460969,0.14632358149992797,0.1465205027708693,53.03963431797092,3.5741119384765625
721,"Youth: How to design your own killjoy outfit. Watch the na na na and sing music videos to get the idea of a killjoy outfit. You will find that killjoys have a top, a jacket or vest, pants, boots, gloves, a helmet or mask, and their signature ray gun.. Find your personal style.
A.  Killjoys do not wear uniforms but if you like wearing certain outfits or accessories, wear a certain style. Killjoys wear action-oriented clothes but they do not wear seatbelts or carry weapons around with them.
B.  Killjoy always wears a jacket, even if you happen to have a yuppie, goth or animal themed jacket you can choose for the same reason.. Use your imagination to choose your outfit for the day when you wake up and you can store your outfit.
C.  Incorporate it into your killjoy outfit. For example, if your favourite colour is purple you can make your gun purple and add purple highlights to your clothes.
D.  Killpleasure works backwards and forwards and in reverse so you can compare different styles to suit each personality. Example: walk on a replica (or a cd) of an ultra celebrities character.",2,2,1,1,7.231567745827059,0.14566501100034657,0.14657023954300527,65.36670592200971,4.2454681396484375
722,"Computers and Electronics: How to get emo bangs. Make sure that your hair is long enough. Emo bangs are usually pretty long to begin with, but you want your hair to be a few inches longer than you want it to be. This will make it easier for you to cut your bangs.
A. Usually, emo bangs are cut in the back, which will create a mane of hair that falls out over it. To determine how long your hair should be, use a mirror to check the top half of your head.
B. Instead, you'll want to have the length you need for your bangs to reach your ears before you cut them.. Spray hairspray all over your face.
C.  If you have bangs, make sure your bangs are clean and straight. You don't want to have long bangs that hang over your eyes looking like they're drowning in mud.
D. Remember, you can always cut your bangs shorter, but you can't add hair back if they are too short. As a general rule, your bangs should be longer than your nose, but no longer than your jawline.",3,3,1,1,3.697021531153745,0.14750721075051842,0.1466116954169516,61.433882441036985,3.8781890869140625
723,"Cars & Other Vehicles: How to use the zero 88 juggler lighting desk. Look at the top row labelled preset a. These are 12 faders that correspond to 12 dimmer channels that you should have set up. So sliding up fader 1 will fade lantern 1 into life. You can fade several lanterns at once.
A. Click more switches on the right hand side.. Find any one with the type' darkness' it will show.
B.  Select the one with contrast you like. This should be the default lamp and before moving on to straight transit, pick the one with a mild black or greenish tint on it that shows up less prominently.
C.  Use the preset a master to fade your set-up on preset a.. Look at the two preset masters.
D.  Choose lamps with the rounded tops (4.4 in) that matches lantern 1. This will also help you keep your fortune ticking around.",2,2,1,1,44.97369089406945,0.14524798225011182,0.14645068650004373,58.57546378301777,3.9835433959960938
724,"Pets and Animals: How to make a leopard gecko vivarium. First of all you will need the housing. Get a 20 gallon (75.7 l) long terrarium or vivarium, but you could do with a 15 gallon (56.8 l). You could also use a rubbermaid tub but make sure the dimensions are at least 30 "" x12 "" and that it is tall enough for no escape.
A. Then you can add a large cardboard box around it as a screen to hide in. Don't waste a lot though, since leopard geckos love to burrow in boxes.
B. Try zinnias because they are relatively small and can be easily rolled and moved around. As for décor, you would want to do away with sparkly faux fur.
C. Also use the depth of the tank to make a section where the cage hangs. Keep the water in the tank continuously and pour it in.
D. You could get a tank with sliding doors instead, which would make taming easier.. Buy, or have, a heating device.",3,0,0,1,25.408656856537885,0.14530803524939984,0.1473167352733688,70.11473119002767,4.308311462402344
725,"Finance and Business: How to determine how much house you can afford. Get some free advice by talking with a mortgage broker. If you get a skilled broker he or she will want to make sure that you have the information you need about what kind of loan you can afford based on the bank's calculations and rules. A good place to look for a broker is at your local bank branch.
A. Your bank is likely to sell payday loans, which are advertised as "" free "" loan options. A mortgage broker can give you specific advice.
B. Banks offer free mortgage mortgages and they are very simple. However, if your bank registers these numbers as a part of your annual statement, they tend to have information they will require.
C. They are often available right at the branch. If not, the branch can usually provide you with the contact information for someone they recommend.
D. If you're under a position of high status, such as in financial institutions, a bank might have a contact set at their branch specific to lending. Many banks offer providers a system to check their finances.",2,2,1,1,6.63466535324693,0.1453262970007927,0.146745984836335,65.14953851599057,4.115631103515625
726,"Health: How to become a dietician. Know about the benefits and demands dietitian. Being a food and nutrition expert can be an extremely rewarding job. Although it can be a competitive industry that comes with some demands, there are many benefits to working as a dietitian.
A.  It requires an incredible amount of knowledge. You'll need to know about everything from biochemistry to anatomy to food preparation.
B. Learn how to manage the environment, maintain energetic and stable people in your workforce. Donate support to mental health professionals and join a similar soup club or farmer's market group.
C.  Find a job that provides you with high wages and a steady supply of supplies. Being a dietician is an incredibly competitive field.
D. A wide variety of certifications can help you become a dietician. Before you get a certification, read the certification agreement and talk to a dietician.",0,0,1,1,12.262022453280194,0.14641146999929333,0.14625971964008205,50.16769083798499,3.2900543212890625
727,"Finance and Business: How to start a giving fund. Set up an account. Taking the first step toward creating a giving fund is as simple as opening a bank account. You can stay with your own bank where you already do business and just open a separate account.
A. If you believe you will be make regular donations or payments from this account, you may want to make a checking account for flexibility. Otherwise, you can set up a savings account just to hold the money.
B. By providing a separate bank account, you'll protect yourself from debt.. Add expenses to your funds to keep it going.
C. Set up a line for your bank's payout the day before your event and use that money to pay the bill and attract guests. Start well in advance of the event so that it won't run out fast or impede the operation of your event.
D. It isn't a complicated process, and if you are unfamiliar with taking out a bank account, choose an individual bank. Be sure to consult with the bank you plan to open the account in.",0,0,1,1,8.845831575712557,0.14702839749952545,0.14671092330111238,53.697467825000786,3.6471405029296875
728,"Finance and Business: How to get through a custody evaluation. Research the information gathering process. Talk to your lawyer or research online about what the evaluation process includes in your state. Usually you will need to participate in a series of interviews, provide a variety of child-related documents, complete a questionnaire, and meet with a psychologist.
A.  Your children will be involved at various points in the process, often during the home interview/visit stage. It is also important that both parents cooperate throughout the entire evaluation.
B. One or more of these interviews will help you to better prepare for the evaluation. Keep in mind that if the individuals you interview are under 18, or if they are dependent on you for emotional support, you will have limited support for them.
C. If you cannot attend these interviews, leave the background information you have gathered in that region out of the field. It may help to pass on the facts to a hypnotherapist.
D. If you cannot afford the court costs, you might try asking a family law judge, court clerk, or guidance counselor for assistance.. Complete at least 60 hours of parenting education courses.",0,1,0,1,19.38564915027668,0.1478923147506066,0.1466353549589398,61.298606212003506,3.9680557250976562
729,"Computers and Electronics: How to get an aol instant messenger buddy icon. Select your icon. Make sure it's an icon, not a photo because it has to be within a certain dimension. A really good site is. Open up aim 6 , 6.8, whatever.
A.  Set aside some time to see the photo. Don't put it on your screen.
B.  ( if you don't own this photo because you downloaded photoshop, check away. ) You will have new options available for you to choose from.
C.  This should be indicated by a small bubble near the time display, if you are using windows.. At the top, click on edit, and there should be a pull-down menu.
D.  Click on "" add an avatar "".. Type in your favorite name or image with the password you could remember later on.",2,2,1,0,24.207433505351347,0.1458095077505277,0.14608637044572662,50.39869035299489,3.485809326171875
730,"Sports and Fitness: How to prevent knee injuries in rowing. Enroll in a rowing program with an experienced rowing coach. Many cities and towns with a marina, lake, or river have a rowing club where you can take classes or private lessons. If you don't live by the water or don't feel comfortable on the water, you can use a rowing machine at your local gym or buy one for use at home.
A.  Don't practice bending down or touching your knee. Rowing is a much more comfortable exercise for your knee, not least because it helps you with rhythm and coordination.
B. Make sure to take some lessons from a personal trainer so you understand the basics of the exercise.. Warm up thoroughly before every training session, as this is key in preventing knee injuries in rowing.
C.  Rest your leg on a rowing belt. Use a rowing belt to support your knee on board.
D.  Have a strong right foot forward with your left hand at the pump of your rowing machine. You need to work your right leg back with your right foot beside your right hand.",1,1,1,0,10.054763815626815,0.14594229525027913,0.14659331916590285,72.1213089339617,4.440452575683594
731,"Home and Garden: How to count the blades of grass on your lawn. Choose a corner or edge of your lawn to start with. Do not start in the middle because you will get confused.. Get some cones to cover up parts of the lawn which you have already counted, so you don't lose your place.
A.  Try to count all blades in one sitting-if you try to go away and come back, you might just get very confused. Start early in the morning so that you'll have a full day of sunlight to work with.
B.  Get a person to run around where you can see and practice counting the blades.. Count ahead of time while you walk around.
C.  Some good ones are poplar, cherry or birch.. If that's your place, you can go up the hill and start counting.
D.  Start counting the blades of grass over the edge. Get at least one regular sized cone.",0,0,1,0,13.445493675211187,0.14596601275115972,0.14626231263207098,54.26213278697469,3.8386154174804688
732,"Home and Garden: How to prune a magnolia tree. Prioritize dead and diseased branches over healthy branches. With magnolia trees, removing healthy, if unattractive, branches may cause more harm than good. You should never prune more than 1/3 of the tree at once, so always start with branches that are either dying or already dead.
A.  Every 1/3 of the tree should be dead and two branches should be healthy. A pruned tree will be able to turn colors from the other branches as opposed to the white ones you intend to remove.
B. This will prolong the growth of the diseased of the branches. Also, because dead, diseased branches are usually dormant, prune the diseased branches at least twice a day.
C.  When in doubt, be conservative with what you trim. Magnolias are very sensitive to pruning.
D.  If you see dead and diseased branches, it's best to remove those as well. Other branches may require pruning to help the tree flourish, and you don't want old, unhealthy branches falling off.",2,3,0,1,14.850834971847561,0.14733717950093705,0.14761616345250542,64.21191516603358,4.1156768798828125
733,"Home and Garden: How to solder electronics. Use a soldering iron with the appropriate heat control. For soldering electrical components into printed circuit boards, the best soldering irons are electrostatic discharge (esd) safe, temperature-controlled, high-power irons. These will let you solder for hours, and are good for complex amateur radio projects.
A.  Make sure that the iron comes with a flame control (down in the manual that came with the machine). This can prevent sparks from spraying out of the iron when you solder it into circuit boards.
B. It also gets your circuit working at a dull temperature. If you're on a lighter end of the spectrum, a soldering iron should work much better for you.
C.  These irons are not suitable for daily use by older people. If you would rather not use them, leave them to use for the day or so you will have time to solder.
D. For simple kits, an inexpensive pencil iron will do just fine. Use a fixed power soldering iron , 25-watt for small jobs and 100-watt for larger jobs with heavy cabling.",3,3,1,1,10.998258080231,0.1465189395012203,0.14734344999523172,64.23844615594498,3.9026641845703125
734,"Sports and Fitness: How to clean batting gloves. Clap your gloves together after games and practices. Your gloves will likely pick up lots of dirt or clay during practices and games. Clap the gloves together a few times after each use.
A. The key to this is to be thorough and don't let dirt linger in the glove. Use that opportunity to inspect the overall job and place the rest of the gloves together.
B. Moving your fingers around the glove once, after each throw, even though you skipped a throw yourself, can help remove the debris and dirt from your gloves. Cleaning your gloves in the same fashion that you normally would can lead to a dry, sticky finish.
C. This will help loosen and remove any excess debris.. Brush your gloves lightly with a dry leather brush.
D. This will help you catch up any remaining dust, mud, or debris on your gloves and make sure your hands aren't touching the pads as you play.. Tear off tough skin as soon as you see it.",2,2,1,1,12.863238320148396,0.14642311749958026,0.14693207191061491,49.95486863196493,3.5111160278320312
735,"Pets and Animals: How to identify and correct unwanted dog behaviors. Ask yourself what you like in a dog. In order to identify unwanted dog behaviors, you will have to define what you enjoy and do not enjoy in your dogs. Some people might enjoy the sound of their dog's endless barking, but others might not.
A. Do you enjoy the companionship and warmth of your dog and want to put it to good use? Consider whether you actually enjoy playing fetch, acting aggressively, or ever owning your dog. If you have a hard time determining which is bad, you may need to identify behaviors you can't relate to.
B.  You might think it's cute when your dog begs for food at the table, but you might also find it irritating. Realize that sometimes personal preferences must be adjusted for the safety of others.
C.  For example, you might find out that you enjoy your yorkshire terriers but have to give them treats often, rather than meals on the potty. Or you might find out that your instincts are telling you that your dog is bossy.
D. Figure out what you like and do not like about the dog and have a plan for addressing those feelings. For example, you might read that the dog barks when it's excited but not when it's not.",1,1,1,1,9.576770788236924,0.1469823722500223,0.14644019253675636,66.33957593800369,4.298309326171875
736,"Food and Entertaining: How to make yogurt from powdered milk. Experiment with different arrangements. For this article, there is a small coleman camping cooler that measures 10 inches (25.4 cm) wide by 17 long by 11 tall. This size is perfect for holding 4 2 quart ball canning jars of yogurt and 4 half gallon jugs of hot water to help keep it all warm.
A.  Place jars in the second waterproof container, add a block of freeze dried green food food mix or blended yogurt. This container can also hold frozen yogurt or plain food items.
B. There are teepees or other structures that can accommodate a larger camping cooler. A teepee is a good working space to use as it is wide enough to accommodate the three three burner barbecue burners.
C. It also provides fresh air and ventilation and will aid in the process of making yogurt from powdered milk.. Find two jugs of water that are shaped like egg cartons (with an elongated lid).
D.  Don't bother measuring the temperature with a thermometer. Just use the hottest water you can get from the kitchen tap.",3,3,1,1,11.155549583793782,0.1488364922497567,0.1462816187578903,70.66424135402849,4.40472412109375
737,"Relationships: How to create a secret club. Find members. They can be your friends or they can be random people you tell about your club. Make sure they will fit in and will be ever loyal to your club.
A. Have a will telling them where they should join.. Ask your school if there are any secret clubs.
B. Make sure to mention the stuff you do and how much fun the club is. Tell them about your secret handshake and your secrets about your crushes and your best friend sleepovers.
C.  Setup your club and invite people to join. Do this at the beginning of the year.
D. And it's very likely that they will trust you and won't betray you. And if they know who you are/won't, they won't hold back.",1,1,1,0,14.240486791911243,0.14534262975030288,0.14711852888740395,42.363032723023935,3.0084686279296875
738,"Home and Garden: How to grow a plumeria. Choose a warm location. Plumerias require temperatures of at least 65 to 80 degrees fahrenheit (about 18 to 27 degrees celsius). They will not survive in temperatures below 55 degrees fahrenheit (about 13 degrees celsius).
A.  Plant 1 to 3 plumerias per pot. You can plant them in pots outdoors or at the base of a tree in colder climates.
B.  Do not plant the plumeria indoors in a pot. When the weather permits, always plant plumerias in pots that can withstand the sun's rays.
C. Just about any tropical location should be plenty warm. If you're planning to plant your plumeria in your backyard, try it in an area that receives indirect heat, such as around your house or garden.
D. Any parts of the plant exposed to freezing temperatures will die. Therefore, it is important to choose the right location.",3,3,1,1,5.694447671280125,0.14596767500006536,0.14662180094233354,56.44677685902934,3.7497634887695312
739,"Home and Garden: How to feed a warm season lawn. Take a soil sample of your lawn. A soil sample will give you an evaluation of the nutrients and determine what amendments or fertilizers will work best for your lawn. To take a sample, use a gardening spade and dig 5 holes that are 6-8 inches (15-20 cm) deep in several areas of your lawn.
A.  Avoid digging any deeper than the hole you are taking your soil sample from. Digging 4 holes too deep, or too small, could cut off the nutrients your soil provides for its root system, which could cause your grass to die.
B. Put the soil that you unearthed in a clear container and send it to your nearest cooperative extension. You can take samples of your soil annually to keep up with the changes in nutrient content.
C. If the holes are shallow, use a flashlight or electronic device to locate the depth on the soil. You can purchase soil samples at most major gardening and home improvement stores.
D.  Be careful, as you could trip on a garden hose and injure yourself. You can disinfect the soil during use by using two or three levels of bleach to dissolve it, then repump if necessary.",1,1,1,1,9.191836352415054,0.14713767225021002,0.14732820951652204,71.8954040949975,4.473335266113281
740,"Health: How to identify renal failure. Keep track of any urinary changes. Both acute and chronic renal failure are often accompanied by high urine output or no urine output. Chronic renal failure, specifically, is accompanied by urinary incontinence and/or recurrent urinary tract infections.
A.  Chronic renal failure can also be accompanied by blurry, bluish urine, cloudy urine, constipation, no urine production at all, or decreased urinary capacity.. Inspect your kidneys for various problems.
B.  In rare cases, your pet's urine consistently becomes pink or bright red. These episodes may be unusual, especially if they come from a medical condition that causes your pet to go suddenly blue.
C. They may or may not go away completely or have recurrent incidents at any time. These typically use the following criteria as narrow definitions of the condition : The kidneys are not able to emit enough urine.
D. Damage to the renal tubules results in polyuria, which means excess production of urine and usually occurs in the beginning stages of renal failure. Chronic kidney failure can also cause decreased amounts of urine, which usually occurs in more advanced forms of the condition.",3,3,1,1,7.242662262897145,0.1459071049994236,0.1473307611304916,55.97999460506253,3.5925521850585938
741,"Home and Garden: How to varathane a table. Move your table to a well-ventilated work area. Varathane gives off fumes that can be dangerous if they build up. Choose a work area with good airflow to prevent this.
A. Noise is usually the key issue right away. Once you've applied your varathane to the table, listen for the sound of the wood creaking.
B.  If possible, place your table out of direct sunlight so that it doesn't get hot when you're washing dishes, setting up more containers of varathane at work, minimizing potential fumes.. Measure and apply varathane with a dropper.
C. You may want to lay out a drop cloth beneath the table to catch sawdust and varathane drips. If you have to work in a smaller room, make sure you open some windows.
D.  If possible, place your table away from any drafts and areas that could trigger fumes, like open vents, books, or heaters. Remove far enough away that you have room to work outdoors.",2,2,1,1,5.490622938135803,0.14882011725057964,0.14668646485406198,53.842467211026815,3.65692138671875
742,"Computers and Electronics: How to understand computer system security needs. Analyze the operating system on the machine (s). Security requirements will vary depending on which os and which version you are running. Make sure that the latest service packs and patches are installed.
A.  Figure out the system's functional processes. The system's main processes are hardware, data, raw-data usage, and importing and delivering data.
B.  Make sure that the os boot code does not include any encryption restrictions that might help. Other than software books and software, test the pc system to see if it has a graphics card.
C.  Analyze the environment in which your system will operate. If your machine will not be in any local network and will never be connected to the internet, then you can be relatively sure of the system security.
D. You will need to correctly identify the os installed on the machine (s). Download an os reader or look for a modified installation guide, which can help you to understand system security.",2,2,1,1,8.88458994381004,0.14668783249908302,0.14723491948686349,51.38279855296423,3.3394241333007812
743,"Food and Entertaining: How to tell if bacon is bad. Check the expiry date on the bacon packet. If the "" use by "" date has expired, then that bacon is unsafe to use. Always use bacon within seven days of purchase ("" sell by "") or by the "" use by "" date listed by the manufacturer.
A. You can also safely thaw and cook the bacon within four months of freezing bacon. Take care not to confuse the "" sell by "" and "" use by "" dates.
B.  The expiry date is on the packaging. If it is written before the expiry date, then the bacon is bad.
C. Furthermore, the date on the packet may indicate how the bacon was sliced prior to the expiry date. Bacon contains a significant amount of fat during cooking.
D. If the expiry date is frequently displayed under the "" use by "" date, then you probably need to start over. If the expiry date never shows on the packet, that means that the bacon has gone bad.",0,0,1,0,7.483964173967691,0.15080685174962127,0.14709476039600217,57.82308920104333,3.8125457763671875
744,"Health: How to find purpose when you have depression. Build meaningful friendships. Having friends and participating in social engagements is an important part of being healthy and recovering from depression. Find people you can trust and speak to about your problems.
A. Friends and relationships are crucial for any necessary recovery process. Make sure you and your friends like to be around people who genuinely care about your health.
B.  Ask others to be your social support network. Clubs like keg's baby club or the american outlook foundation are easy resources and examples of social support that you can use.
C. If you're struggling with depression, doing what you can to improve relationships in order to boost your mood can help. Ask friends how they feel about your disorder, if any of their friends are depressed, and if they think therapy or dating can help.
D. When you're invited to social events, go, even if you don't feel like it. A fulfilling social life can contribute to a sense of meaning and self-worth.",3,3,1,1,5.491064553409177,0.1478638199996567,0.14718884670504556,49.016585845958616,3.4187774658203125
745,"Health: How to remove popcorn from your teeth. Use dental floss. The american dental association recommends using dental floss at least once every day, but especially when you know there is debris stuck between your teeth. This may also include soft debris, which can include bread.
A. It is recommended that you floss with your index finger or middle finger because these are the only fingers (and sometimes only) that are not covered in debris. Rinse your mouth and gums thoroughly with a saltwater rinse.
B. The starch will turn into sugar and bacteria will grow. Try to work the floss as close to the gum as possible between the teeth where the popcorn is stuck.
C. It is best to floss whenever you eat.. Empty the popcorn out of your mouth.
D. To see if you like the way it is applied, check this section's guide regarding how often you should eat dry popcorn. Dry flubs (pieces of popcorn that have popped over time) contain fluoridated dissolved fluoride.",1,1,1,0,7.456014429662023,0.147525344749738,0.14757323966663463,53.273747939987516,3.5443801879882812
746,"Pets and Animals: How to help your cat breathe easier. Watch out for nasal discharge. Runny noses are common in cats. If your cat has some nasal discharge around her nose, it may be mucus or muco-purulent, which is mucus stained with pus.
A. These sorts of mucus are often yellow or green in color. Some cats with nasal allergies may have a clear, dripping discharge from their nostrils, but this can be difficult to spot if the cat regularly licks it away.
B. While you should have your cat's and other feline's noses looked at by a vet, for example, if it is visibly bloody or has nasal infection, you should rule out any other abnormality as a cause for concern. See your vet if your cat's nose is crusty with a foul smell.
C. Because this often manifests as bloody mucus or outside mucus, it is a good idea to watch out for any such discharge, just in case you notice it at any time. It's possible the cat doesn't like to continue her breathing, but you may want to have it run lightly.
D. If your cat has nasal discharge, take care not to drip any of the fluid from its nostrils onto your cat. If your cat has a runny nose, and does not seem to be breathing right, or if the mucus looks milky around her nose and remains there, it may be a sign of infection.",0,0,1,1,8.077676263672895,0.1458738445007839,0.14695149698685017,67.59337800400681,4.1726226806640625
747,"Home and Garden: How to remove rust from pots and pans. Gather up table salt, and a brown paper bag. The salt acts as a gentle abrasive, helping you to easily scrape up the rust without damaging the pan.. Pour the salt in the rusted pan.
A.  It can be angled or smoothed slightly to achieve a stiff job.. Aim the knife about 6 inches (15 cm) from the stubborn rust, but not so far that it sears into the pan.
B.  Pour enough to lightly cover the area you need to rub off with a thin coating.. Scour it with the brown paper.
C.  Jiggle the pan to break up any remaining rust.. Hold your pots and pans over the water in a mildly soapy kitchen.
D.  Don't pour it like a jug of vinegar, as this can temporarily rip off the top and potentially allow rust to surface.. Use your gloves to cover the edge of the pan.",1,1,1,1,26.515368091103635,0.1488571919999231,0.14776463061168307,51.57422632903035,3.4499740600585938
748,"Food and Entertaining: How to make radish juice. Wash and prepare the fruit. Wash 1 large apple , 1 orange, and 1 lemon. Use a sharp knife to carefully cut the apple into four wedges and remove the core.
A. Place the fruit in a clean glass jar and rinse it with water to remove the skin. Place the fruit in the jar with the water.
B. Peel the lemon and the orange and cut them to fit the opening of your juicer. You can use your favorite variety of apple.
C. Remove the core, which is the connective tissue surrounding the core. Use the knife to cut the peel of the lemon into four wedges.
D. Rinse both apples and oranges off with warm water. You can peel apples to remove flesh, but removing tough flesh will make the juice soggy and not taste good.",1,1,1,1,5.977267710724436,0.14996722700016107,0.14705245369875244,47.950758998998936,3.1367416381835938
749,"Health: How to deal with periods if you are blind or visually impaired. Notice vaginal discharge. One telltale sign that you're getting your period is coming is feeling wetness in your underwear. This is vaginal discharge, and the amount of discharge varies for everyone.
A. Sometimes it may be thick, and sometimes it's smooth, or it may contain a large amount of urine. Let your doctor know if you show any of these signs as soon as possible.
B. It can drip, be three to four inches (7.6 to 10 cm) thick, and always flowing from your vagina. This may happen in the middle of the day after you are at work, at school, or while being at the gym.
C. Have your doctor or nurse check your underwear for spotting. Or, you can call your doctor right after intercourse.
D. The discharge will usually come in small amounts, coming out thin and odorless. You may want to consider wearing panty liners when your discharge comes to avoid spoiling your underwear.",3,3,1,0,12.154275465412248,0.1484750970003006,0.14671433541388978,53.411061137001525,3.7613677978515625
750,"Pets and Animals: How to catch a lizard in the house. Close off the room where you last saw the lizard. Close the doors and windows, so that it cannot escape. You may even want to place towels under the crack of the door to prevent it from leaving.
A.  Use a light flashlight or matches to locate the lizard. The lizard will lay flat, only its face is visible through it.
B. If you have a coop, this will stop any lizards walking in that coop. Also, if you catch a lizard, don't leave the coop on your porch.
C.  Replace broken pet or plastic pet beds. The lizard may jump on the bed to chew on them.
D.  Check dark, enclosed spaces to see if the lizard is hiding there. Lizards often enjoying hanging out in small or covered spaces.",3,3,1,1,24.225478045223916,0.14622365275045013,0.1461877778981629,47.949734650006576,3.235137939453125
751,"Computers and Electronics: How to make it in the acting business. Find local talent agencies. If you live in new york, your agent should also live in new york. If you live in chicago, your agent should be chicago-based.
A. Ask your friends and family if they know anyone in new york. Here are a few examples : Choreograciciums agent real estate agent referrals agent marketing agent. Attend the talent agency's casting camp.
B. Find them in the chicago newspaper, and update your contact list as needed. You can find a major talent agency in your area in the area near you.
C. If you live in los angeles, you may visit local talent agency and talk to them about becoming a agents.. Get a job with no large fee.
D. Although it may be tempting to have an agent half a world away, where actors and agents are commonplace, your agent needs to be able to communicate with you quickly and effectively. This is far more difficult to do if there is a large distance between the two of you.",3,3,1,0,6.956512786276001,0.1454792822514719,0.1460967179393759,51.13138153602995,3.6459732055664062
752,"Food and Entertaining: How to make vegan eggnog. Obtain your materials. Making vegan eggnog with cashews requires one cup of raw, unsalted cashews, pitted medjool dates, nutmeg, salt, and a can of coconut milk. You'll also need two cups of water and can, if you choose, add one tablespoon of maple syrup.
A. If you don't already have cashews, you can grow them from nuts, seeds, and dried fruits. You'll need the first 3 oz.
B.  For optimal results, make more than one batch, making as many servings as possible.. Heat the saltwater and cashews in a wok or steamer.
C.  You can make non-flavorous cashews with whole or frozen cashews. Any skin, stem, or petals from someone else's cashews, should be peeled or browned.
D.  Be sure to get unsalted cashews or your eggnog will have a salty taste. This recipe will make about two cups of nog.",3,3,1,1,7.43326007517031,0.14518933800081868,0.14593190497501135,64.79079554100826,4.088249206542969
753,"Cars & Other Vehicles: How to install pinstriping or reflective tape on your car or motorcycle. Pick your installation pathway for the pin striping or reflective tape first, then mark this path. If it will be a straight line, you can tape a guide string to the front and rear of the car, pulling slightly on the string to make it straight. This will be your guideline.
A.  The safety pins for priming and paint can be slid into place if they become needed; and you can do it on both cars.. Mark this path with a safety pin.
B.  Determine the path length, the direction in which you want the pinstriping or reflective tape to be applied. These will determine whether you will want to use a tape string or lighter tape.
C.  Attach the first 1 "" to the front of the car, usually the fender. Pull off the backing and slightly stretch the tape and extend it to approximately 1/2 the distance on your car.
D.  If you plan on working at night, find a long striping route on the exterior or side of your car. The center point of the striping will be right where your belt belt will face when you get into the car.",2,1,0,0,16.630162878426475,0.1450092377508554,0.14562345034734397,70.18804621703384,4.3559722900390625
754,"Youth: How to deal with an annoying boy. Write down what is annoying you. For example, write down what he is doing that makes you frustrated. Some of his behaviors could hurt your feelings.
A. Writing this down will also help you think about what the future holds when you spend time with him, which can help you come up with a good strategy for dealing with his annoying habits. Try to write down everything you are doing that bothers you.
B. Also mark any instances when you noticed him become rude; such as if he doodled in front of you and/or spoke to you at lunch. If you don't have time to write down everything your annoying son/daughter says, try to come up with some solutions to his behavior.
C. Write down : A loud noise a brief period of silence a loud rumor a disrespectful or comical conversation you had in front of him demanding to be heard a report of his or his cat biting him. Note any or all of the underlying reasons why he is annoying you.
D. For example, does he call you names? Other behaviors might be pesky but are not hurting you. For instance, does he constantly ask you to do things with him? For either type of behavior, there are ways to help.",3,0,0,1,6.72669309118628,0.14509704524971312,0.1460864882778544,54.19412937897141,3.5047836303710938
755,"Health: How to choose a healthy fast food breakfast. Order a favorite main and a healthier side or vice versa. Another option to keep fast food meals a little bit more nutritious is by doing a 50/50 deal between a favorite item and a more nutritious item. For example, if you're craving a bacon, egg and cheese breakfast sandwich-go for it.
A. We are all terrible at eating a crunchy and sugary breakfast. But you can have no less "" accurate "" notes and feel free to order the food if you like.
B. You can also serve a pot roast at home, though have it seasoned again with water before serving. These choices are also more nutritious.
C. For a stir fry, opt for a french fry or breakfast duality.. Add protein to your fast food meals.
D. But instead of the hash brown as a side, get the fruit cup instead. By making that 50/50 deal you're increasing the nutrition of your overall meal and most likely saving yourself a few calories as well.",3,3,1,1,6.144256527616043,0.14517442249780288,0.14619606168268826,61.39825934998953,4.06842041015625
756,"Sports and Fitness: How to make your school's volleyball team. Learn the rules. Obviously, the coach isn't going to pick someone who always double touches and runs into the net. Search for the "" rules of volleyball "" online to see if any good websites that have the rules listed come up.
A. Focus on sites that have rules relevant to your part of the world; variations may exist elsewhere.. Start practicing about two months or so before tryouts.
B. There is nothing worse than being all mentally exhausted because you just realize you've been cheating. Actually, you can't judge teams based on the time and place.
C.  These websites are good because they're recommended by the coach. It's not impossible, it's just easier to learn some of the stuff about them and get good, accurate knowledge.
D.  Check local gyms or some of the schools' official events. If there are actual tryout practices, try to find a sports-related design that will add character to your team.",0,0,1,1,25.3543198147732,0.14533669224965706,0.14581142250270165,54.82319594000364,3.499603271484375
757,"Finance and Business: How to develop a consulting program. Define your core area of expertise. Budgeting, business management, legal advice, tax accounting, nutritional advice and career counseling are just a few examples of expertise that may be useful to others.. Consider the ideal service recipients for your consulting program.
A.  Outside the services of business, your financial plans may not be as important as the standard services used to provide job advancement. Finding appropriate representatives from the support of your business organization can ensure that your business opens up substantially and that you will not be mistaken for an accident in the future.
B.  Think of individuals, groups, organizations and businesses that can benefit from your expertise. A few examples include young adults in search of a career, small businesses with limited resources, individuals recovering from an illness, and families experiencing financial difficulties.
C.  Since you'll be involved with designing legal papers online, you'll need to focus on what your clients in business will be interested in.. Discuss key concepts in the trainee evaluation process.
D.  When you set an average business, it's important to have a good idea of how much an organization will give you.. Do some research on each of your existing businesses.",1,1,1,1,8.001861750241615,0.14604829024938226,0.14618617683135263,60.374339485020755,4.045997619628906
758,"Pets and Animals: How to make a doll house into a hamster cage. Find an unwanted dollhouse. Unless it's particularly grotty, a warm, soapy wash should be sufficient for cleaning the doll house walls, floors and other surfaces. Use a little detergent for something stronger.
A. This is best done on a warm, sunny day to allow for good drying, or if you're able to leave it in a room which is very, very warm. Remove all wallpaper surfaces, carpets and anything else stuck to the dollhouse.
B.  Ensure the dollhouse is square or rectangular, not a rectangle, as this allows a bigger space. This creates a more nesting space, making it easier to move the doll house.
C.  For small cages, you'll probably be able to make a cage of a thicker fabric or vinyl material, rather than a plain or doily like material. The material as it dries could damage the hamster, and thus the hamster cage itself.
D. If it smells awful, it is probably not safe to do anything else.. Put it away after the wash-out.",0,0,1,0,10.48227168856453,0.1454575602492696,0.14618944562586503,58.034282371962036,3.9179458618164062
759,"Youth: How to gain that much required sense of self confidence (girls ). Make a list of all dreams and aspirations. Make a list of present and future aspirations whether it be just scribbling something on a scrap piece of paper. This, in itself, is a step-by-step process that you personally want to accomplish.
A.  Taking a step back from personal ambitions and coming up with a list of things you want to accomplish can help you walk away with a clear head.. Keep yourself bogged down in all things.
B. Remember that there is no limit to your dreams, they can be infinitive: never believe that your goal is impossible. There is no deadline (you can do within your own time).
C. Not every dream and vision will win you much-needed acceptance-that is, even if it doesn't exactly match your wants. Keep your list of things you want to achieve as you make changes.
D.  Accept your limitations, but keep doing what is right!. Don't overanalyze yourself. Things happen to everyone and not the same people.",1,1,1,0,19.720314039194726,0.14681640599974344,0.145980145835897,59.27128425002957,3.724456787109375
760,"Home and Garden: How to remove bushes. Back the truck up close to the bush. Get a friend who has a pickup truck if you don't have one yourself. It shouldn't matter how much horsepower the truck has, but you'll need a towing hitch.
A.  Always drive slowly and work on timing while a vehicle is on the track.. Pull the vehicle as close to the bush as possible.
B. Practice backing up the truck manually with a friend to get a feel for how big your pickup truck could be. If your truck doesn't move far, you could jump over the plants and trees in your yard and move the truck to its storage space.
C. Never attempt this with any vehicle smaller than a truck. If you don't have a truck, you can rent one.
D.  Attach a front bumper to a sawed panel. Leave a downspout opening so that the first inch of air is enclosed by the front bumper.",2,2,1,1,5.0577188328079465,0.14585018124944327,0.14605894006767545,50.243440348007425,3.66943359375
761,"Finance and Business: How to deal with being in prison. Gain a new instinct for danger. You are now living in close quarters to thieves, rapists, murderers, and liars. It is best to trust your gut instinct rather than ignore it.
A. Feeling frightened or put-off could lead to your own fears and dangerous thoughts. Try to find reasons to be scared and formulate a plan to cope with these behaviors and feelings.
B. Be aware of what life would be like if these people arrested you.. Go where they lead when they say you are likely to escape.
C.  If you have a strong feeling that something bad is going to happen, don't think about it; act immediately by finding a safe place. Try not to rationalize in an irrational place.
D.  That being said, do not assume that you will be put in an unstable state indefinitely based on your gut instincts. These will only become more apparent as you become more willing to trust a criminal.",2,2,1,1,11.62211309762937,0.14605387375104328,0.14621412704107248,50.29701868896882,3.3031387329101562
762,"Food and Entertaining: How to make a cranberry mojito. Place the cranberries, sugar and water in a saucepan over medium heat.. When the water starts to boil, lower the heat to medium low.. Cook the cranberries over medium-low heat, stirring occasionally with a spoon (that won't be stained by the cranberry juice) until the berries start to pop, about 10 minutes.
A.  When the cranberries have become soft, remove the pan from the heat. Transfer them to a serving dish and serve.
B.  Remove the cranberries and turn off the stove.. Slice the stems off of the cranberries, and place them in an 8-inch (20.
C.  Remove the berries from the heat and allow the mixture to cool.. Strain the berries out of the syrup by pouring the mixture through a sieve into a bowl.
D.  Remove the cranberries from the heat and stir with a fork or spoon until the berries become soft.. Take care not to burn the vegetables.",2,2,1,1,6.717807063883143,0.14550179074922198,0.14623308764221696,66.38689660199452,4.104423522949219
763,"Sports and Fitness: How to score a direct free kick. Watch the keeper. The opposing keeper will give you a good idea about where to aim your kick. When a direct free kick is called, some of the opposing players will form a wall ten yards away from you in front of the keeper.
A. The other players on the other side of the wall will then turn and target you. Standing feet are the standard practice for kick a direct free kick.
B. Watch their body language for possible opportunities of good kicking. The opposing player could normally kick with his arm extended, as though the ball were coming toward him to swat at with a good kick to the leg.
C. While the purpose of the wall is to help the keeper defend against the kick, it can also obscure his view of the striker. Usually, the keeper will try to stay in the middle of the goal.
D. Once you have stepped, you'll tap the striker with your shin so he or she drops the ball behind you. If you're a kicker, you need to make sure you have plenty of space between your target and the judge (s), so you can see where the ball lands.",2,2,1,1,6.205460565499384,0.1456970809995255,0.1466160284063187,60.1088958569635,4.034149169921875
764,"Pets and Animals: How to encourage an african grey parrot to speak. Talk to your bird regularly. Make it a habit to speak to your bird even before you start training it to mimic what you say. African greys are social birds who want to interact with you.
A. If you want your bird to learn your voice, use words that describe the sound you're making. For example, "" yuh! Yuh! Yoh! Yuh! Yuh, yuh! Yuh! Yhuh! Yhuh, yuh! Yoh.
B. Often, the best way to train an african grey is to create an environment that lets it speak. It doesn't need to be a crate or an enclosed place to speak to you.
C. They will learn to talk so that they can fit into the household as they would into a flock in the wild. However, your bird will only learn to talk if it recognizes that it's how you communicate.
D. Your first instinct will be to take them out of their cages and give them treats. However, if you're ready to provide exercise, feed your bird more often, and play a bit with them, you can get your bird to speak in its native language.",2,2,1,0,9.548621299946898,0.1452171634991828,0.14618245191861223,59.9309441329533,4.019775390625
765,"Home and Garden: How to keep silverfish away from books naturally. Cut some sprigs of thyme.. Make sure that the sprigs are dry. They can be fresh but must not be damp.
A. They will rot faster if they dry too quickly.. Apply to the sides of books; the edges are the smoothest areas on bookshelves.
B. Dry leaves of thyme are heavy and hard to digest and lack the moisture the older plants have.. Place a spoonful of thyme food on a glass or a lemon or lime.
C.  Place the thyme sprigs behind the books on each shelf. Bruise a little to release the scent.
D.  Sprinkle the thyme over each book and cover.. After carving them, let it dry.",2,2,1,1,12.087188802643231,0.1452288785003475,0.14566907006695426,39.76589536201209,2.9078140258789062
766,"Food and Entertaining: How to set up a buffet. Consider your budget. Decide how much you want to spend altogether, including food, silverware, plates, and drinks. Next, reduce the amount you want to spend by 15 %.
A. Add up how much of the total you can spend. Consider going for free food if you can, but also, don't make the extra money into a piggy bank for some themed dinner portions.
B. You may end up making a lot less money for a buffet than you think. In this case, spend it wisely on food.
C. Think about the type of appetizers you'd be serving to get your budget right. For instance, you may want to serve appetizers at 9 pm, while you may want to serve salads and pasta as appetizers.
D. The remaining 85% is what you will have to actually spend. The extra 15% allows you some extra money for unexpected costs and things like taxes, tips, and potential emergencies.",3,3,1,0,7.433578670209341,0.14576950124956056,0.14585061570720373,50.90154042398353,3.41424560546875
767,"Finance and Business: How to get coupons and free samples from most companies. Sending out your request. You can send an email, a letter, or call the company. Don't fill out forms directly from the website.
A. You'll just send it to them. They won't have to take it personally to know you want it.
B. Doing so will compromise your customer relationship with the company and will potentially result in them retaliating against you. You can make your request any one of two ways.
C. Identify the requirements that are specific to the company and ask if you can make the request in person. You could email the company directly, but make sure any email address you use is unique to them and that you know their name.
D. Send an email to a provided email address or send a letter to a mailbox. Calling is a good option, because you can speak to someone who can answer your questions directly.",3,3,1,0,7.250422726938256,0.14629653050087654,0.14626600849185037,45.48885072900157,3.2593612670898438
768,"Food and Entertaining: How to make samosas. Sieve the flour and salt together in a bowl. You can add a little more or less salt to taste if you desire.. Add the ghee or oil.
A.  Do not use too much or you may burn the surface of the tabbouleh.. Add the heated ghee or oil to the bowl.
B.  You can add some sesame seeds, fennel seeds, celery seeds, beets, ginger milk, onion leaves and etc.. Line a baking sheet with parchment paper or cooking foil.
C.  Start with a small amount at a time. If you can stand it, combine it with water.
D.  Mix it in with your fingers, working with a handful of flour at a time. Keep mixing until all of the flour is coated with fat and a dough has begun to form.",3,3,1,0,10.063603874510058,0.14543672575018718,0.14647317519951944,44.6701726380561,3.0965652465820312
769,"Home and Garden: How to build a vertical garden from soda bottles. Cut around the base of one soda bottle. Make the cut a bit below where the label ends, ideally so that a tiny bit of the bottom curve inward is preserved. This will help the bottles nest tightly together when you stack them.
A.  Another good point is to cut just under the top of the can, but not farther than that.. Lay two most empty soda bottles together so you have a balance of weight and height to support each bottle.
B.  Stack a plastic cooler or a clear glass wine bottle on top of the soda bottle. Try to keep the plastic cooler upright, because plastic coolers can tip over and collapse when poured into them.
C. Discard base of bottle. Poke two drainage holes with scissors, on opposite sides, about three inches above the cap. How big? No bigger than the diameter of a bic pen.
D.  Use a suitable sharp box cutter or even cutting shears to cut a 1 inch (2.5 cm) flap or leafy mold about ½ "" in front of where the label ends.. Attach the bottle where the logo is.",2,2,1,1,16.06902410676816,0.1463928279981701,0.1464747136300342,60.34725447304663,3.86431884765625
770,"Computers and Electronics: How to choose a car alarm. Choose which type of car alarm you want. There are two main types of car alarms: passive alarms and active alarms. Passive alarms will automatically be armed after the car ignition is off and all the doors are closed.
A. Active alarms require you to press a button to arm the system.. Choose what features are right for you and your needs.
B. They will automatically fire if the driver agrees to become alert. Active alarms will not fire when the car is stopped.
C. Passive alarms will have low battery charge because they are inactive, and attach to the ignition light and turn on. Active alarms will emit 5-12 beeps every time a car locks up in high alert mode.
D. They are also completely nonfunctional in nature. A passive alarm will only go off when someone is leaving the car, so active alarms are not often, if at all, equipped.",0,0,1,1,6.296653552443642,0.1465034407501662,0.14594307821324845,50.498546511931636,3.4631729125976562
771,"Finance and Business: How to use morningstar to evaluate a stock. Go to the morningstar website.. Under the morningstar logo is a small white box titled "" quotes. "" enter the symbol of a stock you're interested in.
A. Under that, you may want to find a check or money order that you want to use for the stock for that charity. The check or money order should be listed on the left hand column of the website.
B. The spreadsheet is then shown in-view.. Select the type of stock you want.
C. This is usually a three-or four-letter symbol (such as "" aapl "" for apple, inc. or "" xom "" for exxon mobil corp.
D.  Click "" create "" below the font field.. Review all series you're interested in.",2,2,1,1,4.954321376635738,0.145833615999436,0.14603916296932953,43.22677005104197,3.256744384765625
772,"Food and Entertaining: How to stay sane traveling with other families. Plan living arrangements. With a family, it's often best to do a vacation rental instead of a hotel room so that kids and adults can sleep comfortably and on different schedules. If you are traveling with one or more families, decide what arrangements would be best for everyone.
A. For example, you could split a hotel room or two rooms with family members when you start work or on weekends. Never forget to pack sufficient food, water, entertainment and accessories.
B. You may want accommodations that include a kitchen and a washer/dryer. This can help keep expenses lower and provide some space when needed.
C.  Know how many people will be staying on the domestic islands, as well as the dates and destinations. During a hotel stay, you will likely want at least 4 people to take turns seating the guests, drinking dinner, and doing the dishes.
D. If you are travelling alone, see if a big group can accommodate all the other families, and select a living room or a shared dining room that is privately-functioning. To be safe and ensure everyone has proper quarters, buy a large corner bathroom with enough room to accommodate a large group.",1,1,1,1,10.559248754434295,0.14666298574957182,0.14642457785800805,65.59916451195386,4.36151123046875
773,"Education and Communications: How to differentiate mla from apa citation style. Note how the styles look when compared. Both the styles can be differentiated by physical appearance. Formatting in apa essentially requires author's last name and initials of first and middle name while mla style identifies authors unambiguously.
A. Follow the style layout to determine what they look like. If the styles are not identical, don't start with that fact.
B.  Don't neglect to check off and subtract formatting. When citing author names you could make them both appear similar and the choice of formatting could be ambiguous.
C.  Besides the physical appearance, language citations are known by different names, which include william, elizabeth, virginia, violet, george, anne, and rosie, although first and last names refer to numbers. The first and middle names have their own definitions, as do the sets of works the author uses to distinguish the authors.
D.  Consider the main requirements of mla citation style. For sources with the same author surnames include a first name initial.",3,3,1,1,28.137879311438127,0.14549921875095606,0.14671584063700824,56.774163838977984,4.399955749511719
774,"Food and Entertaining: How to make beach ball cake pops. Bake the cake. Follow the specific recipe you are using, including ingredient amounts, utensils and baking dishes, steps or instructions, oven temperatures, and baking times.. Slice the cake.
A.  Use a knife to slice the cake in half and put it in the mixing bowl with all the ingredients except the cream and water. Fold the pan in half so all the dry cream is in and the sugar is on the other side.
B.  This can be done with a serrated kitchen knife, cooking knife, or even a fork, but as long as you don't mince, then go easy and knife-like. Don't lose you knife as you slice the cake.
C.  Place two slices of cake in a pan, cover them with parchment paper, baking pan, baking tray or foil plastic bag. Use oven mitts to pick up 1 of the slices and place it on a cutting board.
D.  Using a damp knife, cut the cake in sections or quarters. This allows the insides of the cake to cool down faster, rather than having the cake cool down from the outside in.",3,3,1,1,12.928683695941599,0.1457112110010712,0.1461936747639995,56.28263492908809,3.5899505615234375
775,"Food and Entertaining: How to make a california roll. Use saran wrap to cover your sushi rolling mat. This method avoids rice getting into the mat.. Place the seaweed sheet, shiny side down, on the mat.
A.  Place your sushi rolling mat in a refrigerator to chill.. Dig up 2-5 stalks of green chilies, or any other large green chilies, and place the seaweed sheet, wide side down, on top of the sushi sheet.
B.  Take the knees of the seaweed sheet and wrap them tightly around the sushi sandwich. The towels will help to trap the seaweed and relieve pressure, helping to ensure perfect sushi roll rolling.
C.  This is important so the dough will rise evenly.. Alternatively, peel and slice the seaweed strips thinly.
D.  Pour water into a bowl and dip your fingers in it. Wetting your hands makes the rice less sticky while you work with it so it stays on the seaweed instead of your fingers.",3,3,1,1,7.30673164276852,0.1459611797490652,0.1460847870687174,49.52224838701659,3.5324325561523438
776,"Home and Garden: How to create a perfume business for kids. Do some research. Decide if you want to make perfume yourself, or if you want it made for you. There are many websites that offer custom perfume services, and allow you to buy your product in bulk, like scentcrafters, scent design, or creating perfume.
A.  Decide if you want the spritz to be concentrated or mixed with essential oils. Some companies offer specialty spritz products, such as spritz cottage bouillon.
B. However, this can be expensive with little profit to show for it. Making your own perfume, though, is less expensive, but it is more time consuming.
C. Determine what companies do best in your area. Www.reportever.com offers a range of good listings for perfume companies that have been in business for a long time.
D. This also gives you an idea of the best boutique and ring brands that you would like to buy. Choosing a brand can be difficult, however, as you may have to look at previously existing brands to see if they are directly related.",1,1,1,1,6.6048196944189,0.14567496475046937,0.14656622986766188,60.38172164500793,3.9661407470703125
777,"Health: How to stop vaginal itching. Apply a cold compress. No matter what the cause of your vaginal itching, you may be able to get temporary relief from the discomfort by applying a cool compress, like a washcloth, to your labia. To use a cold compress, take a clean washcloth and hold it under cold, running water until it is saturated.
A. Secure the washcloth in place with elastic bands. Try not to hold it in place too long, as it can loosen the band that holds the washcloth to your vagina.
B. If the washcloth does not immediately connect to the water, put the fresh cloth in your vagina, and wrap it around your genital opening. Alternatively, you can apply this compress immediately after ,.
C. Then, wring out the excess water and apply the cloth to your vaginal area for about five to 10 minutes. Make sure that you wash the washcloth after using.
D. Wet the washcloth in the cool water. Bring the cloth to your tender area and do not squeeze it, since doing so will cause painful movement.",2,2,1,1,3.610609059135464,0.14676492050057277,0.14689543356973953,63.75209611699029,3.9048233032226562
778,"Pets and Animals: How to diagnose feline skin problems. Look for wounds. Wounds might be painful, moist, oozing, or discharging. Alternately, they might already by scarred over, and you might find only spots or scabs left behind by a nasty feline skin problem.
A.  When you detect a wound on your cat, monitor it regularly. If it changes color or begins to ooze, stink, or discharge, the wound is infected.
B. Slits (black or blue pus leaking from the wounds) may also be dangerous. If you suspect your cat may have ingrown hairs on his face, head or body, have it checked out by a vet.
C.  Keep an eye out for juvenile skin irritation. A cat with a juvenile skin condition might display burns, blisters, bumps, hives, puffiness, or lumps, as well as weskin irritation.
D. Look for angry red patters or skin splits on your cat's skin, which might indicate pain or irritation. However, if your cat appears mildly irritated, it likely has not already been treated.",0,0,1,1,9.473661785119749,0.1456588125001872,0.14633976694057138,59.70390109399159,3.7037887573242188
779,"Computers and Electronics: How to have an online christmas party. Download zoom. This is an online meeting tool, and can carry up to 25 people. It is completely free to use.
A.  Go to http: // www.thestarrafts.com/to download, immap.html. Paint a brick red! This will create the band's logo.
B.  Zooming is done by using the "" zoom "" function. The tabs at the bottom will always tick up.
C. If you are sure it can handle zoom, download zoom.. Open the person's profile image window.
D.  Make sure you download the program with the video camera as its symbol. This will allow you to see one another.",3,3,1,1,15.736883611989596,0.1457252799991693,0.14679899242625663,37.42944821898709,2.73175048828125
780,"Sports and Fitness: How to set up a fishing pole for bass fishing. Select the right kind of rod for bass fishing. Think of your fishing pole as a tool. Like any tool, it's designed to perform a specific function.
A. Decide what kind of hook and reel you'd like your rod to perform. Fishing poles consist of various shapes and sizes, or can be used for a variety of purposes.
B. Many factors must be considered in choosing a fishing rod that will help you catch bass. Some of the basic features include : Action: the rod's primary function is to take strain off the line when you're fighting a fish.
C. Long, tense rods attract more flies and fish, while lighter, calmer rods are better for beginners since they won't draw as much flies. Against certain ideal fishing conditions, light rods can help attract bass, while heavy rods tend to draw more flies.
D. Each needle of wood will throw your line to different angles. Find the type of rod that is right for your particular needs and use it.",1,1,1,0,8.407013701427784,0.1467850429999089,0.14692360456143294,50.835012932009704,3.4791259765625
781,"Computers and Electronics: How to make a graph in excel 2010. Open your excel 2010 program.. Click on the file menu to open an existing spreadsheet or start a new spreadsheet.. Enter the data.
A.  Click the "" next? "" buttons to open the place where the first and second columns intersect.. Enter a subtopic (should appear at the top-left corner of the screen) followed by a colon and then periods.
B.  Typing in a data series requires you to organize your data. For most people, you will enter items in the first column, column a, and enter the variables for each individual item in the following columns.
C.  Enter formulas, dates, and tables from the column on the left side, and any sequence of data on the right hand side (replace columns if necessary).. Click the cell where the data you entered will take place.
D.  The formula is at the top of the column in excel 2010. When you type in each "" value "" in excel : = (] position-] range. Select the line that represents "" value in the particular range "".",1,1,1,1,16.814469599066697,0.14592403749884397,0.14712649160846403,52.077968212957785,3.3057861328125
782,"Pets and Animals: How to keep your mature cat healthy. Be sure your cat's fur is healthy and stays that way. The quality of your cat's coat will depend on her diet. As your cat gets older the quality of her digestive system becomes less efficient and the nutrients are not absorbed so easily.
A.  Get your cat started grooming herself, paying attention to her hair and body. Not only does she need to be perfumed or bathed every day with shampoo, but her environment is also important.
B. When hair coat becomes ragged and thin it's a sign that your cat is unwell and needs to see the vet. She'll be tested for hyperthyroidism which is the most common hormone abnormality in cats, and sometimes only responds to a prescription diet.
C. The main thing that causes problems is her undercoat. This is where the coat loss happens and will prevent hairballs.
D.  Senior cats should be brushed frequently and trim around the face and around the eyes to remove matted fur and promote healthy shedding. Keep your young cat dry, and if possible bathe him every day.",1,1,1,0,9.821234057884705,0.1465880855002979,0.14699603134095995,59.23776884704421,3.9590682983398438
783,"Cars & Other Vehicles: How to register autel maxidas ds708. Log onto the website www.maxidas.com.. Click on the update tool bar at the top of the screen, and then select user register. Or, click on the updates column in the lower right corner of the screen, and select register.
A.  Enter your admin id and password in the provided fields, and click the "" retake "" button right below your account information.. Log into maxidas with no credit card or debit card.
B.  Wait for the screen of register information to appear. Please read through the instructions, and click on agree to continue.
C.  Type your username and password for your broadwarding address (if available) and click on the pick button to complete registering.. Scroll through the available broadwarding addresses into the settings menu to make changes.
D.  Enter the information that you are disabling and press continue. You will be asked to provide your real name, email address and a password, at which point select the rest of your details (ex: a username and password).",1,1,1,1,15.018132349354198,0.14689105749948794,0.14732476744336537,59.075496905014006,3.8154983520507812
784,"Finance and Business: How to look for the positive. Remember that our subconscious responds to the ideas represented in subjects and verbs. That means when you think "" i'm not going to sit around all day today. "", your mind focuses on "" i sit "".
A. Instead, set goals and motivate yourself with positive statements such as "" i will go for a walk. "" or "" i can do my homework after dinner.
B.  If you are a big fat girl, then put some time aside to give your body a break. Take as much time as you need to focus on your health and your moods.
C. Because of this fact, our subconscious will not respond to the thoughts you put forth. Therefore, it's helpful not to overanalyze whether you actually think you should sit or not.
D. We can easily ignore the complexities of everyday life and focus on learning how to be positive. This is why you choose energy this way, as your mind will automatically learn to "" charge "" with that energy.",0,0,1,1,7.307450408280885,0.14677358500102855,0.14737359927459556,51.57835968901418,3.30975341796875
785,"Computers and Electronics: How to find your android phone using your pebble watch. Enter the pebble app. The pebble app acts as a hub where you can control which apps you will use with your watch. The icon is an orange pebble watch face with "" hello "" written inside a text bubble in the middle.
A. Tap it on your home screen or app drawer to open the app.. Search for phone and pebble finder.
B. You can activate the pebble watch from here. Tap on the pebble app icon from the home screen of your pebble watch.
C. Tap "" pebble "" to view the app. You can use pebble on an iphone, android, ipad, or just about any device.
D. Call pebble if there is no app on your phone that you can play with. The settings icon is the round looking icon at the bottom of the pebble.",0,1,0,0,14.37639581098623,0.14661846050148597,0.14737138153099164,55.26125639000384,3.5553131103515625
786,"Pets and Animals: How to take care of mice. Get the right aquarium size. An aquarium can be a good choice to keep mice. If you opt for an aquarium, make sure it's at least 10 gallons (about 38 liters) and has a mesh lid to prevent a mouse from escaping.
A. If you have a large tank, find a tank that's 32 gallons (about 46 liters) and has mesh lid for good ventilation. Many aquarium owners opt for aquariums that offer plenty of filtration systems in their tanks.
B. Choose a tank that is at least 10 gallons for a small amount of mice but always have at least one inch of air available for maximum ventilation. Be sure the movement of the water level into the tank is optimal before you begin to introduce your mice.
C. If you have one to three mice, a bigger aquarium is necessary. Four to five mice need at least a 15 gallon (about 58 liters) aquarium.
D. Look for sets that are located close to smaller tanks or lower tanks, as many mice don't like standing around in larger tanks. If you're keeping mice in smaller aquariums, for instance, aim for 50 gallons (about 40 liters).",2,2,1,1,5.77136817824363,0.1470312504989124,0.1473979773489637,63.08486739795626,3.914703369140625
787,"Relationships: How to deal with ungrateful people. Look at the situation from their perspective. Sometimes other people don't always see how much time and energy goes into helping them. Instead of thinking about what you've done, think about what your customers or coworkers can actually see.
A. How well they see just how much time the same people have given each other with no strings attached. The sooner you see what the people actually see, the less you can criticize their situation.
B. Are they able to see how much work you've done to help them? If people don't know what you've done to help, they can't be expected to show their appreciation. Sometimes it's part of any role that you have to put in effort without seeing immediate reward.
C. They probably have little to say about how much extra time it takes to help them even more. Don't do this if your customer really doesn't mean well and they are having a hard time measuring up (or working up the confidence needed).
D. Think about the immediate impact of the actions made on the environment, whether it's an unexpected accident or a product malfunction. Don't focus solely on food or another matter-your focus should be on the future.",1,1,1,1,6.07229503200239,0.14799223250065552,0.1472992957984585,60.54278231997523,3.9750900268554688
788,"Work World: How to handle a demotion at work. Remain calm. When you are informed of the demotion, do your best to keep your immediate emotions in check and not take the news personally. Remember, there are several possible reasons for the demotion.
A. The demotion is due to financial struggles that are not easily managed. If you are facing a financial challenges, and your portfolio is in desperate shape, it may be that you are overworking or that you have no real leverage.
B.  Your landlord made a change in policies that you do not understand. Bring a copy of the change to the apartment manager and ask to speak to the manager.
C. For example, perhaps you receive a promotion at work and are overwhelmed with new responsibilities. You are not actually responsible for the demotion, but you are the one to break the law and limit your involvement in the company's demotion proceedings.
D. An emotional display or bad attitude will only make things worse before you have had time to make good decisions.. Ask for clarification of the situation.",3,3,1,1,18.701621580808492,0.14589993249956024,0.14741852892538548,53.94910720098778,3.5991363525390625
789,"Pets and Animals: How to pick up a small adult dog. Crouch behind the dog with your legs hip width apart. To ensure your back is supported, take a stance behind the small adult dog with equal weight in both feet. Make sure your feet are hip width apart.
A. This will ensure you can lift the small dog without putting your lower back at risk. Then, crouch down until you are at the dog's level.
B.  Bring your hands together in front of you with palms facing downward. This is where your puppy will bend its front-legs and point its front paws towards the ceiling.
C.  If the dog hasn't ever grabbed you from behind before, you should be able to see it clearly. Go to the same squat you'd use in your backyard, standing sideways between the squat and the curb.
D. This should not be helpful in a crowded room, as your back should be facing the wall. Keep your back up and your chest by raising your shoulders.",0,0,1,1,5.167262181928142,0.14701537525070307,0.14744721844458075,53.66906014105189,3.527984619140625
790,"Youth: How to start a rumor. Figure out your goal. Maybe you want to humiliate someone, maybe you want to break up a relationship, or take down a government. You might even want to start a rumor about yourself to get more attention.
A. The reasons for starting a rumor are many, but in order to create the right rumor you need to have a goal in mind while you make it up. Decide if there is a more ethical way of achieving your goal.
B. Know what you want and expect people in your community to think about that idea. Sometimes your goal may be something simple ("" i'm going to punch a hole in my wall and my best friend is going to lose her hair).
C. If you really want to be part of a rumor, then finding the right sources to pressure and discourage others from spreading the rumor is a must. Once you've decided your goal, then decide why, so that the rumor sticks out more.
D. If you've spent most of your life listening to interesting media and snogging/sharing, don't be afraid to join a rumor mill. Whether or not you know the information it is good to know at the outset so you can avoid repeating the information during the nasty latter stages of a rumor.",0,0,1,1,7.220341776978938,0.1471366379992105,0.14713963780558065,59.59154131203468,3.931488037109375
791,"Food and Entertaining: How to open rar file and extract files from rar archive in one click with b1 free archiver. Download b1 free archiver for free. Versions for mac and linux are available too. Then install the archiver on your computer or laptop.
A. It's just a few clicks, no registration is required. Run b1 free archiver from the "" start "" menu.
B. Select "" extract files "" at the top and follow the onscreen instructions to install the software.. After installation, navigate to the zip file directory and locate the folder containing all of the zip files.
C.  Update your finder to type in search for cached files. In windows 7 (recommended), update your finder to type in the name of the files inside cached bin and then press enter.
D.  Replace the old archiver with the latest version. For ntfs version you need to use the same folder.",0,1,0,1,7.337477633806123,0.15036849950047326,0.1480152180231939,51.666724216003786,3.4649276733398438
792,"Computers and Electronics: How to use robinhood. Download the app. Start by going to the app store and downloading the robinhood app there.. Get an invitation.
A.  Robinhood uses an invitation system to ensure no errors occur as new customers join. When you receive an invitation, you will receive an email and a notification in the app.
B.  After downloading, type in "" robinhood (). "" if you're at home, tap on "" wanna host? "" to be invited to your house.
C.  In the red bar beside "" admittance "" at the top, tap "" invite "".. Open a window on the homepage.
D.  After downloading this app, get to know it a bit more and shop for a 3.0% membership in robinhood. Just after opening the app, click on the' invite to membership' button, which is located on the upper right corner of the app.",0,0,1,1,12.251547472886468,0.146501517499928,0.14707527680934127,41.472933022996585,3.2495040893554688
793,"Computers and Electronics: How to delete music from google play. Open the google play music app. Tap the orange headphone icon from the application screen of your android smartphone or tablet to open the application.. Go to your music library.
A.  Tap the three-dot button on the top right corner of the device's screen to view the app's menu panel. Select "" library "" from the menu panel to go to your music list.
B.  Tap the music book icon at the top left corner of the screen and choose to view all your music on the library screen. On the music book screen, tap and hold any song of your choice.
C.  Tap the magnifying glass button on the top-right corner of the app screen to open a list of the music you're looking for. You can view the most recent recordings or download records that will often be saved to a location on your phone.
D.  Locate the music file you want to delete and tap on it to open it.. Tap the "" clear background "" button next to the song to remove the background.",0,0,1,0,8.131342994688943,0.1464436697497149,0.14748385461516644,51.17273681200095,3.455535888671875
794,"Computers and Electronics: How to delete a reminder in google inbox. Consider marking the reminder as done. Google inbox places a lot of emphasis on marking items as done instead of deleting them. This removes them from your inbox but allows you to find them later in case you need it again.
A.  Click here for detailed instructions on marking reminders as done. If you are trying to delete a reminder that is attached to a message, click here.
B.  If you do manage to delete a reminder, find a friend or a distant coworker, and mark it as done. Websites like google inbox create reminders when they're not attempting to spot junk mail.
C.  Typically, it is helpful to mark the reminder as done instead of leaving it there. For example, if you'd like to take the reminder as done but you would rather it not be displayed, leave it out after you're done.
D. Leave the reminder as you please-no need to either save it or use the reminder to support your choices. If you're marking your reminders as done, you can skip this step.",0,0,1,1,7.8188033307571665,0.14606257025116065,0.14702340660045468,56.89421500897879,3.7412490844726562
795,"Health: How to treat delirium. Treat the underlying illness. There are a wide variety of medical problems that can bring on delirium. These can vary between life-threatening illnesses, such as stroke, to simple problems that can be fixed easily, such as a dehydration.
A. In particular, there are infections that cause delirium; infections generally require medical treatment, such as influenza or botulism. But try to help your loved one with these other medical issues and make an appointment with a family doctor if the actual disease is beyond his reach.
B. In many cases, once the underlying problem is treated effectively, the delirium clears up on its own. Because delirium has so many different underlying causes, one treatment plan will not work for every patient.
C. This may include to diagnose delirium, infections in the body, or a cause of the delirium. These conditions will determine what they are used for.
D. If the other medical conditions you are interested in treating not only do these conditions make symptoms, but the person can also benefit from treatments such as antidepressants. Primary care treatment for delirium is to prepare the individual for help with medications.",1,1,1,1,4.462737209470781,0.1470871174997228,0.14799042787966127,59.63652919398373,3.86199951171875
796,"Finance and Business: How to increase the bottom line for a coffee shop. Sell your customers high-priced drinks, such as espresso drinks. Profits on espresso drinks can sometimes be 5 times higher than drip-coffee drinks. Offer your customers a free cappuccino or latte to get them to switch.
A. If you buy extra coffee, offer to pay the barista $4.57 for your drink.. Consider expanding your sales staff by purchasing low-cost coffee supplies, such as reusable coffee makers.
B. Aim for a total of about 30 percent in coffee sales and 70 percent in espresso sales.. Put espresso-based drinks at the top of the menu.
C.  Offer almond-sugar-free beverages, such as hot or low-speed made teas. Some coffee shops offer this as a discount for their barista.
D.  Promote discounts, such as coffee-and-water deals or free items. Some have given you discounts on beverages, items like coffee or a toy or accessory.",1,1,1,1,8.67156140499156,0.147703612749865,0.14741670182585065,56.46174444299686,3.57940673828125
797,"Home and Garden: How to grow vegetables in the midwest. Identify your usda zone. Because of the wide range of zones and climates in the midwest, it is best to research seeds based on where you live. Plants that grow well in any part of the midwest include carrots, beets, lettuce, peas, and potatoes.
A.  Remember to consider how the climate will affect the fruits and vegetables you feed to your family. You don't want to plant seeds or vegetables in a zone with very dangerous conditions.
B. The usda, also known as "" sun zone, "" is an area map with specific regions of the midwest divided into north, south, and west regions. The diameter of the region determines how much place you can plant your vegetables.
C.  If you live in zones 2 or 3, choose hardy vegetables like asparagus, spinach, turnips, or onions. Higher zones, such as zones 5-6, can handle more tender vegetables, like cucumber or pumpkin.
D.  You can find usda and other databases online that focus on exporting plants into the midwest. Stocks and brokerages are one less useful site on the internet, because they cannot be searched correctly and require a lot of research.",2,2,1,1,7.8520211989202915,0.15058770074938366,0.14700572848672955,67.0489400789993,4.1430206298828125
798,"Home and Garden: How to avoid the health risks of vegetarian diets. Include a healthy amount of fat in your diet. While you shouldn't eat too much, fat is essential for your body to properly absorb vitamin a, vitamin d, and other fat-soluble vitamins and minerals. Without sufficient fat, you may be at risk for vitamin deficiencies.
A.  Fats shouldn't make up more than 30 percent of your diet. Eat more healthy, unsaturated fats that are found in fruit, seeds, and nuts.
B.  As an added bonus, a healthy diet means you're more likely to get most of your vitamins from protein or vegetables. Selecting a balanced diet will help you produce much more protein for your body.
C. Your dietician will give you a detailed breakdown on how much sources of fat your body needs at each meal and snack. Suitable sources of fat include lean meats, poultry, fish, dairy, tofu, and nuts.
D.  Stick to healthy options when you go to the health risks section. Especially if you are dealing with your weight loss problems, you may want to prioritize your diet in case you have a health issue.",0,0,1,1,6.2771743802337,0.14678276400172763,0.14767490476783834,64.82571463001659,3.9815597534179688
799,"Youth: How to choose an african grey parrot. Commit to caring for your bird. If you'd like to get a pet parrot, ask yourself if you're willing to care for it for a long time. If so, you'll be responsible for maintaining it, feeding it, and interacting with it for a long time.
A.  African greys are social birds who love to do their jobs. Don't buy a parrot if you don't think it will get along with your family or friends.
B.  Having an african grey parrot is certainly an experience that will teach it basic skills such as pecking commands, basic tactile skills, and a lot of other pet bird etiquette.. Select a species that seems friendly to you.
C. African grey parrots can live up to 50 years. Consider how much time you spend at work or away on vacation.
D.  If you're more comfortable taking your parrot in a quiet and safe environment, a african grey will adapt to its environment much more readily. Consider taking your parrot on occasional runs through the park or chasing down cars instead of letting it play on a leash.",2,2,1,1,4.523891318729696,0.146243679249892,0.14740148287356838,63.525407904013264,4.197113037109375
800,"Health: How to apply for long term disability benefits. Read your policy. If you have a private long-term disability policy and you've become disabled, your policy documents will explain the process for applying for benefits. Your policy specifies the disabilities that are covered by your policy as well as how to file a claim.
A. There typically aren't any statutory deadlines on length and type of disability. For example, you may need to apply for an "" assistance "" disability if you're struggling to live on your own, or if you live in severe financial difficulties.
B. For example, if the community shelter you live in is able to provide disability assistance to blind and visually impaired individuals, you might want to look into switching to this policy. Since nondisabled people typically receive disability benefits in their homes, people with advanced disabilities may have access to disability coverage.
C. Make sure you are already seeing a doctor before you apply for benefits, since the insurance company will want proof of your disability and will need to review your medical records and discuss your impairment with your doctor. Look for the plan's definition of disability.
D. You may be entitled to educate yourself about the information that applies to you, before filing your claim. You also may be permitted to include your name, address, telephone number, or employer identification number.",2,2,1,1,5.929184024358114,0.14903850624978077,0.1478280206917327,65.34482708797805,4.1681060791015625
801,"Food and Entertaining: How to substitute for mustard seed. Use prepared horseradish to add spice. Prepared horseradish is made by combining ground horseradish with vinegar, and sometimes other spices, to form a sauce. You can get it from your local supermarket.
A. The consistency of this sauce can be thickened to your taste. For even better flavor use wheatgrass, which is more spicy but still better when seasoned.
B.  Cook the horseradish for 30 minutes. Place the pan on the stove and turn it on to high.
C.  Pinch off a clove of garlic. Whole cloves of garlic are raw and most may be kind of bitter.
D. In place of mustard seed, use the same amount of prepared horseradish to add spice and complexity to your recipe.. Add mayonnaise to achieve the same consistency.",3,3,1,0,7.071441792060283,0.14588802700109227,0.1471190686167577,51.63386891801929,3.39935302734375
802,"Pets and Animals: How to protect your cat in summer. Keep your cat's water dish full. It is important that your cat stays hydrated during the hot summer months. Change its water every day and make sure that it has access to that water at all times.
A.  Take the bowl that your cat will use to drink out of the water dish daily and replace the entire water bowl every two or three days.. Protect from the sun and prevent your cat from getting too wet.
B. Take your cat out in your yard and carefully change the water from the top down every time, either through your kitchen sink or the bottom of your cat's tank. For indoor cats, check the water bowl or scoop before you pour it into the water dish.
C.  Do not keep all your cat's water at once as it may mean that your cat will lose more water than it needs while hydrating.. Monitor your cat's water intake.
D.  If your cat is spending a lot of time outside, you should put a fresh bowl of water outside for it, as well as a bowl inside. A cat spending the day outside needs a guaranteed source of water in order to stay hydrated.",3,3,1,1,7.153463046542421,0.14883470400036458,0.14775790564342062,57.77764830000524,3.671356201171875
803,"Youth: How to win your ex boyfriend back (for teen girls ). Try to think of reasons why you broke up. Maybe you're too clingy? Maybe you're demanding? You should have a talk with him and discuss these problems. If you did something bad, just, it will help the friendship.
A. Also, try to think of reasons why you want him back. Also, if you're the one who broke up with him and you want him back, think of why you broke up with him in the first place and try to fix that.
B. If he says no then you've broken up because you're afraid to stand up for yourself. If your significant other says yes then you definitely screwed up and you are in trouble.
C.  Just make sure you can think of some good reasons why you broke up with him. Maybe he got out of a bad habit that's causing fighting and or didn't take you back quickly enough.
D. Good reasons for breaking up, however, include : You're in high school? You've held off on your boyfriend for a very long time, if he's still hanging around you. You think he's going to change his mind about you.",0,0,1,1,3.4167191617804265,0.14628796675060585,0.14768327481988525,62.90749384099399,3.9216766357421875
804,"Home and Garden: How to collect rain water. Collect run-off water in rain barrels, or even large polyethylene, wood or fiberglass tanks. Rain barrels are containers that can be bought at your local hardware or home improvement store, or you can make one yourself. Rain barrels are made from plastic and are positioned below down spouts to collect water that runs off of the roof.
A.  Collect rainwater from local walks and grassy areas. Rain barrels are more attractive to rescuers in yards than in areas where the house and garden frequently congregate.
B. They are open to the outside or from under the long hanging structure behind you, such as a shed or planter. The moisture underneath the barrels provides energy and much of the water is collected in them through rainwater.
C. They have a spout at the bottom to release water. You can connect a garden hose to the valve and use the water in other areas of your yard.
D. They are usually loaded with rainwater at the top for waterviewing.. Collect rainwater collected during rainy seasons.",2,2,1,1,4.574995825628198,0.1471708317494631,0.14785952135104138,64.61185607199877,4.143440246582031
805,"Health: How to adapt daily tasks when you have hemiplegia. Learn to fasten buttons. This can be a hard task to do but with patience and practice, you'll get there! Try using an aide to help you. Try threading string through the button and pulling it through the button loop in the item of clothing.
A. Draw your thumb out and then look at the button, you'll notice that it has disappeared. You can then pick up the button and use it to adjust the task.
B. Once you've mastered this, try letting your aide hold the button. Then you can go back on and on-may give you occasion to incorporate additional methods into your daily tasks.
C.  Know how to put on a bra. Putting on a bra with hooks can be challenging with hemiplegia, but this can be avoided by just avoiding that kind of bra.
D. Place this button that is placed between your upper right and lower left hand hand hand hand. Tie it in a knot, making sure that it doesn't come loose.",2,2,1,1,11.74184964390977,0.14791986150157754,0.14767496495291071,60.25236528698224,3.7016067504882812
806,"Health: How to give your baby probiotics. Consult a pediatrician. Before picking probiotics and giving them to your baby, you should consult a pediatrician. This is important, as every child has a unique medical background that only medical professionals are equipped to assess.
A. A doctor can assess your baby's needs and provide an extra dose of probiotics. Your pediatrician can help to start by explaining your baby's nutritional needs and the side effects of probiotics.
B. A pediatrician will have knowledge about the various food and drug allergies your baby may have as well as a better understanding of the hormones in their diet and mood. They can help you ensure that your child has even the smallest meal and is consuming enough nutrients.
C.  Your pediatrician may advise you not to give probiotics to a child who is seriously ill or has a compromised immune system. You will learn that babies as young as a few days old may benefit from probiotics.
D. Besides, even a pediatrician won't know what a baby's history actually is and how healthy it is. Consider signing up for a doctor's check up, which allows a pediatrician to test for diseases as well as interview your child.",2,2,1,1,5.659601441231135,0.14658092649915488,0.14721836146956666,58.59035812500588,3.6918792724609375
807,"Cars & Other Vehicles: How to buy police impounded cars. Look for auctions held in less popular or crowded areas. Like any auction, the more crowded it is, the more competition you may have. A big crowd could drive the bidding prices up or cause you to lose out on a bid for a vehicle.
A. Look for auctions that are situated in less populated areas or tend to fly under the radar. You can search for police auctions in certain areas online.
B.  Ask customers to pick up their license and registration when they leave. Some dealers won't leave their car's vin with you, so it doesn't hurt to check up on the car yourself first.
C. In some places, other auctions can have no limit to how much you can bid up, but the chances are much higher. Some trailers are worth huge amounts of money when still only postponed by auction price, but a bunch of smaller trailers sold at some flea markets are worth even more.
D. Here are some other places that may strike a high bid for cars : Coal mills/market stores like macy's craft stores like target shop giant etsy food and drug stores with a resale section. Big dog stores like american eagle retailers like costco/bulk goods online.",0,0,1,1,7.612118901501713,0.1465077017501244,0.14743597549180254,63.83606429298379,4.160377502441406
808,"Youth: How to get your crush's number. Approach him in person. This technique works better if you are face to face with your crush. This tactic requires you to trick your crush into calling or texting you to find out some sort of information.
A. The key is to express interest in an activity but tell him you are in a rush. Start small and say, "" hey james "".
B. Talk to him over the phone or email first, if he gets the hint. Using text messages is too impersonal, and you will have to talk over the phone in person.
C. They are more likely to approach you if you meet them in person.. Talk to him in a casual setting.
D. Get straight to the point and see if you find out something is amiss. Try getting a big heart with a big smile and saying, "" hey, jan, its john, i'm just looking for your number.",0,2,0,0,31.653878621341356,0.1477933239993945,0.14744767884484863,49.10145963595278,3.425567626953125
809,"Health: How to fight cervical spinal stenosis. Understand the condition. Cervical spinal stenosis is the narrowing of the spinal canal in the neck. The spinal canal is the open area in the central part of the bones (vertebrae) that make up the spinal column.
A. The central part is where the bones connect to the spine or the spinal column that the spine attaches to. The spine is also the separating point for the vertebrae.
B. It's usually located about the same spot as pituitary sphincter vessels. The narrowing of the spine can be severe or even fatal and requires immediate medical treatment.
C. This area is difficult to see and is difficult to camouflage by keeping eyeglasses on during the day. Sometimes when faced with these conditions, blood is drawn and pulled from the neck to create a block in the spine that forces blood to travel to the spinal canal.
D. The spinal cord is a collection of nerves that runs through the spinal canal from the base of the brain to the lower back. These nerves allow us to feel, to move, and to control the bowel and bladder and other body functions.",3,3,1,1,3.141694025948268,0.15130627625057969,0.14702053572988005,59.413439396954345,3.8794326782226562
810,"Food and Entertaining: How to make sticky rice using regular rice. Do not rinse the rice before you cook it. Most people rinse rice for sanitary purposes, and to get rid of the starch dust. Starch is what causes rice to become sticky and clump together.
A. Soaking 2-3 tablespoons of powdered rice (whole grain flour) in water before steaming 3 times should create a paste. Using the right amount of water lessens the amount of starch.
B. If you do not rinse it, you will waste the texture.. Wash the rice, and rinse under running water until completely rinsed.
C. If you cannot bear to eat rice without washing it, then rinse it once or twice-but don't rinse so much that the water runs clear. You still want some of that starch left.
D. Do not use the water from the sink to rinse the rice if you have not cooked it beforehand. This is called "" staining "" and should only be done with a small amount of water; water that is overly saturated will dry out the rice quickly and also change its flavour.",2,2,1,1,6.735817792551374,0.1460763750010301,0.14671885938846893,56.484190927010786,3.8955917358398438
811,"Home and Garden: How to make a curtain of colored strips for your doorframe. Choose the one or two (you can have more if you'd like) colors of colored or tissue paper you are going to use. If using more than one color, choose the pattern and/or arrangement as well.. Cut the tissue or colored paper into inch-thick strips, or whatever seems appropriate for your doorframe.
A.  Use a pair of scissors if you need to, to help you mark up as you normally would.. Attach the alternating stripes in opposite directions.
B.  Tape them to the posts between your door and wall. Be sure to tape off the edges of the strips.
C.  Adhere the strips to the frame with tape.. Label on the poster/frame to always record the glue/string/ribbon pictures within each frame.
D.  It is important the strips come out even to give it the appearance of being well done.. If the strips are too short, neatly tape them together until reaching the desired length.",3,3,1,0,17.34308723399463,0.14566210900102305,0.1468351325994373,64.7496013819582,4.0970916748046875
812,"Health: How to write your own personal birth plan. Speak with someone who has experience with writing a birth plan. If you cannot personally find anyone who has written a birth plan, you can rely on anonymous sources such as pregnancy books or pregnancy websites to assist you.. Speak with your health care provider about your desire to create your own birth plan.
A.  Once you understand why you want to create your own birth plan, talk to your health provider about whether you would be interested in creating one yourself.. Set up a meeting with your healthcare providers.
B.  You should probably write the words down so that you can refer to them later. When writing a birth plan, be sure to include your name, number, and location.
C.  If he is not familiar with birth plans, he may be able to help you locate additional sources of information.. Ask friends, family members and neighbors if they are familiar with birth plans.
D.  They may be able to provide advice on how you can create an alternative birth plan.. Check out the procedure section of the birth plan website.",2,2,1,1,5.9546505001664745,0.1481814939998003,0.1464468896949397,61.07529142000931,3.798675537109375
813,"Pets and Animals: How to stretch a horse. Prepare your horse. Move to an open area where your horse has a free range of movement. Grab a small treat that your horse will be interested in; carrots work particularly well for this stretch because of their length.
A. Let your horse run free without outside encouragement while you begin your stretches. You'll want to avoid pushing your horse too hard.
B. Large, soft treats such as hay or soft cloth will also work. You don't want to overdo it with the treats because your horse will be startled by them.
C.  If your horse is more expensive, buy a halter from a horse store instead.. Arrange some gauze to cover the horse's body.
D.  Stand just behind your horse's front legs. The following stretches should be done on both sides of your horse, and from a position parallel to or just behind their front legs.",3,3,1,0,11.687313564132168,0.14582419899943488,0.14636056380775198,49.32136454397914,3.2224273681640625
814,"Relationships: How to deal with friends with different political views. Practice "" hungry listening. "" a good friend has sincere interest in finding out as much as she can about her friends' point of view. If you're really sincere about staying involved in this friendship, stay interested in your friends' daily life and experiences.
A. Everyone has an opinion and you can learn to respect theirs. As a rule, try to never wait for someone to bring up valid opinions.
B. By the time they've made a major statement, the friendship should be relatively harmless and your understanding of everything will set the tone for the rest of the friendship. The goal here isn't to listen to your friends talk about new projects.
C.  Actively listen to your friend talk about politics and sometimes summarize what has been said in the conversation. Sometimes talking about politics can be difficult because you are playing the role of conversation-partner.
D. Let your questions reflect this deep interest, and don't get caught up discussions of political likes and dislikes. Explore your friends' perspective by asking open-ended questions.",3,3,1,0,17.135151387109048,0.14594241899976623,0.1467438935427498,58.987839306013484,3.9011917114257812
815,"Education and Communications: How to burn myrrh. Acquire a censer. This is a container that you can use to burn incense. Censers come in wide variety of shapes, sizes and styles.
A. They can be made of metals, like brass or steel, or other non-flammable materials like ceramic. The material and style you choose is personal preference, and won't affect the censer's performance.
B. One such object that holds the incense is called a candle. You'll need an appropriate container for the size of the incense you are trying to burn.
C. They are usually made of ceramic and glass. If you are a light beginner, find one with a cross on the back or circular symbol printed on it.
D. Whether you are in a mosque, a temple, a haunt or a place of worship, you should start small and build a collection of myrrh candles and incense in the evening to help you prepare for night time ceremonies and during gatherings. Once you have a collection of myrrh candles in your home, you can start forming your own label.",0,0,1,0,7.348734122666038,0.14716374124873255,0.14596726424783535,51.2392956589938,3.9786376953125
816,"Health: How to fly in a lucid dream. Before you try to fly, make sure your lucidity is clear. Try repeating affirmations out loud, such as "" this is a dream, "" and "" i am lucid, "" if your mind is hazy and murky it will be harder to control the dream.. Now, find a good spot to fly.
A.  If possible, sit in the lotus position.. Take the white thread between your thumb and index finger.
B.  Be sure that there is no trees, or close to any large or open openings, so that the sun is shining brightly against the ground.. If a friend is flying you, go find the stars.
C.  It should be free of obstacles and dangerous objects. Although you can fly from anywhere, it may be easier to find something to jump off of or to launch yourself.
D.  Usually, it is a secluded or empty area that you can fly through without moving a foot. A large closet or large bush will work well, as there is so much chance of you being attacked.",2,2,1,0,11.703216939099647,0.14537244150051265,0.14631700349546764,64.083069283035,4.057548522949219
817,"Education and Communications: How to write a personal recount. Follow the instructions. When writing a personal recount for an assignment, read the instructions several times until you know all of the requirements you need to meet. The first thing you need to understand is the writing prompt itself.
A. These instructions can include sections on presenting the report, paragraphs on your personal response, and critiques of your essay. Avoid leaving off one section of the assignment.
B. If your teacher asks you to write about a favorite holiday memory, your recount needs to describe something that happened during a holiday. It should not describe a favorite memory that happened in school, after class on a normal school day, or during a normal weekend.
C. It should ask you for specific rules (goological terminology) to govern your writing, as well as what ways to respond to this information. You may need to write the summary, action, and conclusion portions without further instruction.
D. This prompt helps set the tone for the work and keeps everything level-headed and consistent throughout the writing process. It can be one of several types of detailed and specific advice you can take, but research each type for your future reference and a few ideas for how to pass it on.",1,1,1,1,6.916457497279467,0.14587326150012814,0.1465842052759445,58.48425412999859,3.8513336181640625
818,"Finance and Business: How to buy rechargeable batteries. Find rechargeable batteries that are compatible to the device you have. The type of batteries discussed here will be either aa size or those that fall under the category of lithium-ion. Familiar sizes, such as aa, aaa, c and d can be found at almost any store imaginable.
A. Larger battery stores will sometimes have verification stickers that correspond to specific batteries. Denatured legumes and other metals could be purchased at you local electronic store.
B. If there are some necessary sizes, such as a small or medium battery, you can either purchase a pair of new batteries or buy or buy ones that fit your device.. Know which rechargeable batteries are the highest quality and appropriate for your device.
C. New batteries should only be installed within a year of purchase. Newer batteries should only be fully tested if they appear to be compatible with the device you have purchased.
D. Concerning cost, rechargeable batteries are a wonderful investment. Rechargeable aa or aaa batteries are known as nickel metal hydride (nimh).",3,3,1,1,7.371866103255209,0.14690152650018717,0.14662087294670784,60.99540576004438,4.05712890625
819,"Food and Entertaining: How to have fun all the time. Look at flyers posted around school. Joining clubs is an amazing way to have fun, and meet your new best friend. They don't have to be boring.
A. Take advantage of the occasion, and let your new group of friends know about it whenever you aren't at school. If your school doesn't have a flyer and newspaper, look at the bulletin boards of all your local clubs and clubs to stay up to date.
B. If you like math, go for it! Acting? Go for it! Cooking food? Go for it!. Attend as many of these events as you desire, bring lots of friends and encourage people to come along. Even better, host parties to your liking.
C. Plenty of people have similar interests, such as computers and music. If that sounds too boring, they're probably not interested.
D. You can both sign up for clubs at any time, and you and your new partner can get to know each other a lot more. Early on in the club experience, get familiar about campus and the shopping plaza, which are both good places to make new friends.",1,2,0,0,16.305938643333388,0.14569024900083605,0.1459568586229341,54.002971251997224,3.5881423950195312
820,"Home and Garden: How to prune a mulberry tree. Disinfect your clippers before trimming. To make sure that your mulberry tree stays healthy and disease free, be sure to clean your clippers before using them. You can do this with a household disinfectant product, such as lysol or bleach.
A. You do not need to disinfect your clippers before trimming them. Put the disinfectant into a spray bottle and spray it onto the tree, concentrating on the exposed trunk.
B.  Brush off excess soap or water from the clippers before using them. After you clean your clippers, write down the date on the clippers to keep them up to date.
C. Put clean clippers back in their sockets and when you are ready to prune. It's worth a shot to clean your clippers at least twice every three to four weeks to ensure that the tree stays healthy and disease free.
D. You can also rub isopropyl alcohol on the clippers to disinfect them. Cleaning your clippers is especially important if you have more than one mulberry tree.",3,3,1,1,3.303361079864206,0.14586812625020684,0.14639810083612523,60.460295746976044,3.9055862426757812
821,"Education and Communications: How to begin a short story. Try to write the basic story in one sitting. One method is to sit down and start with your basic story, writing down the details of the story in one sitting. This could be the crazy, amusing story you might tell a friend but are not sure how to translate into short story material.
A. Or try the writers bedroom watch method, where you would turn off all your lights and get everyone to sit in a quiet, dark room. Get the room quiet and everyone will be awake and fully engaged.
B. You may focus on the main story as a whole or subtitle it into a novel.. Identify areas where you can follow along.
C. Getting down the raw data, or details of your story, can then allow you to shape it into a crafted piece later. Focus on simply telling the story and getting it down on the page.
D.  There are approximately four main ways that you can begin a short story. It can be the introduction, the present tense, the conclusion, the end result, or whatever your writing is about.",2,2,1,1,11.263569202175614,0.14628174100016622,0.14613269843324642,61.96086030596416,3.8476943969726562
822,"Computers and Electronics: How to be comfortable around that special someone. Remind yourself that your special someone is probably nervous, too. Everyone feels nervous when they are around a crush, and that is okay! It is actually very common. Some people become skilled at acting confident, but inside, they are really nervous.
A. Even if your crush is acting very cool and confident, he/she very well may be just as nervous about spending time with you as you are.. Consider that your crush finds your nervousness endearing.
B. Practice making eye contact, smiling, and even just thinking to yourself "" i am positive "" and "" i believe in myself "" are traits you are likely to have a lot of self-confidence about. You don't have to be huge self-confidence to feel safe around this person.
C. You might tell yourself, "" that person shouldn't be able to tell any difference. "" if you feel yourself getting frustrated, check to see if you can fake courage and appear calm throughout the day.
D. They make a conscious effort to remember to take deep breaths, and ask questions when they are not nervous. However, avoid making these situations worse by imagining how you'd treat your crush if he hadn't offered you the attention.",0,0,1,1,7.429749185112818,0.1454229667506297,0.14647042219153253,64.0033846759361,4.142356872558594
823,"Computers and Electronics: How to breed a deedge in my singing monsters. Verify you're at level nine or higher in my singing monsters. The deedge can only be bred when you've reached level nine. Your current level status is displayed at the top left corner of the my singing monsters home screen.
A.  You can only breed certain kinds of monsters in my singing monsters home screen. For example, you can breed evangelists, dramen, myriad dagon, muskers, solar demons, galordians, and perpers.
B.  If you can't beat this challenge, skip this step.. Open the records menu, and select "" music/albums "".
C.  To start advancing toward level nine, tap on "" goals "" and complete the list of required goals, such as feeding your monsters or buying breeding structures for islands.. Verify that a breeding structure exists on cold island or shugabush island.
D.  Your current level status will be displayed on the second to fourth row in fiction mode. Note that you cannot breed a deedge in fiction mode unless you have completed the required level calculations in fiction mode and saved it.",2,3,0,0,38.02822236317859,0.14672775375129277,0.1465732434534331,60.38879434400587,3.92462158203125
824,"Finance and Business: How to write a guardianship letter. Check if your state allows guardianship letters. Not all states recognize guardianship letters. Instead, they require that even temporary custody issues be handled through the courts.
A. Read your state's laws to find out if guardianship letters are allowed under your state's laws. Guardianship letters usually are mailed with local court documents.
B. In almost every states, families must have a guardian or other legal representative, who is usually a first-or third-party authority. When you apply for guardianship letters, your guardian or legal representative will usually restrict the guardianship letter's use, usually no longer than a couple of years.
C. The state of maine, for example, requires parents to file papers with a court in order to seek a temporary guardianship. Some states limit informal arrangements, such as those made by letter, to a six month period in order to be effective.
D. When you contact your state's court, ask the clerk whether guardianship letters are allowed in most states. If your state does not allow guardianship letters, then consult your state's court for more information.",2,3,0,0,9.794111792477391,0.14586290150054992,0.14654766200849936,52.02168097098547,3.5742568969726562
825,"Home and Garden: How to harvest and prepare common milkweed shoots. Search for milkweed populations in your area. The common milkweed usually grows in full sun, in waste places, fields, or hedgerows. Poke milkweed is also considered an acceptable edible milkweed.
A.  If possible, harvest in the south or southern region. For example, sunflowers grow best in the southern midwest, while daisies flourish in eastern areas.
B. Place the plant on a garden stake outside using a pencil, a spade, or a garden fork. Spear it with a stake into the ground just before you get to the field.
C.  Never take plants that grow near areas where pesticides are used heavily (for example, farms), urban areas, polluted water sources, or closer than 150 feet (45.7 m) from roads. These plants may have absorbed toxins from their environment that could make you sick.
D.  If you live in an area with lots of milkweed, tie them to fencing material, posts, or other items, or give them to kids in your community to help preserve the plants.. Harvest two to three new milkweed shoots every two weeks.",2,2,1,0,13.613502878499421,0.14565476150073664,0.14640551346992972,58.852013407034974,3.9704132080078125
826,"Education and Communications: How to prove the earth is round. Stick 2 toothpicks into the side of an orange. Place the toothpicks about 1 inch (2.5 cm) away from each other. In this experiment, the orange will represent the earth, and the toothpicks will represent objects located in 2 different countries on earth.
A.  Put the toothpicks farther apart than you need them to be. Point the toothpicks at a distant object, such as a tree branch, or a person in the wilderness.
B.  Turn off all the lights and shine a flashlight on the toothpicks. The flashlight will represent the sun in this experiment.
C.  If you find that one toothstick breaks during the experiment, then the orange is the sun. If you find that one toothstick breaks during the experiment, then it is a moon.
D.  Measure 2 "" x 1 "" in front of you and place the pointed end of a 4-inch (10-cm) stick between the two toothpicks. To do this, place the flat end of the stick between 2 toothpicks.",1,1,1,1,4.859390147449926,0.14596262149916583,0.14653828951124342,65.64685102898875,4.38507080078125
827,"Pets and Animals: How to pick riding lessons. Set your budget. It is easy to get carried away in the world of riding. But it's important that you know how much you can handle, and afford.
A. For example, before starting lessons, before asking your teacher for start-up money, you'll want to talk through your budget. Have a rough idea of how much money you can manage to cover riding costs.
B. You can negotiate prices far more easily by knowing your budget. Try to find a beginner trainer and find out how many hours they can give you: ideally about $20.
C. Making a limit to how much money you spend is always helpful. Then when your ready to pick, you can narrow down the choices so it won't be as difficult.
D. There are few things in life that are prohibitively expensive or cost over the course of one year, you should pay. Common types of paying are homeschooling, riding lessons, tutoring, and cat court.",2,2,1,1,12.622672408122291,0.14589153649831132,0.14613646099993194,47.054960743971606,3.0868453979492188
828,"Health: How to remove your name from the organ donation registry. Conduct an online search. The simplest way to remove your name from the organ donor registry is to do so through your state's department of motor vehicles. In many states, you can complete at least a portion of this process online.
A. Your state's department of motor vehicles is the bureau of motor vehicles: https: // dmvc.gov/site/default.htm. For the state department of motor vehicles, start by entering the license number of each organ donor you wish to remove.
B. You will need to go to a department of motor vehicles website, which will provide both an internet search and a direct link directly to the registry. You will also be able to search for your name using the registry's search engine.
C. While it can take a while, most states give you the option of not having your name. In other states, such as pennsylvania, there isn't much you can do other than defraud the donor by removing your name from their registry.
D.  Do an internet search containing the words "" remove my name from organ donor registry "" along with the name of your state. In many states, you will be able to submit a form online that removes you from the registry.",3,3,1,1,5.147238312673389,0.14562548124922614,0.1464913792768733,61.962389842006814,3.8142471313476562
829,"Education and Communications: How to cite an encyclopedia in apa. Use the last name of the author and the year of publication for parenthetical citations. Apa in-text citations are parenthetical. This means that a citation should be included in parentheses at the end of a sentence or paragraph that contains information from your encyclopedia article.
A. Do this by including the last name of the entry author and year of publication. The citation should always be added before the period at the end of the sentence like this: (surname year).
B. Therefore, a citation in quotation marks is required. Fill out the "" ababelsewhere "" style, which requires parenthetical citations to be typed horizontally.
C.  The year of publication details how important the content or information is to you and the authors to whom you are citing the article. If you want to alphabetize or otherwise indicate which article to cite, try "" ed.
D.  For example, write "" article 13 "" in table of cover text section 15b as parenthetical citation.. Use the title and publication date in parentheses, otherwise known as publication date.",0,0,1,1,6.598864919829005,0.14601290650080045,0.1468420772414436,61.37667160396086,3.85406494140625
830,"Cars & Other Vehicles: How to get racing sponsors. Understand the sponsorship process first. The best way to learn about racing sponsorship is to read as much as you can about the subject. Once you understand how the sponsorship process works, you can set out to getting racing sponsors on your own.
A.  Figure out what you can offer to a potential sponsor. Things such as logos on uniforms and equipment are the most common and basic things of value offered in sponsorship packages but sponsors are more demanding than ever.
B. This is important especially if you want a few smaller, more manageable companies for your next racing sponsors. If you know of a particular country, you should read the sponsorship handbook and be informed about the country.
C.  Find out what the sponsorship process, if any, rates for competing. Professional sponsorships, especially for talent teams and clients, include a minimum of $4.49 , 000, depending on whether you are competing in a teams capacity.
D.  For example, you might read something like "" racing sponsorship program , 2013. What is the ccd to the first person on my team? "" finding out how to get off track or find funding is another way to get sponsors.",0,0,1,1,18.212678487145933,0.14557987400075945,0.14636006706374852,60.297226858012436,3.798919677734375
831,"Pets and Animals: How to get your dog to pee on command. Choose a trigger word or phrase to use. When teaching a dog a command you need to come up with a verbal trigger. This should be a word or sound that indicates to the dog what you would like it to do.
A. You can use a word or phrase like "" if "" or "" stay "" to get the dog to follow something. However, keep in mind that more effective signals are visual than sound.
B. For going to the bathroom, you can use a phrase like "" go pee, "" "" go potty, "" "" do your business, "" or anything else that you can count on using reliably. You could also just make up a specific sound that the dog will associate with going to the bathroom.
C. Something can go into the trigger word or phrase such as "" sit "" or "" say "". This will force your dog to position itself closer to the trigger word, like though it came in the action of requiring food.
D. You can build or teach your dog these verbal triggers for multiple times a day to encourage him to start on command. You can use a wire brush or a feather to reinforce what you are telling your dog.",1,1,1,1,5.22593621344836,0.14647470524960227,0.14634620611384,61.02688194601433,4.134468078613281
832,"Finance and Business: How to buy affordable health insurance. Check with your employer. Most employers offer group health insurance plans. If you are employed, and your company provides such an option, this is almost always the most affordable deal you can take.
A. Additionally, if your company does not offer affordable health insurance, they may not provide that coverage. If you cannot find affordable health insurance plans, you should definitely consider consulting a lawyer or a financial advisor.
B. A plan will cover basic health care for all employees and provide daily or monthly, non-annual, low-interest health insurance. Pay particular attention to your employers' health insurance policy refund policies.
C. Depending on the employer, you may or may not be offered a package that can extend to your spouse and children. If you are offered family health insurance, again, it is almost always the best deal.
D. Try to find out if your employer offers group health insurance plans. Take a look at your company's policy to see if it covers group health insurance plans.",2,3,0,0,5.924163951170683,0.1483650440004567,0.14701485889764887,50.87254191899774,3.2531280517578125
833,"Health: How to treat hammertoes. Wear comfortable shoes. If you're suffering from hammertoe, adjust your footwear right away. Wearing ill-fitting shoes can prolong the issue and possibly make your hammertoe worse.
A. Avoid wearing shoes that are too tight around your toes, such as sandals, sneakers, or cattlemen boots. If the climate drastically changes and you start to get hammertoe pain, then purchase a pair of sneakers or flip-flops to remedy this condition in the meantime.
B.  Choose a shoe that fits you properly. Do not wear shoes that are too big when you're suffering from hammertoe.
C.  If you have hammertoe on your feet, wear ones that bend at the toe to help support your foot in the event that it comes loose. Avoid very heavy-soled shoes-shoes can pull blood from the toe to injure it worse.
D. Wearing shoes that are too tight or too loose will make your hammertoe more likely to spread and contract. Choose shoes that are loose enough and for how long.",1,3,0,1,9.506039587717867,0.14623641174966906,0.14672357438465616,52.08492025601299,4.129005432128906
834,"Education and Communications: How to develop a friendly tone of voice. Breathe from your diaphragm to control your voice. Making your tone of voice friendlier requires you to be aware of how fast you talk and how high and low your voice gets. Use strong breaths from your abdomen for better control.
A.  To vary the focus on your voice, your diaphragm should be placed directly below the point of exhalation. Say "" inhale "", "" exhale "", and then "" breathe "".
B.  This technique is also called dog breathing. During this breathing, make sure to breathe from your diaphragm, not the back of your throat where your vocal chords are.
C.  To check if you're breathing from your diaphragm (the muscle that sits right below your lungs), watch yourself in the mirror while you breathe in. If your shoulders and chest rise, you're taking shallow breaths without using your diaphragm.
D.  If you need to slow down the pace of your speaking, suck your breath in, narrowing your throat so that it's at a 90 degree angle against your ribcage. Gently inhale and release air through your nostrils so that it's drawn down between them.",2,2,1,1,4.6861583900169395,0.1455766417493578,0.146693286085843,63.80711286999576,4.168006896972656
835,"Home and Garden: How to keep soil moist. Mix organic compost into your soil. Compost will also improve soil drainage and water retention, as well as improve the overall nutrient composition of the soil. Spread handfuls of the material over the surface of the soil, then use a till or a pitchfork and mix the compost with your existing soil.
A. Fill the newly-dug area with smooth, organic soil and, once the soil has risen to the surface, spread the compost using a hoe or tiller. Water the area thoroughly and provide plenty of mulch, a rich mixture of materials, if necessary.
B.  For extra moisture, sprinkle a thin layer of scrap manure on top of the top of the organic materials. Using a tiller or shovel will make cleanup much easier.
C. As such, the organic content of the compost should be active and working by the same ratio. Baby compost and garden compost are both excellent organic compost options.
D. Organic compost is most useful in yards or garden beds, rather than potted plants. Conventional organic compost will have a ph level of around 7 and contains nutrients that will strengthen your soil.",3,3,1,1,14.679229441226127,0.14772424174952903,0.14703308037632862,64.25622076994841,4.204551696777344
836,"Education and Communications: How to study atomic structure. Learn about the properties of an electron. An electron is a negatively charged particle. It is the smallest of the main three particles that comprise an atom.
A.  Ion: electrons are the electrons that structure (computing electrons). Their space, power, and electrical energy are an electron.
B. Electrons orbit the nucleus of an atom which is made up of both protons and neutrons. The electrons are arranged in orbital shells in special configurations around the nucleus.
C. An atoms that a atom is in charge of two electrons are the hypotenuse (electrons will produce one atom), an electron that is important for developing and implementing an atom. An electron is known as an atom separated into electrons such as radiometers or magnetision (phthalates).
D. Observe your chalkings from tiny crevices for example: the efficacy of an atom believes oxygen to transform a mass of earth into a molecule (or particles that are composed of contions). The desire of a person to "" eat "" a basic, stable atom will manifest itself as a vacuum from space molecules.",1,1,1,1,4.893609463328506,0.1476621192496168,0.14710121214540414,50.16375696999967,3.6253280639648438
837,"Computers and Electronics: How to cite a website in chicago style. Choose good, reputable websites to use as sources. Be careful when you look at websites for research purposes, as you want to always use a reputable site that is not spammy or full of ads. Sites that have an "". Edu "" or "". Gov "" domain name are usually reputable and useful sources.
A.  Format the paper and structure it appropriately. Choose a style that complements the content of the work.
B. You may also want to cite news websites if you are writing on a trending or current topic.. Begin with the author's last name, followed by a comma, then the author's first name, and a period.
C. Articles, chapters of books, reviews, etc. Are often good sources of literature as well.
D. Review any links that seem to be incorrect. Avoid websites that have ambiguous or very academic content.",1,1,1,0,4.997211226319217,0.14635186175019044,0.14650470049487865,58.308259441982955,4.0872039794921875
838,"Finance and Business: How to seek arbitration. Propose arbitration. Arbitration will allow you to resolve your dispute without going into court. In order to arbitrate the dispute, both parties must agree to the arbitration.
A.  The arbitrator will insert a blank envelope with blank paper and write "" mediator hereby adhere to every arbitration principle and rule "" beneath it. The deadline for arbitration is two years after the date you and the other side file your lease, but that deadline may not be even longer after the date of the landlord's notice.
B. You can agree to arbitration in a couple of ways : Waive your right to bring a lawsuit in court. Often, when you sign a contract, there is a provision stating that all disputes will be handled in arbitration.
C. However, a written agreement must be signed before you can attempt arbitration. To propose arbitration, contact the secretary of state.
D. The arbitration agreement you enter into must be approved by the court. In order to begin arbitration, you and the other party must agree on the following: alj/sr, mutual consent that both parties agree on everything.",1,1,1,0,5.573089905838507,0.14574122650083154,0.14612471090989604,50.84986545900756,3.7389755249023438
839,"Pets and Animals: How to know when your dog is sick. Watch for excessive drooling or bad breath. Excessive drooling or bad breath can be signs that your dog might need some teeth extracted. In order to prevent many dental problems, try to train your dog so that he allows you to brush his teeth.
A. Look for the following symptoms in your dog that might indicate a dental problem : Watch to see if your dog is eating less. Notice if your dog is sensitive to you touching his muzzle.
B. A dog with minimal gum tissue which contains all of the enamel necessary to promote healthy dental health, or shed gum to help prevent bad breath. Make sure that your dog is regularly eating and drinking water.
C. If you start to feel the effects of your dog's saliva or bad breath, it might be a sign of infection. If you notice any signs of illness during your dog's regular brushing, call your vet right away.
D. You can also check your dog's gums, allowing you to see which teeth you want to trim. You might even teach your dog to wear a sit-down collar if he turns his head, lip or muzzle up when you touch his teeth.",0,0,1,1,8.229748106604298,0.14538575950064114,0.14605802622322817,62.07197207798163,3.8810043334960938
840,"Sports and Fitness: How to bow hunt. Start with a compound bow. This type of bow is much easier to use than the traditional longbow and recurve bow, which makes it perfect for a beginner. You'll gain skill with it much faster and, with a little practice, be shooting this bow quite well in a couple of weeks.
A. The strongest compound bow you can use for hunting is the bow javelin again. Practice shooting in areas with people who will be using the same technique as you.
B.  Use a slicker bow if you want to train the bow as quickly as possible. A slicker bow is good for backcountry archery.
C.  A medium compound bow can take up to one week to get better and still be relatively accurate.. Use the bowstring if you have one.
D. Compound bows are more accurate than traditional bows, and also have better distance and velocity. As a beginner, buy a used bow.",3,3,1,1,7.589803506470778,0.14540661449973413,0.1460695494010427,57.402681175004545,3.5680084228515625
841,"Food and Entertaining: How to make ahead casseroles. Season and cook the chicken. Transfer the cubed chicken to a medium bowl and add salt and pepper, to taste. Add the oil to a large, heavy-bottomed saucepan and heat it over medium heat.
A. Allow the olive oil to heat for one minute and cook the cumin-garlic over medium heat. Continue cooking this until the garlic is become fragrant and the chicken is translucent.
B. Cook until the chicken and bone near the surface are begin to puff. Season the chicken each time until the chicken is tender, about five to six minutes.
C. When it's light and translucent, turn it to high and cook for several minutes, turning occasionally, until the bottom of the oil turns almost opaque and your mixture begins to boil. Then add the onions and reduce the heat to medium high.
D. When the surface of the oil is shimmering, add the chicken. Cook the chicken for about six minutes, turning regularly to brown all sides.",3,3,1,1,4.622617344975334,0.14508060450134508,0.1455201415963746,54.27725466706761,3.7243728637695312
842,"Finance and Business: How to get a free business listing in google local. Go to google's "" google my business "" website. Start by visiting business. Google.com. This is google's business-specific website.
A. Click the "" file "" button and enter your business description into the address bar at the top of your internet browser. Google will then ask you for the name of your business and the year of operation.
B. From here, you can select your business for review, including currently closed lists. You don't have to use a particular brand name.
C. This is the first step to finding a free business listing in google.. Enter the name you would like to add to your business listing.
D. In order to fully use the site, you will need to create a google account or log into an existing one. This can be the account that you use for gmail or google drive.",3,3,1,0,4.764162092709251,0.14570908950008743,0.14578728329150303,43.59008492899375,3.018707275390625
843,"Health: How to increase gfr. Take the test. Your doctor can test your gfr by administering a creatinine blood test. Creatinine is a waste product present in your blood.
A. While it is produced by your cells, it is linked to your own electrical processes, such as electric current running through certain systems. If your body functions normally normally, the test will no longer be necessary.
B. To successfully test your gfr, urinate or drink water or try muscle exercises. Exercises won't work and the test will take up to 15 minutes to complete.
C. If the amount of creatinine contained within a sample is too high, your kidneys' filtering ability (gfr) is likely too low. Alternatively, your doctor might administer a creatinine clearance test, which measures the amount of creatinine in both your blood and urine.
D. Because it is harmless, it won't do anything to your gfr. For example, the test won't detect ketones in your liver, but that may be why gfr tests are necessary.",2,2,1,1,4.794341589018724,0.14500186700115592,0.14553722579817666,46.71530804602662,3.3029022216796875
844,"Home and Garden: How to remove fabric paint from clothes. Deal with the stain immediately. The sooner you start fighting the stain, the better your chances will be of getting it out. If you have wet paint on your clothes, take them off right away and attempt to wash the paint out.
A.  If you can't take your clothes off, try washing the stain out with them still on. This is better than waiting to deal with the stain and allowing the paint to dry.
B.  Some of the paint may have dried on the fabric and be clinging to it. Throw away as much of the fabric as possible if you are able to.
C. If you have a wet stain on both garments, you should wash both garments right away. If the stain persists after washing the entire garment, do not try to pick up the paint.
D.  It might be nice to wipe the paint off of your clothes right before you start rinsing the paint away. If it is not a stain, wash the paint off with hot water, then dry the clothes with a towel.",0,0,1,1,8.267426306278603,0.14497129199935443,0.1454941092941624,56.44962313695578,3.72027587890625
845,"Home and Garden: How to wash a baseball cap. Assess your hat. First you will need to look closely at your baseball cap to determine if it can be washed and the best approach.. Examine the cap to see if it is well made and if it will hold up to a washing.
A.  Although most baseball caps are made in a number of sizes, some caps are "" okay "" as long as they are in good condition. If they are unfortunately not good, you can hire a rubber duck repair shop to make certain repairs, so that they can usually be replaced.
B.  Look carefully at the material, stitches, and the brim. If your hat is made with good quality materials, is relatively new, and has solid stitching you should be able to wash it without trouble.
C.  Basically, your cap needs to be in good shape, so take it to a tailor for a professional fit.. Avoid using wool or other cloth textures, due to how they are made.
D.  The standard size baseball cap size or drugstore size baseball cap size can easily be folded out over a sink and ironed in place. Some stores have online sizing calculators that provide general information on shape, size, and position.",1,1,1,1,7.740350696049363,0.14535742200041568,0.14577068478073812,61.076263872007985,4.007453918457031
846,"Health: How to torch creme brulee. Buy a culinary torch from a kitchen supplies retailer for approximately $30. The torch is fueled by butane, which is usually sold separately.. Remove the chilled crème brûlée from the refrigerator right before you are ready to torch it.
A.  Rinse the coarsely cut crème brûlée in clean water. Discard any split, broken pieces or smoldering rind.
B.  With a match or a tiny lighter, burn off any visible parts of it.. Sprinkle flonase flour on a chunk of cloth, preferably large enough to coat the crème brûlée.
C.  Otherwise, flame the crème brûlée on a flat and stationary flame.. Attempt to prevent cross contamination during the torch torch torch removal process, or you risk catastrophic disaster.
D.  Sprinkle granulated sugar evenly over the top of the crème brûlée until it is completely covered.. Take the safety off the torch, press the ignition to turn it on and lock it in the "" on "" position.",3,3,1,1,8.608291257578124,0.14527543949952815,0.14597940741004084,58.24296768496424,3.8252944946289062
847,"Home and Garden: How to choose an acoustic guitar. Asses your budget. Before you look into the differences between guitars of different price ranges, you have to decide how much you're willing to pay at most. Find your maximum and then work from there.
A. You don't want to spend too much. Are there enough people to purchase an acoustic guitar for the trip? Are there folks in your group who have become established? There are five basic factors depending on where you are traveling.
B. Know that most people recommend not paying less than $300 for a new guitar, even if you're a beginner, as the quality will make it sound inferior and difficult to play. Of course if you can find a good deal on a used guitar, there might an exception to the $300 rule.
C.  Guitar prices vary dramatically in prices from $10 , 500 to $50, and usually go down by around $120 or $200. Guitar prices are nearby due to the possible delivery of an extra guitar.
D. As a beginner, pick an acoustic guitar that you can feel comfortable playing, but that's your budget. Getting used to playing on the guitar and learning to play different chords is not essential.",1,1,1,0,8.359751794603655,0.14516719950006518,0.14562596429491234,57.37479487301607,3.9991378784179688
848,"Food and Entertaining: How to use a keurig machine. Fill the water reservoir. Lift the lid off the water reservoir, located either on the left side or at the back of your machine. Depending on your model, either pull out the reservoir from the left side of the machine to fill it, or use a cup or mug to pour water into the back reservoir to the desired quantity.
A.  Place a cup or mug on top of the water reservoir when filling the machine if that's your first time using the machine.. Run the keurig machine through a motion sensor.
B.  Don't fill water to above the line on the reservoir that says "" max fill. "" it's best to use filtered or spring water, as hard water from the tap may leave mineral buildup in the machine over time.
C.  Add heat and wait for the water to pour out. Make sure there are no vapors or bubbles coming out of the solution when you take the lid off.
D.  The type of keurig you use can vary wildly from machine to machine. So it's best to have a general idea of the machine type you want before moving on to filling the machine.",1,1,1,0,11.963867285824442,0.14538194725082576,0.14590930526944393,69.88844779198917,4.3907318115234375
849,"Pets and Animals: How to solve cat book and furniture chewing. Try being firm with the cat first. Most cats respond to voice tone; if the tone is negative, deep and authoritative, the cat will know that you are displeased and be left in no doubt that you want the action to stop. Whenever the cat chews or scratches, say "" no "" in a firm, deep voice.
A. If the cat pulls out its tail and chops, startle the cat and force it to let go. Ask your vet if a shorthair feather is safe to chew, or if it is safe to chew on.
B. That tells the cat that it is not a dog. If the cat chews something that is not intended to get it, it may have a problem or decide to scratch up to get further expression.
C. Tell the cat that if it does not stop, you will train it to stop.. Do not let the cat do this for you.
D.  Follow up a strong "" no "" with a spray from a water bottle. This is probably best used if the cat is chewing furniture; for books, there is a risk of the pages getting wet.",3,3,1,0,9.85515899803112,0.14544907700019394,0.14615060368154617,68.98027883096438,4.2734832763671875
850,"Computers and Electronics: How to do clan wars on clash of clans. Start a clan war. If you're just a member of clan, ask in your clan chat for a leader or co-leader to start a clan war. If you don't know any staff in your clan, click on view clan and browse through a list of your clanmates.
A. Below their username and stats, you will see their permissions. Keep in mind that in mind that you need at least ten active players in your clan to declare war.
B. When you've found someone you think you can befriend, click on their server and then click' friend'. If you want someone else to join your clan, it will say' do this for you.
C. Click on your friend to select him or her and then go to member tab Click advance clan button or alt to inform the moderator. State if there are any regional leaders that you'd like to invite to this sort of war of clans.
D. Look at clans that have a leader or co-leader, then look at your current clan. Make sure you have the affiliation for your clan to ensure everything stays the same.",0,0,1,1,14.762889491842373,0.14543348174993298,0.14579189656135647,64.73016841399658,4.157386779785156
851,"Pets and Animals: How to clean a ferret's teeth. Get a small toothbrush and pet toothpaste. Your local pet supply store will carry toothbrushes designed for kittens and puppies that are small enough for a ferret. It'll also have pet toothpaste, which is safe for a pet to swallow.
A.  Create a cleaning solution of hot water and a nonbleach soap. Begin by adding one tablespoon of dish-washing soap to four tablespoons of warm water.
B.  Most ferret toothbrushes have an attachment that latches onto the inside of the toothbrush. These can be easily cleaned by gently rubbing the brush over the bristles.
C. Never use human toothpaste to brush a pet's teeth. Human toothpaste contains too much fluoride to be safe for ferrets.
D. It should be special for your ferret. You might want to consider investing in a small toothbrush.",2,2,1,1,3.2398603100299894,0.1453443195005093,0.14562498669748525,54.025747395979124,3.5478515625
852,"Cars & Other Vehicles: How to get cash for your car donation. Find the relevant form. A tax deduction reduces the amount of your taxable income, thereby lowering the total amount of taxes you pay, making you cash. The charitable donation deduction on your federal income tax return is located on internal revenue service ("" irs "") form 1040 schedule a-itemized deductions ("" schedule a "").
A. If you have income off of state or federal income, you should be able to claim those taxes as a deduction. The irs only requires 1 tax deduction per year for needy individuals.
B. These deductions can be earned as a lump sum or in installments. To calculate these deductions on your tax return, locate form 1040.
C. You can find this by visiting irs website at www.irs.gov/forms/congress/504-509/4066.htm. Check for this form in your library.
D.  You may itemize deductions on schedule a or take your standard deduction. Taxpayers should normally take whichever amount is higher.",3,1,0,0,13.32373790256972,0.14549040175097616,0.1461029405707876,63.55232899301336,4.0362091064453125
853,"Computers and Electronics: How to add a bookmark in microsoft word. Select the place in the text you wish to bookmark. You can either highlight a block of text or click to place your cursor at the start of a paragraph.. Access the bookmark feature.
A.  You can access your document when the cursor is down at the start of a paragraph in your document. In the upper left hand corner of the document, you will see blank spaces.
B.  This displays the bookmark dialog box. In word 2003, select "" bookmark "" from the insert menu.
C.  Use the cursor on the lower right corner of the screen to select the area within the text you wish to space out.. Drop two to three objects-] edge Keep in mind that when the object has a circle in the text, it is the edge of the rest of the text.
D.  Word will recognize your bookmark at the top of your page. This will enable you to start a new text-entry into microsoft word once the icons and dots for word grow.",1,0,0,1,12.493204906755146,0.1453205842490206,0.14610256065166258,52.15548624703297,3.8355789184570312
854,"Computers and Electronics: How to host web sites. Get a static ip address. This is connected to your isp (internet service provider), and you will probably need to upgrade your internet plan to be permitted to host a website.. Secure a fast 24/7 internet connection.
A.  Navigating to where the internet is, establishing a encrypted connection, and accessing an advanced web browser, will sometimes seem very daunting. However, if the website is a fake, you should simply secure a simple connection that can be manipulated in real time.
B.  Multiple connections are best; otherwise your website will be down whenever there's an interruption in your internet connection.. Find a stable system for your computer.
C.  Vls5 is another option that might save you some trouble choosing one if you're looking for a good host. A quick internet browser will usually work fine in a remote server.
D.  Easy access to your internet server is via an ethernet cable. Internet hotspots always have a built in router to use, and you may need to turn your router on or off, depending on the router.",1,1,1,1,18.675101296026074,0.14558375449996674,0.1459931450604793,56.205723286042485,3.8067092895507812
855,"Home and Garden: How to fold tank tops. Spread the tank out facedown. Lay the tank top on a flat surface, like a table, and smooth out any wrinkles.. Fold both sides lengthwise into the center.
A.  This will make the shirt to fold horizontally. Crease the folds; you should have a small triangle; this will help the shirt to flatten out.
B.  Make sure they are even with each other.. Place a piece of origami paper on top of each of the folded sides.
C.  Bring the left edge in so that it aligns with an imaginary line running vertically through the center of the tank. Bring the right edge in so that it aligns with the center line as well.
D.  Place one folded bottom (bottom side) inside another, and crease as you go. Make sure to overlap any creases, otherwise you might fold the tank in half, causing wrinkles.",2,2,1,0,5.546036542526463,0.14524163174883142,0.14593966754939128,46.260082469954796,3.1627883911132812
856,"Youth: How to skin polish. Up your water intake before polishing. It's important your skin is as hydrated and healthy as possible when you go into the polishing process. To help with this, up your water intake.
A. Excess water can cause the polish to adhere to your skin, so consult a pharmacist before you buy a polish that deenergizes and works with your skin. Drinking a glass of water before polishing can usually help ensure a healthy, hydrating skin.
B. Aim to drink anywhere between 10 to 12 glasses of water a day. Do this for about a week before you plan to polish your skin.
C. You can increase your water intake even further when you have shiny or dry skin as well. You can try adding another splash of lemon zest or lemon juice to your water every hour or more.
D.  Go for lukewarm water if you can. This won't keep your skin hydrated.",1,1,1,1,3.9283953606092714,0.14506216925019544,0.14580327402563273,46.36247672104946,3.4338912963867188
857,"Work World: How to write an employee handbook. Start with a general introductory paragraph. The employee handbook should include a general introductory paragraph that outlines the purpose of the handbook. You should welcome the employee to the company and discuss the company's goal of being a rewarding place to work for employees.
A.  Don't leave the introduction blank. In the background, you should focus on the purpose of your job and what the reward would be.
B. You should also reiterate the importance of the employer/employee relationship. For example, you may state: "" we at are confident you will find our company is a dynamic and engaging place to work, and we look forward to your contribution to our continued success.
C.  Addressing the employer's needs will give you a dynamic overview of the company's goals in publishing an employee handbook. Think about whether it is more fulfilling, stimulating, or actually rewarding to volunteer your time.
D.  The introductory paragraph is usually no more than 3 sentences long; however, the basic paragraph should be a whopping paragraph. Some examples could be: "" my company will provide deliverables to customers.",1,1,1,0,6.990501135400625,0.1450995969998985,0.14573139212305436,57.4156413159908,3.83489990234375
858,"Computers and Electronics: How to use foaming body wash. Opt for body washes with natural ingredients. In general, look for a body wash that limits the use of chemical ingredients. This is less likely to cause skin irritation.
A. In addition, the stronger the body wash, the more alkaline and ph balanced the product will be. When purchasing body washes with ingredients such as honey, milk, or olive oil, avoid products containing a higher concentration of alcohol, which can worsen the problem.
B. Instead, opt for things that are made from natural ingredients, such as microorganisms, oils, and essential oils. If you have sensitive skin, opt for a body wash that is made from natural ingredients.
C. Read the back of a body wash container and scan the ingredients list carefully. Go for a body wash that has only a short ingredients list using words you recognize, such as "" beeswax, "" over lists of lengthy chemical additives.
D.  If you have oily skin, using a body wash that uses natural ingredients will help to moisturize your skin and hair. For example, there are baby powder and talcum powder products specifically made for oily skin.",2,1,0,0,15.17739012622785,0.14507097700061422,0.14548227385374513,54.263242960034404,3.5676116943359375
859,"Relationships: How to evaluate if your friendships are healthy. Decide if both of you are equally invested in the friendship. A healthy friendship is balanced, with both people equally invested in the relationship. For example, both friends should take time to call each other or make invitations to hang out.
A.  For example, if you are doing all the calling and inviting, it could be a sign that the friendship is unhealthy.. Think about whether your conversations are balanced.
B.  Healthy friends will not make plans during the weekend and will not play difficult games, such as tag or netball. Friendships should also let both people participate in social activities and set aside time for rest.
C. A healthy friendship can be supportive but distant.. Identify when you want to break up.
D. ( the latter would be more fun if you held down another friend's number the first time they call).. Look for confirmation that your friendship is healthy.",0,0,1,0,6.851598482136485,0.14506341899959807,0.14556225936899345,51.5270444551461,3.5558013916015625
860,"Education and Communications: How to teach close reading. Closely read the text yourself. To teach close reading, it is important that you first do a close reading of a text yourself. Extrapolate all of the details you can that are both directly stated and implied in the text, determine the apparent audience and the writer's purpose.
A.  Reading works a lot differently for beginners. Once you've accessed the text's main content, you can easily identify the audience or purpose by paying close attention to what the text describes.
B.  Make sure the text you work with is easily seen by anyone watching you. If there is no one watching you, a sheet of paper does not exist to give you an idea of what must be done.
C.  Look for major words, and then identify whether there are any hints or secondary meanings. It may be easier to read a text directly out of a viewer's perspective.
D.  Make a list of the details you have gleaned from the text so that you can later compare your list to the student's list in order to model adequate detail from a close reading. For example, you may use the following passage from dr.",3,3,1,1,11.234656421355702,0.14531882399933238,0.14548619821807585,63.285826727988024,4.1142730712890625
861,"Health: How to multitask more effectively. Focus on the goals of your different projects. Before you get started, make sure to put a little thought into the goal of each project. Also spend time differentiating your projects and developing an organizational system that will help keep you focused.
A. You will not just be cooped up or bored after working for you business, you will be devoting more time to your goal of multitasking in the future if you are able to stay ahead of deadlines. Imagine that you have a screwdriver and key on the desktop (along with no other people.
B. Ideally, people who are good at multitasking want to get one project done at a time, rather than having to work until you think it is over. Try to find some time at which people can "" multitask "" without interruption.
C.  While it can be daunting and unbearable to do multitasking by yourself, each project can be crucial to the overall success of the project. This system will prevent you from constantly having to resort to multitasking.
D.  Spend a few minutes thinking about each separate project, your goals, aims, and your approach to completing it before you start multitasking. Create an organizational system in which you'll keep all material for a specific project.",3,3,1,1,13.506648511344897,0.1452553467497637,0.14573163414485207,60.91391792296781,4.058990478515625
862,"Education and Communications: How to calculate btu per square foot. Measure your square footage. Measure the square footage of each room you plan to heat or cool and add them together. If you're installing a furnace or central air conditioning system, this typically includes every room.
A. In some homes, the ducts do not connect to the attic or basement. For a rectangular room, multiply the length and width, measured in feet.
B.  Btu equals 3 square feet, so multiply that by 4 to get 3 square feet.. Use a sample meter if you want to measure btu per square foot.
C.  This rule is only applicable to rectangular spaces like bathrooms and living rooms. Some websites, like myspace management, allow you to calculate btu per square foot footage by multiplying square footage by 1.
D. For heat or cooling, multiply your total square footage by 150 square feet per square foot of space. Btu per square foot equals 180 x 2180 square feet.",0,0,1,1,7.638321996136872,0.1454506317495543,0.1457904270168057,52.62898497199785,3.413055419921875
863,"Youth: How to watch the orionids meteor shower. Find the peak viewing hours for this year. Check the moon phase to see if its brightness might interfere with seeing the meteors. In 2012, waxing crescent moon setting before midnight will create a dark sky ripe for meteor watching.
A. If the weather is needed, moon-observance may be possible along with the meteor shower.. Ensure that the sky is clear before day begins.
B. If the weather is going to be cloudy in your area, though, you might be out of luck. If it's only cloudy on the peak night, you can try watching the meteors on other nights between the 17th and the 25th.
C. With drooping clouds, moon control is necessary. Weather researchers have found moon viewing hours gradually increasing or decreasing over time until meteor observation is almost optimal.
D.  During the crescent moon day, keep the sun at the crust of the sky, somewhere between 24 to 48 hours old. In 2022, waxing crescent time covers the moon's course and is the optimal night for viewing constellations.",1,1,1,1,5.313315456672219,0.14573269924949273,0.14556784516635646,60.84801869586954,4.078643798828125
864,"Travel: How to find volunteers for a charity. Be knowledgeable. Ensure that you have all the knowledge of relevant topics associated with that particular charity. The more facts you know the better you can answer any question that the person you approach may ask.
A.  Current volunteer organizations might write a petition for volunteer. If a charity is in the low-income, national equality effort is underway.
B. This includes the following : Are they pretty bad gossip? How much do they cost? The person you are speaking to is unlikely to add any additional information that you are currently knowledgeable about. Ask questions that lead the person you speak to to you by asking them questions about what they were doing doing that day.
C. Generally, there are five main types of volunteer positions : A photojournalist. These jobs require a great deal of knowledge and expertise in a variety of fields.
D. For example: what is it all about? , who benefits? , why would anyone want to support that? , will it improve my community? , will my efforts make a visible difference?. Have all relevant documentation with you. Ask the charity committee for any information they can spare (on paper).",3,2,0,0,18.03213457257334,0.1453057117505523,0.14585664414862057,54.54818118199182,3.8497467041015625
865,"Food and Entertaining: How to be a good subway customer. Be prepared by knowing what you want to order. Inform them if you have any, or if you are taking advantage of a sale.. Start by telling the employee how many, what size, and what type of bread you want.
A.  Make sure the case don't have plenty of empty space on the bottom, and follow the sitting signs clearly to find a stand or delivery room.. Arrive about 20 minutes before rush hour so you are not rushing into the bank.
B.  "" i'll have one foot-long on sourdough "".. Note that, after they have the bread out and cut, you should inform them what type of sandwich you want, what kind of cheese, and if it is to be toasted or not.
C.  You could say "" i was looking for your bread (orange, chocolate, wheat and/or other varieties), and i'd like to give you (the whole package) your bread of choice. If you don't have one of my available, please exchange the loaf.
D.  Get a lunch break to go to the bathroom. Depending on the size of the store, you may need to eat any food you buy, so keep that in mind, especially if you do not have time to go for a walk with your regular lunch break.",1,3,0,1,14.242895343318535,0.14531807675302844,0.14585212395239447,65.04791109397047,4.028289794921875
866,"Computers and Electronics: How to make a mind eraser shot. Gather your ingredients. The traditional mind eraser is a layered shot comprised of three ingredients. The shot is 1:1:1, meaning it's equal parts of all three ingredients.
A. You will also need some supplies to prepare the drink. You will need vodka, coffee liqueur, and club soda for the drink itself.
B. You have to add calcium, phosphate, then potassium, and fiber. They're paid for at some commercial stores, of course, and they'll cost $2.50 per one-ounce glass.
C. Take one of these ingredients and add a pinch of salt at the end. For an extra kick, gather a pinch of salt at the beginning of the shot to complement the slightly dry ingredients.
D. If you want your simple photo collage collage to resemble it on its own, you will need ingredients such as lemon juice, honey, vanilla and black and white sugar. Combine water and lemon juice until you have 100%-identical proportions, including the ingredients.",0,0,1,1,8.226329958028256,0.14542817675101105,0.14557979077088937,53.28159696606599,3.6647567749023438
867,"Education and Communications: How to encourage kids to love science. Ask kids questions about scientific topics. Science is the process of asking questions about the world and thinking of reasonable answers. To help your kids start down this path and come to enjoy the creativity that it involves, provide them with questions, not answers.
A. If kids keep leading up to questions, this can lead to them becoming frustrated. Try to take the lead by asking questions about how successful certain experiments are.
B. This will get them to develop their own answers and help them love the process of investigation that is so important in science. For instance, instead of telling your kids why the sky is blue, you could ask them why they think the sky is blue.
C.  Shoot for questions about future uses for science. As a young child, use this time to do volunteer work around the house and in the yard.
D.  Of course, the less you expect students to know, the better. Kids will be more receptive to learning about astronomy and taking questions with a grain of salt.",1,1,1,1,4.48145074777619,0.14517378174787154,0.1457211392185324,56.537612586907926,3.8721694946289062
868,"Sports and Fitness: How to twirl a baton. Learn baton terminology. A baton has three parts: the ball, shaft, and tip. The ball is the bigger end of the baton.
A. The shaft is the baton's metal or plastic middle section. The tip is the baton's smaller end.
B. It is used to rotate your body weight forward and backward. The shaft is the portion of your body facing forward or inward.
C. The shaft is the part with the barrel and tip. The shaft is what you place the barrel on.
D. It contains a small rest of the baton, which you will use for movements of the baton. The shaft is the tip of the baton's shaft, with a metal fore-part at the bottom and above the ball.",0,0,1,1,3.6445077476889374,0.1457335722479911,0.145848856816369,41.85816076802439,3.2185516357421875
869,"Philosophy and Religion: How to maintain good spiritual health. Meditate and pray. Prayer and meditation are activities you can engage in daily, or many times a day. By incorporating it into your daily routine, you can maintain your spiritual health in the same way that you maintain your physical health.
A.  Sitting by a window for a long time meditating can help you maintain your spiritual health. It is a soothing and peaceful experience just before or near bedtime.
B.  Pose a clear mantra or ask an ahima staff prayer to stay safe and undisruptive. Having friends and family around can reduce stress, increase positive memories, or even improve relationships.
C. In fact, meditation has been shown to have significant healing results in improving the natural levels of physical health of people. It is important to find quiet and peaceful, such as a quiet room in the house, when you meditate.
D. Pray or meditate by yourself or with a group. Join a prayer group at your place of worship.",3,3,1,1,4.090733727044838,0.14518382224923698,0.14615929437712763,55.24431138604268,3.7268295288085938
870,"Computers and Electronics: How to check if your computer can have a wifi card. Shut down your pc and remove the power cord and turn the power switch to off.. Open your computer-case. Note that opening your case may void warranty.
A.  Look for the computer compartment and take out the plain black one. Look inside the computer compartment. There there should be a small compartment on the side that has some sort of copyright acceptance symbol.
B. If you still have warranty or you are uncertain your warranty has voided already check this first. If you do not want to void warranty read the tips and then skip to the bottom part of this guide.
C.  Remove the sd card from your hard drive in order to inspect your cd player. I gathered that a cd player can have 2 ps3/dvd drives at the beginning-2nd-e , 2nd-e , 4th-e , 4th-e.
D.  Locate the flat and soft padding panels. If you are using an external hard drive, the panels will be at the bottom, in the front of the case.",1,1,1,0,14.2343374592212,0.145524559498881,0.14562222817154036,52.42361146706389,3.6724166870117188
871,"Food and Entertaining: How to make ancho chile powder. Buy ancho chiles. Ancho chiles are available at most large grocery stores and in specialty markets.. Dry ancho chiles.
A.  Place the dried ancho chiles in a square tortilla. Soak them in room temperature water, about the same water the rest of the carton has.
B.  1 pound (14 grams) dried ancho chiles is a fragrant blend of dried ancho chiles. Dry ancho chiles have a very different flavor profile than fresh ancho chiles and must be dried separately from fresh ancho chiles.
C.  When they're dry then transport to a lab for analysis.. Use ancho chiles without the jalapeños.
D.  If you prefer or cannot find ancho chiles in your area, you can make your own ancho chiles from fresh poblano peppers. Choose fresh poblano peppers that are unblemished and a dark green color with long enough stems to tie.",3,3,1,0,7.224324096112504,0.14527073224962805,0.14570273523216212,48.95439102607634,3.4887466430664062
872,"Computers and Electronics: How to tell the difference between eczema and psoriasis. Monitor for red-brown patches. Eczema and psoriasis both cause red patches on the skin; however, eczema has red patches that may also have a brownish or gray tint to them. The skin may also be covered in smaller bumps that are filled with fluid or that are crusty.
A.  Check for eczema under your collar bone. This area can be soft to the touch and it is called a meatus.
B. If you suspect that your skin has eczema, seek medical help as soon as possible. You can tell the difference between eczema and psoriasis by noting the patches as white, dry, and scaly.
C.  In most cases, this redness is due to eczema. Viral infection can cause patches to appear with pus or a rash forming.
D.  The red patches of skin may be covered in raised bumps that look like goosebumps. The affected skin may thicken or develop knots.",3,1,0,0,11.775948996789523,0.14595257949804363,0.14649939872195913,65.92254214798595,4.2730255126953125
873,"Education and Communications: How to write when you don't feel like writing. Outline your writing. If you're having trouble getting yourself to buckle down and write, devote some time to outlining what you intend to put down once you begin. A good outline can make writing significantly easier and may help get you excited about the writing itself.
A.  You can write an outline for something as simple as a three paragraph paper or one page report, if you're struggling to get down to the point. The main thing here is to put down a benchmark to avoid wasting your time.
B.  There are many websites that provide freeform worksheets. Some of them are free and can even make use of pen and paper, so research is in order.
C.  Jot down the important things you want to address in your writing. This will ensure you cover each of them once you begin while also giving you a chance to regain your enthusiasm for the subject.
D.  Map out what questions to ask yourself. This may include: what time do you expect to write? When will a writing prompt come along? What should your writing be about? What do you hope to write about in relation to physical situations?. Come up with some set words.",2,2,1,1,12.577997277120591,0.14587330950053,0.14659288659091,64.35139890504797,4.220237731933594
874,"Travel: How to obtain an eu passport as a us citizen. Examine your family tree. One of the paths to citizenship in an eu country is to look at your family tree. You may already have a claim to citizenship based on where one or both of your parents or grandparents were born.
A. This should be included in your birth certificate. It is usually impossible to find your birth certificate online.
B. The rules about family heritage citizenship vary from one country to another, so make sure that you check the rules of your ancestral country. For example, if you were born in wedlock between jan.
C. Make sure your family tree matches your whole family. You may have had another generation of grandparents as well as one grandmother.
D. However, your parents' ancestors are still living in england, which means you are eligible to get an eu citizenship. Check your family tree and then check any biomes and ui immigration documents associated with your family tree.",1,1,1,0,8.350143262109382,0.14611417449850705,0.1471364696602028,53.406449306006834,3.6528778076171875
875,"Computers and Electronics: How to make your website mobile friendly. Set up a domain mirror. If your site lives at www.myawesomeblog.com, you're going to want to set up a subdomain at mobile. Myawesomeblog.com. How you accomplish this is usually pretty straightforward but differs depending on your host.
A.  If your hosting host is in internet chat rooms, suggest selecting facebook users and sharing content that is popular for users who live in groups or are not completely anonymous. Get all of your people from your live chat rooms (s).
B. Different host hosts will demand different features such as the host and website model but generally, they will want something that you can put out. For example, it is best to optimize your monitor so that your website can be visible from the home.
C. Generally, most search engines want to create their own website by linking their host to their domain name. Choose a domain that makes sense and stands out, but that you don't think the host will think about handing over.
D. If you use dreamhost and from their control panel, you can add subdomains effortlessly. You want to set up your subdomain as a "" mirror "" of your main site, meaning the subdomain is really just pointing to your existing site.",3,3,1,1,7.863909675930392,0.14600712200262933,0.1467379824462777,65.00200278192642,3.9597549438476562
876,"Pets and Animals: How to acclimate a fish. Turn off aquarium light and dim the lights in the room where you're aquarium is set up. Do this before you remove your fish from the carrying container, since fish are sensitive to light and may be traumatized by a sudden change in lighting. Once your fish is used to the tank, you can be less strict about lighting.
A. This way, the fish will stay in their tank for a longer period of time and will get accustomed to the sudden change in lighting.. Place the container in an area that receives full sun.
B. If you introduce your fish or other living creature immediately from the carrying container, they may try to be themselves again.. Avoid lighting in a dark or sparsely lit area in the holding tank.
C. It's a good idea to initially introduce your fish to a dim environment, as this will reduce the shock of being introduced to a new environment.. Float the bag in the water for 15 minutes.
D.  The best way to provide a light source to the tank is to use multiple lights. An anti-glare lamp, on the other hand, can provide extra illumination if you do decide to change the lights.",2,2,1,1,6.7044944799865185,0.1461514120001084,0.14655392230685738,68.4390716760754,4.109489440917969
877,"Health: How to eat whole grains for health. Buy whole grain bread and avoid refined grain varieties. Read bread labels carefully. You can't tell if it's whole grain just by looking at the bread and you can't assume all white breads are refined.
A. Some brands of refined bread add brown coloring so their products look more like whole grain. White breads can be made with whole grains, as well.
B. Not all bread products are refined and still health-appropriate. If you're looking for a whole grain look, get an entire whole grain bread.
C. When buying it, check the difference and ask your doctor for a recommendation. Avoid breads that are made with fat, which can make your skin more irritated.
D. There are many choices to eat that don't include butter, added sugars, milk and refined bread. Go for whole grain breads like : Whole-wheat bread.",0,0,1,1,6.715516393346573,0.14628443225228693,0.14638299560993334,48.598760289067286,3.1129837036132812
878,"Youth: How to get someone out of your head. Accept that the relationship has ended. You can't move on until you've accepted that you and your former partner are no longer together and that the relationship isn't coming back.. Cut off communication.
A.  If the relationship has ended for good, cut it off and physically discontinue it. Talk to each other in private, or leave the phone number or email you receive on your voicemail.
B.  Don't call, text, email, or otherwise contact or talk to your ex. It will only make it harder for you to get yourself together and move on.
C.  No matter how eager you are to reconnect with your former partner, cutting them off of your life no longer serves an end to your relationship and will make it harder for you to stay in touch. This doesn't mean you should no longer see them, text them or talk on the phone, though.
D.  Even if this is the final step of your relationship, you can't take it to a point of hopelessness or despair. When disconnecting a relationship, do it in a way that can be unobtrusive.",1,1,1,1,6.456123380839884,0.14579778725055803,0.1462411936065354,56.00860352587915,3.9423904418945312
879,"Youth: How to make friends all over the world. Sign up to a penpal website. Interpals, conversation exchange, and penpaland are websites that you can use to start talking with someone from a different country. Visit one of the sites and sign up for a profile.
A. You can see your description and your friends' opinions. You can also click the links to chat with them to try to find them on the page.
B. You can also sign up with a mentorship app that's at the lower left part of the camera app.. Search for other people with your own knowledge.
C. Choose a country and start a conversation with the person. Talk about your life and how it is in your country.
D. It's a link that you can take up on each year. After registering to an account, you can then put in detailed information about yourself and your culture.",2,2,1,1,6.476970047564383,0.14583975700043084,0.14645453057471905,51.549535668003955,3.3195877075195312
880,"Food and Entertaining: How to make laffy taffy. Butter two large baking sheets. Set them aside.. Choose a fruit drink mix in your favorite flavor.
A.  Alternatively, melt your popsicle sticks.. Place your purée into a bowl.
B.  These ingredients are best for adding to the taffy. If you prefer some variation in the drink mix, choose pumpkin pie or plum flavored.
C.  Plum gelatin will be smoother and easier to drink.. Combine the flour, sugar, and green food coloring in a large bowl.
D.  The type of kool-aid you use will create the flavor of laffy taffy. For example, grape drink mix makes grape taffy.",3,3,1,1,6.633501726611032,0.1457222395019926,0.14620732539107498,36.84230565499456,2.6934814453125
881,"Pets and Animals: How to give newborn kittens away. Keep the newborn kittens with the mother. If your cat has just given birth, she'll take care of the kittens. Provide plenty of food and a safe place so that she can look after her kittens.
A. The mother will also teach the kittens to toilet and socialize. Since they won't be eating solid foods, she'll nurse them in the early weeks.
B. Keep the kittens at least 10-12 feet from the mother during the entire pregnancy. This is enough time for parents to notice the baby kittens for the first time, but not too much time for parents to see the kittens with their eyes open.
C. Allow the mother to keep the kittens in her home at all times, ensuring that the mother does not move them from her home. If kittens are not nursing, the mother may have trouble feeding and caring for them.
D.  Know that some kittens are very fragile, and you will need to be quick when transporting a kitten away from other cats.. Make sure the mother cat is warm.",0,2,0,1,9.590612954876159,0.14615021475219692,0.14668038740994455,53.53622071399877,3.5987930297851562
882,"Computers and Electronics: How to clear a paper jam in an all in one printer. Turn off and unplug the printer when a jam occurs.. Remove any loose paper from the printer tray.. Turn the printer around and remove the rear cartridge panel.
A.  On the left side you'll find two inks. It's the one you'd usually find on a shoe box, but on the lower right side you'll find two cartridges and a clear ink filter.
B.  Dump out the jam (right click and select plastic tab button lower than all programs).. Open the papers packet (common) and pour from the bottom to the roll top.
C.  If there is a cartridge screening in the tray you can gently remove it using your fingers. There should not be any expired cartridge compartment.
D.  Observe any paper that is caught within the cartridge rollers. Gently pull any jammed paper out of the rollers.",3,3,1,1,9.514087129573397,0.14625723700191884,0.14658154337153595,48.37061208712839,3.3230056762695312
883,"Finance and Business: How to rent furniture. Choose between rent-to-own or lease options. Search online to find furniture based on your rental needs. Go with rent-to-own agreements if you want to purchase furniture but don't have all the cash today.
A. If you just need furniture for a short term solution (such as selling your house), then a lease plan is a better option for you. Some companies that offer rent-to-own options include rent-a-center, cort furniture, and aaron's furniture.
B. You might save money on buying furniture through rental options or by renting to a second person. Rent-to-own means that you can rent room by room while still being able to be in charge of your own rent.
C. Rent-to-own furniture typically suits the needs of prospective tenants. Visit your local community library or an apartment building store to find books on renting and whether or not rent-to-own is an option.
D.  Rent-to-own agreements may be more reliable than lease-to-own agreements, as they are often somewhat easier to apply to renters and are less likely to make an owner change their mind on new furniture. Lease-to-own agreements may be much more complex to enact.",0,0,1,1,6.896192730902209,0.1462038419995224,0.14673657294646195,58.25228853595763,3.7791671752929688
884,"Sports and Fitness: How to catch a cricket ball. Keep your starting position low and balanced. Stand with your feet just wider than shoulder-distance apart and your knees bent. Keep your weight on the balls of your feet, and distribute your weight evenly on each foot.
A. The ball should fall less to your foot than weight. There should be slightly more muscle than you would normally use to prepare the strike.
B.  Roll up the ball between your hands. Start by positioning the ball between your palms so that your fingers face each other.
C. Be prepared to spring in any direction to reach a batted ball. Starting with a good stance will ensure you're set to react to the ball.
D. When you're ready to dribble, put your left foot on the ball, while keeping your right foot flat on the ground.. Direct the ball by placing it diagonally parallel to your left foot.",2,3,0,0,11.142003723008486,0.1461287597521732,0.14624131136932358,48.84414779088547,3.329742431640625
885,"Finance and Business: How to draft a broadcast contract. Get a feel for the company's standard agreement. Many broadcast companies, particularly if they are well-established, will have a standard contract they use in most situations. Don't think that just because the company already has a standard agreement, that means you can't suggest changes or refuse clauses that don't fit your needs.
A. Companies do recognize that these contracts are not one-size-fits-all, and will require adjustment to fit each situation appropriately.. Determine what material will be covered by the agreement.
B. Change the agreement to suit the company's needs. The response will be based on what you want out of the company.
C. If the company has a standard contract, however, there's no need to draft it for you. You can draft your own contract if you want to.
D. Additionally, there is no need to discuss certain clauses at all with the company's representative. Conflicts of interest such as disputes between the local state and national governments are a no-no.",0,2,0,0,13.425295618710072,0.1461617019976984,0.14643518416513954,61.79455378901912,3.897064208984375
886,"Food and Entertaining: How to make crate shelves. Plan a simple bookshelf design. You won't know how many crates you'll need to buy or scavenge until you plan out your crate shelf. Think about how many rows of crates wide your shelf will be.
A.  You'll need to plan four crates across your room and a shelf that runs up the longest side of your room. Imagine that your room is divided into two rooms and you plan on storing three crates.
B. Crates can be stacked one on top of the other to add height to a shelf. Keep track of the total number of crates.
C. Purchase shelf books that are sized to fit the height of your shelf. A more basic bookshelf may also work, as long as it's sturdy.
D. You can use smaller books (the large ones might be too heavy for a shelf) or larger books (smaller books might already be grouped in these crates). Using six crates in a row gives you 15 crates.",1,1,1,1,5.448751147941136,0.14591819949964702,0.14651840219649778,53.62333439313079,3.5836563110351562
887,"Youth: How to avoid a guy who likes you in high school. Time your day accordingly. Does the guy seem to appear out of nowhere with flowers, or just wanting to talk? Maybe it's because he knows you get to school at the same time every morning. Switch up your routine and see if that helps to avoid him a little better.
A.  If you do have classes together, arrive at the very last minute--just make sure you have a friend save a seat for you (one that's not anywhere near him). Don't try to change your classes altogether.
B.  If he is around when you are home, don't be afraid to spill everything in the middle of the day. That way when you and your boyfriend get home, he knows where you are and can quickly pick up on your timing.
C.  When the perfect opportunity presents itself, go outside, walk up to him, and ask him out. Take that opportunity to scope out what he's wearing, where he walks up to you, and decide that he likes you.
D.  Another sign if he's not up to talking is if you seem like you're either ignoring him or denying he wants to talk to you. That's easy! You'll be perfect.",0,0,1,1,15.755810184794655,0.14642227799959073,0.14651058659520963,67.54102718600916,4.1465301513671875
888,"Pets and Animals: How to keep finches groomed. Gently mist your finches with a water bottle every day. This will mimic a light rainstorm, dampen the birds' feathers, and allow them to better groom, clean, and straighten the plumage. Do not spray the finches directly in the face.
A.  Each breeder should make at least one spray bottle; always use a separate one for each bird. Never spray aspergillosis varicis directly into the beak.
B. Instead, set the water bottle nozzle on the "" mist "" or "" spray "" setting, and gently mist the finches from outside the top of their cage. Set aside a specific water bottle that you use only for this purpose.
C. Always misting the localist leaves oils and dust mite supplements away from the feathers so oils do not dry onto the hair shafts. You can find cool mist bottles in most stores.
D. Close your drain carefully and mist your finches only when they become dirty, wet, and un-tamed. It should be a windy day when there is a lot of rain.",1,1,1,1,7.068989152898854,0.14581506049944437,0.1463454539046534,62.19469633585686,3.9664306640625
889,"Youth: How to deal with a big annoying sister (for teenagers ). Try to resolve the issue with your sister. Even when you and your sister have set strict boundaries, you both will test each other's baseline limits from time to time. When this happens, try your best to resolve the conflict before either of you reaches your breaking point.
A.  If you feel you and your sister are finally having an argument because you get way too close to one another, you may want to talk it out. Try to work your way into the middle of the argument as soon as possible.
B.  Let your sister know what the problem is, using "" i statements. "" for example, "" i feel belittled when you talk to me like a little kid "" or "" i feel angry when you choose not to respect my clothing.
C.  It may be at least two months since the last time you argued with your sister. In that time, give it a rest and resume being civil.
D.  For example, if your sister is constantly emailing you and calling you' fatty' or' heartless', try and ignore her calls. This will not only ensure you do not get angry, but also helps you avoid irritating your sibling.",1,0,0,0,10.32991548073696,0.14617972275118518,0.14652416442522348,66.08102038907964,4.1287384033203125
890,"Health: How to interpret a dream involving a whale or dolphin. Write down your dream. Interpreting your dream starts with remembering what your dream was about. Developing the habit of writing down your dreams as soon as you wake up is the best way to train your brain to remember the dream.
A.  Jot down the names of the seemingly endless rows or columns of dreams you have had or came into contact with. Then, jump up and down on those giant columns, trying to remember details about those dreams in short periods of time.
B. Keep a notebook beside your bed to use as a dream journal. You can also use apps developed for your phone.
C.  It may seem dull to write out your dream before waking up. However, writing it out before going to sleep will help you maintain a habit of remembering every detail.
D.  Writing down your dream every day helps you to get up slowly and greatly prepares your memory later on. When you wake, sit down and write anything down about your dream.",1,1,1,1,6.4826878059772595,0.14573416775056103,0.14621339296514946,54.97431885403785,3.7710800170898438
891,"Pets and Animals: How to get professional teeth cleaning for your dog. Make an appointment with your vet. In order to get your dog's teeth professionally cleaned, you will need to make an appointment with your vet. Call your vet's office and ask to schedule an appointment for a professional cleaning of your dog's teeth.
A. They will determine if you want to do this at home or if they will make a trip to the vet. It's best to schedule an appointment with your vet, rather than trying to do this at your own home.
B.  Don't give your pet food for at least eight hours before the appointment. Since your dog will be undergoing anesthesia, you should not feed your dog for at least eight hours before visiting the vet.
C.  You can also look in your local newspaper or check your local classified ads for local shops that sell professional dental cleaning services.. Decide if you want to see a dental professional.
D. If possible, ask the vet for a recommendation as to which brand of mouth cleanser will best target your dog's needs. Consult with your vet before a appointment so that they can refer you to someone who has experience treating canine tooth problems.",1,1,1,1,5.093059566309887,0.14632584975151985,0.14625112727921522,61.86452572899725,3.883148193359375
892,"Computers and Electronics: How to avoid an online dating disaster (for women ). Make sure you want to date online.. Keep the profile simple. Online dating allows you to write down exactly what you want.
A. However, don't get too carried away and write 10 pages of what you're looking for. Not only will your ad be really specific in what is and is not acceptable, but you will sound horrifically shallow.
B. Carry around a few m1 (as the name suggests) links to your profile that confirm it is what you desire. Long names are better for that than short names.
C. This can be anything from a job to a fun first date or even just a cute letter. If you start with something simple and worth mentioning, it will open up a conversation with you.
D. Just sort the tags from "" to be, "" "" to be, "" "" to know "" (and "" to be "" for men) and "" to friend. "" don't worry so much about information you can include on potential dates online.",0,0,1,1,11.814225865725291,0.1456415027496405,0.14621536102132476,48.102558342929115,3.2683563232421875
893,"Home and Garden: How to level your refrigerator. Remove the grille over the legs. At the very bottom of the refrigerator, you may see a covering over the legs. Many times, this grille can be removed by pulling with your hands.
A.  The grille can be removed using a flat-faced screwdriver. Hold it over the opening of the refrigerator.
B. Remove this cover with a lot of force by gently prying the grille off in one piece. You should see a plastic shower head on the bottom of the refrigerator.
C. If you see signs of rust, look carefully and use a commercial scraper to remove the rust. Take the grille off of the legs.
D. Some grilles will be attached by clips or screws you'll have to undo first. Consult your owner's manual for advice when you're unsure of how to remove the grille.",3,3,1,0,7.639674257959892,0.14586057249834994,0.14634636507219764,45.21908363701368,3.067657470703125
894,"Food and Entertaining: How to make chicken with ginger and spring onion. Make the marinade. First take 3 spring onions (or green onions) and coarsely chop them. Next, cut off 5 slices of a ginger root.
A. Put a small amount of the marinade on each onion and mix it with the onion and ginger.. Warm the chicken and add the ginger to the marinade.
B. Get a big pot and fill it lightly with water. Add 2 teaspoons of salt , 1 tablespoon of ginger root , 1 teaspoon of ground ginger, a pinch of nutmeg, and 1/2 teaspoon of your favorite/chapchy toppings.
C. Place them in a bowl, cover with water or a bit of soy sauce and let them soak overnight. Drain the marinade by pouring boiling water over them and letting them sit at room temperature.
D. It is ok to leave the skin on the ginger as it will add to the flavor in the marinade. Add these ingredients along with 1 tablespoon of salt an 2 tablespoons of rice wine into a food processor.",3,3,1,1,5.058027934892497,0.14613625475067238,0.14640474858868163,54.31508775104885,3.6686935424804688
895,"Computers and Electronics: How to do the cupid shuffle dance. Warm up as the music starts. You'll know what's coming, because the song starts by repeating the words, "" cupid shuffle. "" get to a good spot on the dance floor where you have a little bit of space to showcase your moves.
A. Typically, this dance works best when people are lined up in rows. Use the musical intro to find your groove.
B.  The warm up usually occurs at about halfway, typically about 10 minutes after the song ends.. Put on the music and move your feet in the right direction.
C.  Place your right foot on your right partner's right ankle. Step forward with your right foot and move away from your partner's left foot.
D.  Hold your arms up to the ceiling, as if you're sucking up your breath. Alternatively, you can just peek up at them and pretend to be suspended.",0,2,0,1,15.785262166713323,0.1461026127490186,0.14632065243451428,54.1377692420283,3.4590988159179688
896,"Education and Communications: How to maximise your pcat scores. Take a prep course. Pcat prep courses are offered by various educational testing companies such as kaplan and dr. collins. These courses are taught by professors of pharmacy and offer a structured, in-depth approach to the pcat.
A. Depending on your school, your course may include additional courses such as algebra and calculus, which make courses more manageable and important for you. Accredited pcat courses include math and science, but also standard courses such as trigonometry, anatomy, biology, and physiology.
B. The downside is that these courses are expensive, ranging from $999 to $2500. Look up reviews of the various courses before you choose which one to use.
C. They are also often offered by specialty testing companies. Websites such as htm and ultrachoose allow you to search for detailed information regarding your pcat score for a fee.
D. You can apply for these courses in person during your school year. These courses are increasingly becoming available for a variety of backgrounds, building off of schoolwork related to pcat.",1,1,1,1,6.676901819160993,0.1459430472496024,0.14639052965666574,58.115250344068045,3.9654922485351562
897,"Youth: How to know what girls like in middle school and get them to like you. Don't be a jerk. Being a jerk signals that you are a bully and you are not being yourself.. Be yourself! Don't fake who you really are, it forces the girl to not like you in an intimate way.
A. She won't know who you really are.. Try not to get into fights around the girl.
B.  Girls always like guys and realize that they are not who they think they are. If you fake a cute girl's interest in you she will find out and will try to tease you.
C. When you act like a jerk, girl tries to flirt with you. She likes you for who you are! So don't lie about yourself! Don't talk about your interests or try to impress a girl.
D. If you don't like yourself you will be a jerk. However, if you find people around that you aren't nice to then you're a jerk and if you find girls dislike you then you're in trouble.",0,0,1,1,9.671815713862104,0.14607249499749742,0.1463632263541659,58.836854068948014,3.8243484497070312
898,"Home and Garden: How to make a small vegetable garden. Find out what plants to get. Get plants that can grow in your area, and make sure you plant them at the right time of the year. If you plant them too early or too late, they could freeze and die before you can harvest your vegetables.
A.  Choose organically grown vegetables, that have not been processed or were not precured yet. Some plants that have been processed and/or were not precured will have already gone rancid.
B. Find out the amount of plants you might need to make your garden. Do you need as much soil to grow your vegetables, as most vegetables are hardy in moisture? If so, buy smaller or larger plants, or ask your parents if they'd mind buying plants that grow well in rainy climates.
C. It's a good idea to have plants planted later in the year, so you can plant them early. You could plant plants right after a sow becomes pregnant, and you can grow plants just between january 1st and february 1st and so on.
D. Usually about mid-april to mid-may will be a good time to plant your vegetables. While they're technically fruits, a good starter plant to grow is tomatoes.",3,3,1,1,13.886082091961605,0.1457880974994623,0.1463827781233969,64.84519198616908,4.3144378662109375
899,"Education and Communications: How to explain parts of speech. Start with the basic parts of speech. Before you can explain to others what the parts of speech are, it is good to brush up on them yourself. Knowing the parts of speech can help clarify grammar lessons, increase understanding from students, and improve your own writing.
A.  As you get further in your writing career, focus less on basic problem sentences and more on some of the more clear parts. For example, you may consider how sentences are phrased: "" he is blind "".
B. Here are some examples of the basic parts of speech : Last name "" there "" middle initial first initial. Begin with a beginning of "" you. "" start the beginning of the english sentence with "" you "" and then add "" me "" followed by "" i "" followed with the intermediate vowel consonants.
C.  When you first get started, work on becoming more knowledgeable about writing by going to speech school websites and then develop your knowledge in writing. In addition to some basic knowledge, improving your knowledge of speech at school may also help you to understand body language and write properly.
D. It is best to start with the four basic parts of speech. These are the nouns, verbs, adjectives, and adverbs.",3,3,1,1,2.581237377111329,0.14579584550119762,0.14629669539606838,64.51483927008667,4.2789764404296875
900,"Food and Entertaining: How to choose a cutting board. Avoid glass. Glass cutting boards are a popular choice because they look nice in your kitchen. However, glass cutting boards have been shown to dull brand new kitchen knives in as little as 10 strokes.
A. Wooden cutting boards tend to dull faster than glass cutting boards.. Opt for a flat surface when purchasing a cutting board.
B. If you happen to have a glass cutting board, use it as a serving platter or cheese tray instead. Other hard cutting board materials-like marble, granite, ceramic, and composite-can do similar damage to your knives, and should be avoided.
C. Glass cutting boards usually have a lower risk of rust because they create a much harder surface to slice. Glass cutting boards are great for bathroom and kitchen cutting.
D. These are the most popular because they are reasonably cheap and don't tend to produce the same rapid results as stone cutting boards.. Try glass cutting boards for cutting with stones.",1,1,1,0,8.211307135013996,0.14598460249908385,0.14651861182037332,51.13285948802513,3.6272048950195312
901,"Computers and Electronics: How to find a parked car with android. Open your google play store. Tap open its icon from your android phone or tablet's home screen to open it. Google play store is the official application market where you can download applications specifically made for android devices.
A.  Find an application that will help you find a parked car. Tap the search field at the top of the screen, and type in "" find parked car.
B. Open google play store from the home screen or app drawer to start the application. If you don't already have google play installed on your device, download it for free.
C.  Search for a car using the google search box. Tap the magnifying glass in the top left corner of the screen to begin the search.
D.  Add a location in your search list. Tap the set of plus-five buttons next to a location to add it.",0,1,0,0,5.588374500246562,0.14619279249927786,0.14640900192319198,50.21742282195919,3.2941131591796875
902,"Health: How to prevent sickle cell anemia. Arrange for a blood test. Sickle cell anemia can be passed on by birth if one parent or both parents have the sickle cell gene. If you inherit the sickle cell gene from one or both of your parents, you will carry the sickle cell trait (sct).
A. You may not develop any of the symptoms of sickle cell disease, but you can pass the trait on to your children. Your doctor can perform a blood test to determine if you carry the sickle cell gene.
B. Sct grants the placebo status of this gene. However, if one parent or both parents have sickle cell anemia, blood tests are not necessary and should only be done by a doctor or blood test technician.
C. The sct is a spot on your child's baby's growth that leads to sickle cell anemia. Talk to your doctor about the lab test that will determine the development of your child's spotting cells.
D. This trait can manifest independently, usually within the parent and their children. Your doctor will start the blood test and inject it into the cells, which will test the location in the blood that contains the sickle cell gene.",0,0,1,1,2.4395446007521233,0.1464774625001155,0.14651927838965528,65.6404694550074,3.910064697265625
903,"Food and Entertaining: How to account for forward contracts. Recognize a forward contract. This is a contract between a seller and a buyer. The seller agrees to sell a commodity in the future at a price upon which they agree today.
A. The seller agrees to deliver this asset in the future, and the buyer agrees to purchase the asset in the future. No physical exchange takes place until the specified future date.
B. The buyer is the person purchasing the product as agreed. You can identify a forward contract by examining the buyer's familiarity with the goods, the price of the goods he or she sells, and their relationships to the seller.
C.  The seller then agrees to pay as much of the market value of the commodity as possible. After the buyer makes a demand you may choose to change your forward contract.
D. A forward contract is usually the only contract that is legally enforceable by both parties. Once a buyer knows his or her right to produce the product, the seller at the far end of the negotiation is automatically obligated to produce that product.",0,0,1,1,4.650233636025746,0.14610435524991772,0.14637311639335865,51.96138127506856,3.4290313720703125
904,"Home and Garden: How to get rid of a squirrel in your house. Stay calm. A squirrel, much like most wild animals, is just as scared of you as you may be of it. As much as you want the squirrel out of your home, the squirrel's primary goal is also to get out of your house and back to a familiar environment.
A. Therefore, it's important to stay calm and react calmly and confidently if a squirrel tries to advance further. Say to the squirrel calmly, "" don't worry, it's nothing like that, and nothing like that at all.
B.  The squirrel is very inquisitive and follow you on the same trails you are used to. If you usually feed it treats, don't give it those.
C.  Animals have a similar anxiety response to humans and respond aggressively to perceived threats to safety. By staying calm, you will prevent the trapped squirrel from having a severe aggressive response.
D. There are many things that would trigger a squirrel attack attack : Interacting with the squirrel most likely won't solve the issue. One thing they already know is that squirrels have their own sense of smell and they'll sense you approaching and attack.",2,2,1,0,29.09812300081311,0.1458137502486352,0.14647617220175216,65.911627802976,4.217857360839844
905,"Sports and Fitness: How to get a varsity letter. Explore athletic options. Most schools give out varsity letters for athletics. If you already play a particular sport, like baseball or basketball, go for a varsity letter in that field.
A. This way, if someone notices your preference for athletics, they can grade their letter. Explore all athletic options to see which ones appeal to you.
B. To get a varsity letter, look on the school's website or submit an application directly. When you view the alumni council or the american league of sports teams, they usually list other schools that have varsity letters.
C. If you're not already on a team, try out for the team during the school year. If you're accepted to the team, you can work on excelling in that particular sport to earn a varsity letter.
D.  Call your school to see what they offer. Most schools will offer a varsity letter for any athlete they consider to be a good player.",2,2,1,1,4.3150461496838535,0.14583697724992817,0.14625548342284683,50.017701305921946,3.3383865356445312
906,"Food and Entertaining: How to balance a meal. Make half your plate consist of vegetables and fruits. Choose whole fruits and vegetables to consist of one half of any balanced meal. Try for 1-2 cups of fruit and 2-3 cups of vegetables per day.
A. Fruits and vegetables need to provide nutrients that can keep you full all day long without requiring you to eat another meal longer. Include 1 cup of grains (quinoa, farro) or 1/2 cup of vegetables per serving.
B.  Whole fruits and vegetables can include fresh, frozen, or canned items with no other ingredients (like sugar or salt) added. Equivalents of 1 cup of fresh fruit would be 1 cup of 100% fruit juice or ½ cup of dried fruit.
C. A half of a meal consists of 4 servings. Choose your whole meals wisely, choosing 2 or 3 servings of each.
D. Add 3/4 cup of vegetables to half of your plate and 4 ounces of soup mix just before you go out to eat. If you want to make more soup spreads, place 1/4 cup of vegetables in the soup mix and 1 cup of potato salad during dinner.",1,1,1,0,5.2084392933706765,0.14579453750047833,0.1464398901423366,61.209292668929265,4.010345458984375
907,"Computers and Electronics: How to make a digital portrait. Position yourself in front of a mirror so that you can see your reflection and the computer without changing position or moving your head. If this proves too difficult, you can instead work from a photograph of yourself and perch it close to your computer screen. Use a good painting program such as photoshop.
A. This is useful for creating series on which there are multiple background elements. Simply place one unit from the program on a table or countertop nearby and start the sequence/edit/print/save them all.
B.  Create a gentle design with glue or permanent marker. If you have not yet done so, just do so now! A more sophisticated touch to your portrait would be to desketch a series of grids of elliptical figures, stars, or simple heart shapes.
C.  Draw or print out your design onto a piece of thin cardboard. If you can, make a copy as well.
D. It is best to use a graphics tablet, but this can be done with a mouse as well.. Block in the main shapes using 3 or 4 colors.",3,3,1,1,7.3324489331091804,0.14609125974857307,0.1466774030875271,62.62890654501825,4.202995300292969
908,"Home and Garden: How to prepare a landscape bid. Research the project. Be prepared by asking specific questions about what will be required from you or your landscaping company. You will need to factor in the scope of work, as well as the amount of time and resources it will require of you before you write your bid.
A. If your firm is small, your bid may be highlighted in red. For a bigger firm, you will need to include specific scope questions to confirm the work the project will need.
B. Consulting with architects and local architects will help you determine the scope of your project, and what you should expect.. Choose locations that cater to your particular gardens.
C.  Write a general description of the landscaping work to be provided. This narrative will provide an introduction to the work the customer needs done, and you can explain in broad terms what you will do.
D.  Some bids can range from less than $20 , 000 to several thousand dollars, depending on the type of work the company seeks. In that situation, be sure to inquire about how much work the company receives.",2,2,1,1,13.244384026310765,0.14588255975104403,0.14647394970396913,59.466058019999764,3.7941436767578125
909,"Food and Entertaining: How to make lemon pudding cakes. Pre-heat your oven to 350 degrees f , 175 degrees c, or on gas mark 4.. Pre-grease the ramekins with non-stick cooking spray or wipe with a buttered kitchen paper/towel.. Get a medium bowl and mix the flour and sugar together.
A.  Mix the evaporated milk with the eggplants.. Add the dry ingredients at the same time.
B.  Carefully lay the wet mixture in the bowl with the wet ingredients.. In a separate bowl mix the egg yolks and butter until smooth and fluffy.
C.  Get another bowl and mix the softened butter with the egg yolks.. Measure and pour the lemon juice, milk, and lemon zest into the egg/butter bowl.
D.  While you can boil the sugar on the stove, prepare the butter. Beat the butter with an electric mixer until it's smooth and uniform.",2,2,1,0,9.815356200089285,0.1462900719998288,0.14667556382356176,59.54873694507114,3.800201416015625
910,"Pets and Animals: How to make a plastic bottle wormery. Peel the label off the bottle. It isn't necessary but removing the label makes the wormery look better. You can also paint the cap of the bottle to look like a little door later.
A.  Check to see if the labels have any sharp dents or imperfections. Any dents in the label are small puncture marks.
B.  Stuff the bottle into the desired jar.. Provide a single layer of paper for the bottle in your bottle storage.
C.  Cut off the top of the bottle (a few centimetres down). Make sure the cap is still on the bottle.
D.  Water the jar thoroughly or discard the cap. The label will remain permanent after refrigeration, and some people choose to change the label often.",2,2,1,1,6.71132019576743,0.14628139975138765,0.14637396632592314,45.961055160041724,2.9948883056640625
911,"Finance and Business: How to dispute credit inquiries. Understand "" hard "" versus "" soft "" inquiries. Credit inquiries fall into two categories, "" hard "" and "" soft. "" a "" hard "" inquiry occurs when a financial institution like a mortgage lender or credit card provider reviews your credit history in order to make a lending decision.
A. Another category, "" soft "", occurs when you're told that your credit history was reviewed by a credit reporting firm. It's an example of a hard question that you should ask yourself when reporting a loan inquiry.
B. Soft is defined as a bank account which you can either purchase or use in order to claim credit. Soft refers to any assets you own or use as a loan from your institution.
C. The hard decision is one that has a great impact on the balance of your checking account and its ability to pay back the full amount. A "" soft "" inquiry is when you are asked for amounts that you qualify for and then only the amount, and you do not necessarily qualify.
D. Typically, you authorize the hard inquiry when you apply for credit. A "" soft "" inquiry, by contrast, occurs when a person or company checks your credit score for reasons other than lending credit.",3,3,1,1,4.231477011509893,0.14583192275131296,0.146503556610586,63.43335347694665,4.1555023193359375
912,"Finance and Business: How to choose a hotel for your conference. Determine the anticipated attendance for the conference. Utilize historical data from past conferences to come up with an average number of attendees. This will provide some idea of the total number of rooms that the hotel must have available for the event.
A.  Set the approximate hours required to attend the conference. Studies have shown that hotel crowds are notoriously sluggish at these times of the year.
B. Then, look for hotels with enough seating to accommodate hundreds of people. The further away from the conference center, there is less risk of students getting hurt because of a lack of seating.
C.  Consider the amount of space needed for the conference exhibits. Think in terms of the number of vendors or other organizations that may be asked to exhibit, and focus attention on hotels that offer a large enough area for this portion of the event.
D.  You can also factor in a round-trip travel goal by observing how guests arrive and depart at a hotel. This is based on guest/conference size.",2,2,1,0,11.523022305638257,0.14620863449999888,0.1466785725610765,55.73597782096476,3.7354354858398438
913,"Food and Entertaining: How to paint your nails with comic strips. Groom your nails. File them, clip them, make them look spiffy. This adds to appearance when you put the comic strip on your nails.
A. Your short nails will be perfect this way and they'll get a manicure more quickly in the future.. Wash and scrub your nails in a neutral color.
B.  Paint your nails with your usual base coat. This will protect your nails and forms a smooth layer for application of the comic strips.
C.  Clean paint stains away from the surface on your nails. This is similar to sandpaper; the paint will be wiped off without expensive hassle.
D. The easiest way to do this is to do a deep brushing or a quick buzz around the edges. If your nails are naturally textured paint can help; try buffing with a large brush to remove smaller grains.",1,1,1,1,11.49182016432,0.14664215949960635,0.14635218109235076,46.39480131990422,3.226043701171875
914,"Sports and Fitness: How to train your' v shaped' walking style to a straight style. Watch your feet. Observe how you stand and walk. If your feet are automatically in a v-shape, watch the extent to which they turn out to help you figure out the extent to which you need to turn you feet inwards.
A.  Use a mirror to watch your feet. Make sure to observe your feet as you stand and as you are walking.
B. Determining the straightness of each individual step will be a great record as it's an incorrect turn that will usually make it harder for you to figure out how to avoid it.. Find your path according to your heart pattern.
C.  If you are while playing a guitar, for example, see how your feet turn in. If they turn out to be both bent and in a v-shape, they are the same shape but with slight variations.
D.  Practice walking at a pace that creates a slight wobble in your back. For this example, if your knees are naturally straight, then your walked style will look stiff and slender.",0,0,1,1,7.722522358420683,0.1459203972499381,0.14639598194487605,61.777202041957935,3.9490509033203125
915,"Relationships: How to cope if you have rejection sensitivity. Remember that feelings aren't facts. A big part of being able to cope with rejection sensitivity is recognizing when it's happening. If you think you have rejection sensitivity, you will need to acknowledge your tendency to overreact to certain social situations.
A. Then, it's necessary to remember that just because you feel a certain way doesn't make it real. Think of it like you are adding an extra step to your usual response.
B. Some common reactions towards rejection are : Treating yourself badly when people spend time with you. Being severely disappointed when a friend or loved one doesn't call, text, or email.
C. If you know you're always late and hate drinking, list any times when that nervousness motivated you to drink. Other situations that are often indicative of rejection are : A friend is putting on a production.
D. People may react in a dozen different ways: surprise, anger, depression, fear. For example, if you know your crush has rejected you on campus, take steps to avoid the situation.",0,0,1,1,7.798805021667193,0.14615409749785613,0.14668241374423466,57.35071050901024,3.5809783935546875
916,"Computers and Electronics: How to clean velvet shoes. Blot up excess liquid with a microfiber cloth. Microfiber cloths work well for blotting up stains before they set in because they're very absorbent. Use the cloth to lightly dab at the stained area to soak up some of the stain before it dries.
A.  Don't rub up too much liquid, as dabbing will damage the velvet.. Blot the area again with a soft, lint-free paper towel.
B.  Don't rub the material with the cloth because this can damage the shoe further.. Mix warm water and bleach.
C. The cloth should not be dripping wet, making blotting the stain worse.. Use a soft cloth dampened with distilled white vinegar.
D. Do this as soon as you can so that the stain will be as minimal as possible. If you don't have a microfiber cloth on hand when you notice the stain, try using something else absorbent, such as a regular cloth or a paper towel.",3,3,1,0,4.159971780633699,0.1463201320002554,0.14665094788237257,58.07245209789107,4.099395751953125
917,"Education and Communications: How to study for a spelling test. Look up tough words. If you don't know how to spell a difficult word, take a few moments and look it up. Spelling a word wrong will only reinforce the incorrect spelling.
A. Instead, look for words that you think are difficult or can't spell. Your dictionary may even have some easy to spell versions of this word.
B. For example, in english, any spelling you know would be incorrect. Pay attention to the spelling of uncommon words.
C. Use the "" help learn "" feature in your words to look up spelling and pronunciation problems. Most very highly-advanced spellbooks do not have instructions or guidance to test the readability of words.
D. It's important that you practice spelling your words with the correct spelling. This will help you remember how to spell the word the right way and pass your spelling test.",3,3,1,1,5.782493212160461,0.14626797249729862,0.14665893453604786,47.36927200698847,3.2071456909179688
918,"Youth: How to reduce cystic acne swelling. Apply a cold compress to the acne several times a day. Wrap an ice pack, ice cubes, or a bag of frozen food in a clean towel and put it over the acne. You can also use a towel that has been chilled with cold water.
A. The cold can reduce swelling and pain from inflammation. Leave the cold compress on the acne for 10-15 minutes, or until it becomes uncomfortable.
B. Ice cubes will help open up the pore and help open up the lower cases of the cystic acne. Cold compresses are usually applied during the night and can be applied to acne the next morning.
C. For small swelling, place the ice pack at the top of your wart, just above your lip. For larger swelling, take a cold shower or bath.
D.  Try a corticosteroid. Corticosteroids are acne-reducing drugs which do not respond to inflammation caused by cystic acne, but they can help with swelling associated with cystic acne.",0,0,1,1,4.445021058602578,0.14628507250199618,0.1466532844727435,57.33996138095972,3.6771316528320312
919,"Relationships: How to keep a conversation going with a guy. Ask open-ended questions. This technique is essential regardless of who you're talking to and what your end purpose is. An open-ended question will demand a more elaborate answer, while a yes or no question can be answered with a single word.
A. If you want to keep a conversation going, open ended questions are more effective than questions that can be answered using one word. Find ways to rephrase yes/no questions into open-ended questions.
B.  Open-ended questions show that you have the situation in mind, which is why talking about the issue before going further. For example, a conversation about a gas station may start with "" how many cans of water we'll need to keep running "".
C.  Try asking one or two questions, but try to evaluate every response to it. This will help you keep your responses short and to the point.
D.  Get a response out of the question before you voice your thoughts about it. Avoid asking general yes-yes questions, like "" what are you watching this time of day? "" immediately ask specific questions like, "" are you always up to grabbing lunch at starbucks? "". Ask open-ended questions.",0,0,1,1,5.689024281050811,0.14564044275175547,0.14623226210091383,61.56141506708809,4.206275939941406
920,"Cars & Other Vehicles: How to apply for an international driving licence in the united states. Understand what an international driving permit is. The international driving permit (idp) is not truly a license. Instead it is just a translation of your existing driver's license into 11 languages.
A. You must continue to carry your regular driver's license with you at all times. The permit is recognized in 150 countries (a list of those countries can be found at thenac.com/international _ driving _ permit _ countries.
B. Anyone who is under the age of 21 but who is over the age of 20 may use the idp. Additional information about the idp must be provided before you can enroll for an idp.
C. If your vehicle meets the basic international driving license requirements, registration may be required. You will need to pay licensing fees for your vehicle (driving a truck in excel) and required certificate of identification.
D. You will need to obtain a cuban driver's license to have an idp. The idp is only valid for 3 years.",0,0,1,0,7.927323314537722,0.14582625224829826,0.14638203238696165,56.208477316038625,3.7018203735351562
921,"Health: How to take an ovulation test. Buy an ovulation test kit. Go to your local drug store or grocery store to purchase an ovulation test kit. These are typically found in the family planning aisle alongside pregnancy tests.
A. They are usually at least two-quarter-sized, so they will record information regarding your menstrual cycle. You can purchase an ovulation test kit at any grocery store or big-box store.
B.  You will have to purchase multiple versions of one kit to avoid having to buy different kits. Ask the staff of the local drug store or grocery store if there are any ovulation test kits they have that you can purchase.
C. Ovulation tests are designed to measure hormone levels, which are essentially the same with hormonal tests. Ovulation testing kits come with package instructions and the kit's directions.
D. Depending upon your preference, purchase either a dip test or a digital test. Dip and digital tests are both accurate.",3,3,1,1,7.885598991368525,0.146128589500222,0.146325412738222,47.55497184697015,3.3200302124023438
922,"Health: How to strengthen your bladder and urinate less often. Recognize the benefits of kegel exercises. Kegel exercises are a way to strengthen your pelvic floor muscles that may be weak from pregnancy, childbirth, surgery, aging, or being overweight. Anyone can do these discreet exercises at any time of day and they may help with urinary and fecal incontinence.
A.  Kegels work to prevent constipation from showing or depressions of the intestinal tract. Most kegels massage the sac in the scrotum and help prevent the intestines from turning.
B.  The pelvic floor muscles support the uterus, bladder, small intestine, and rectum. Kegels work by forcing you to relax and contract your pelvic floor muscles.
C. Here are the benefits : Kegel exercises can help to strengthen your pelvic floor muscles and urethra. You can perform kegel exercises anywhere from 30 minutes to four hours a day.
D. Regular kegel exercises help you expand, cause more obstructions, and can improve the way you also breathe. Most kegel exercises involve squatting on the floor for fifteen minutes every day for six months.",1,1,1,1,4.074446796160027,0.14581744950010034,0.1465088300770923,67.0982786530003,4.066810607910156
923,"Philosophy and Religion: How to have a zen attitude. Let go of what you can't control. You are the only entity that you can fully control. Your thoughts, actions and feelings are what you are able to change.
A. Therefore, don't push past your grief or anger. Let your thoughts and feelings go and as you go, avoid taking everything for granted.
B. The actions and thoughts of anyone else, on the other hand, are precisely what you cannot control, perhaps despite your best efforts. Learn to let go of what other people think and do, and turn your focus back onto yourself.
C. They make an impact on who you are and the fate of your company, so let go of them. Remember that you aren't the only one who controls your thoughts and behaviors.
D. You cannot control the outcome of the situation, so life is about letting go of your problems, mistakes and successes. It is a practice that all zen people can commit in.",1,1,1,1,7.077155867827752,0.1460666550010501,0.14644817487830045,48.76571615496505,3.377655029296875
924,"Food and Entertaining: How to make zucchini pizza bites. Slice the zucchini and preheat the oven. Wash 3 large zucchini and use a sharp knife to carefully trim off and discard the ends. Slice the zucchini into 1/4-inch (6 mm) rounds and lay the slices on a baking sheet.
A. Bake the bites for 10 to 15 minutes. The zucchini should be the consistency of peanut butter and be about 1/2 inch thick.
B. Put them in a pressure cooker and turn on the oven to 375 degrees fahrenheit (177 degrees celsius). You can substitute a bag of water to puree the zucchini.
C. Bake the rounds in the oven for approximately 45 minutes. The zucchini will become crisp, light and soft when finished.
D. Turn on the oven to 400 degrees f (204 c). Try to use zucchini that are the same size since this will help the slices bake evenly.",3,2,0,0,6.478587734559908,0.14596767500006536,0.14652399771746338,58.16780180296337,3.7316818237304688
925,"Health: How to avoid getting the flu in winter. Get the flu shot every year. Every person over the age of 6 months should get a flu shot every year, usually in the early fall before flu season begins. There are a few different flu shots available, so ask your doctor or pharmacist which vaccine is right for you.
A. The most common flu vaccines are chlorhexidine, fluconazole, griseofulvin, and neuronoxiclovir. The proper dosage for you should be 1-600 mg once a day.
B. Get your flu shot at a doctor's office, clinic, pharmacy, college health center, or even in some schools and workplaces. Last year's shot won't protect you from this year's flu-get a shot every year.
C.  Flu shots can be given as an infant, as an adult, or during pregnancy. For children between the ages of two and five years old, the flu can be given as an injection into the child's brain.
D.  Some vaccines also require people to have a provisional vaccination at least every one year. See if your doctor specifies the brand, type, species, and year of the flu for medical assistance with choosing a shot that will meet your needs.",1,1,1,1,5.149639122564053,0.1460731695024151,0.146671203054417,65.41296442806197,3.9477462768554688
926,"Travel: How to become an alaska resident. Move to alaska. To become a resident, you need to be physically present in the state, and you must intend to stay in alaska indefinitely.. Take a second qualifying step.
A.  Go to the state services office to file for your residency and interview a representative. The representative will issue you a copy of the paperwork and explain what you must get.
B.  To become a resident, the first step you must take is to follow an alaska residency program (viva), which enforces the bonding procedure. You can find a copy of the viva online at :.
C.  Mere physical presence is not enough to establish residency. You also need to take an additional action that shows you intend to make alaska your permanent home.
D.  Alaska residents are eligible for a second qualifying step first. This step begins with you getting a copy of the alaska citizenship and immigration permit for your country of origin.",2,2,1,1,4.669545972523824,0.14588932749757078,0.14634232297246447,48.43749692198617,3.2736892700195312
927,"Relationships: How to act quiet and mysterious. Try to shorten the things you want to say. Never say anything more than you need to say. ( example: correct "" what are you doing after school? "", "" nothing.
A. "" incorrect, "" what are you doing after school? "", "" i'm gonna go home, sit down, read a book, eat supper and then maybe go shopping. "") keep the details to a minimum.
B. Haven't talked to anybody "", "" where is the bathroom? "", etc. ) when you hear something great happen at school.
C. "") you also want to cover any topics that might spook people around you. For example: "" have a good time, but then i will shut the door and listen more "" or "" that evening, i will go to the bathroom...it'll keep me occupied..."". Keep it short.
D. "" ) You can completely shorten the things that someone says to all of you, but are you limited only by your ability to fill the space needed? If someone asks you what you really want to say, simply say whatever you need. For example: "" i'd rather still count to four in an hour.",0,0,1,1,6.76169277391094,0.1458900152501883,0.14638409283966408,54.45290622599714,3.8198394775390625
928,"Sports and Fitness: How to start mountain biking. Get an appropriately-sized mountain bike. Your bike should match your height, body type, and the length of your leg. If a bike doesn't fit you well, then it will be uncomfortable and inefficient to ride.
A.  Bike shops sell perfectly sized mountain bikes, so choose bike that is comfortable but still aesthetically pleasing. Additionally, look around for a bike with good brakes and nice height.
B. As you bike, you could also stand on the bicycle and work on your legs. This will help prevent injury on your thighs, hips, and tailbone.
C. A good bike shop will be able to set you up with a bike specific to your needs. Many will offer repair, service plans or discounts on future purchases.
D. It is recommended that you have an appropriate weight of at least 70 pounds. If your bike cannot handle around 100 pounds, consider purchasing a bike that can support that number.",2,2,1,1,8.687480309926652,0.1458893477501988,0.14636112359306047,50.931783907013596,3.2200241088867188
929,"Food and Entertaining: How to research a business idea. Check out your market. You'll need to know what your competition will be and which customers you can sell to. If the market is already saturated with your type of business and customers are not looking for another option, you may need to pass on your business idea.
A. This is important for your business, as it can give you a better idea of the necessary consumer products and services potential customers might have. Unfortunately, becoming a successful entrepreneur does not mean the potential business idea is dead.
B.  Research every aspect of your business idea. You can fully research everything about the product and the business itself by looking through trade publications, searching online, talking to others in the industry, reading the newspaper and contacting your local chamber of commerce.
C. This is why it's a good idea to visit multiple marketplaces to see which one broadens your market.. Research your company's mission statement.
D. For example, if your customer base is small and customers do not want to visit your place of business, you may decide that if there is a large crowd, then you should try to attract the interest of business owners. Pick a broad enough class of clientele.",1,1,1,0,10.049550043708734,0.14612865274830256,0.1465725060462925,63.90383722299157,4.104362487792969
930,"Work World: How to double space in pages. Choose the paragraph. When you want to change a paragraph's spacing, left-click within that paragraph. A blinking cursor will be left behind.
A.  Pinterest works like a lot of other support tools. It may take a few tries before you find it.
B. Click this icon (actually to copy a paragraph) to ensure that this paragraph is already filled in. Open with text in the text bar, which is set to text : Paragraph 2: that paragraph is dated about a year ago.
C. The blinking cursor will allow the entire paragraph to be changed. The text can also be selected by highlighting.
D.  Drag the title and cover illustration to the start page to change the spacing.. Drag the page to the left edge.",2,2,1,1,10.938536544101071,0.1458939652529807,0.14638092446213483,38.93537807009125,3.112274169921875
931,"Education and Communications: How to use action verbs. Understand the purpose of action verbs. An action verb describes something a person does, such as an achievement, in a clear and convincing way. Using action verbs in your resume, your essay, or in business writing will make your sentences more concise and easier to understand.
A.  To keep yourself on track, determine what action verbs are relevant to the topic. For example, if you're publishing something about the nature of a cancer patient, you might be willing to choose action verbs for your articles that don't include the phrase "" chemo.
B. Examples of successful action verbs include : ' driven' ,' proved' ,' informed' ,' created'. ' class' ,' earned' ,' persuaded' ,' made' ,' yielded', or' offered'.
C.  Making action verbs easy to remember will help your resume stay in place as you write and retain important information. Using the action verbs in your resume can also help keep the essay focused, focusing on specific examples or actions an employee performs.
D.  When using action verbs, it's important that you choose the right verb for the sentence or phrase. Choosing the wrong action verb can actually make your writing very confusing for your reader and leave them with only a vague idea of what you are trying to describe.",3,3,1,1,6.791705994591684,0.145903652502966,0.1464618278998246,64.88035705803486,4.065650939941406
932,"Home and Garden: How to trap a rat. Go for the snap trap. If choosing a lethal trap, this is the most humane choice. It works to deliver a powerful snap that will kill a rat instantly.
A. Snap traps also have a built-in cartridge and locking mechanism. Using the proper tool and manual method, just use the correct sized cartridge and locking mechanism to trap your rat.
B. It's also good to use if you're creating a rodent trap because rats migrate quickly and will be much harder to find. Snap traps have an opened valve above the trigger so they serve as a feeding point, not the trap.
C. If you don't have one, however, the mousetrap will probably work better, as it's a lower-powered trap. Mice, mice will not need snap traps, but mice can and will use this trap anyway.
D. There are many types and brands to choose from, including the original wooden standby that still holds up as the most popular choice. The wooden traps are so popular because you can adjust the pan tension.",3,3,1,1,15.004525775124057,0.1463434574980056,0.14635049064044525,49.46643770390074,3.2523269653320312
933,"Finance and Business: How to garnish wages in california. Get a copy of your judgment. You can only garnish wages if you have a court judgment entered on your behalf by a judge. If you have a contract with someone and the other party stops paying on the contract, you cannot immediately bring an action for wage garnishment.
A. Getting a copy of the judgment is formally required by the law. If you don't have a copy of your judgment in your possession, you must obtain a copy from another party.
B.  Consult with the attorney to find out what type of garnishment you need. Trucking firms generally are unable to garnish wages without an attorney.
C. Accordingly, you must get a copy of the judgment from the other party and see it for yourself. If you are serving as a judge, then you need a copy of the judgment for garnishment.
D. Instead, you must sue for breach of contract and get a judgment in your favor. When the judgment is entered, you will be mailed a notice of entry of judgment form.",3,3,1,1,3.725699763364501,0.14573460974861518,0.14633727272849223,59.84953389403381,3.7669219970703125
934,"Pets and Animals: How to keep your dog comfortable outdoors. Ensure the dog has covered areas. Your dog needs an escape from the sun, especially in the warmer months. Too much direct sun can lead to heatstroke and sunburn.
A. Your pet may be exposed to excessive sunlight that can damage their skin from illnesses they both may have, including illness and injury. Always have dogs inside when they're outside andn't use heating pads or heat aligners, since these can also lead to skin damage.
B. In addition, make sure your dog takes shelter during the day, and even indoors when the weather feels warm. To keep a dog comfortable in your home, especially if the climate is always hot and sunny, provide your dog with an umbrella or blanket.
C. During the winter, your dog will need to get away from snow or ice. Make sure your dog has some shady or covered area where they can get out of the direct path of the elements.
D. To prevent such complications, keep a secure space in your house outside and keep your dog inside. You can start by leaving the door slightly ajar for your dog to easily exit the room.",2,2,1,1,5.838879994022558,0.1459980022500531,0.1459945322771451,53.72600175788102,3.5221939086914062
935,"Relationships: How to maintain a long distance friendship with your best friend. Text your friend/s every day and ask them how are they doing. Ask questions about their life, like their school, work, or relationships. Even if they've made new friends, try to always support them by giving advice and talking about their problems.
A. If you don't know them well enough to do this, simply show up at their home every so often to check in on them. If your friend has friends in school, ask them what they're doing and how they're doing.
B.  If your friend or s seems down or upset about something, try to help them feel better. Making someone feel better can be especially helpful if you don't get along.
C. Always be there for them, and try not to ignore their texts if they text you.. Call your friend (s) often and try to always sound cheerful when they answer your call so, they won't get bored while talking to you.
D. By spending time together, your best friend will have a sound head start and you'll have a much stronger picture of where their perspective is once they begin the friendship. You can also be involved in daily study sessions where you can chat regularly.",2,0,0,0,9.959446316703792,0.1457846947505459,0.14600623199784252,64.53386839405721,3.9960784912109375
936,"Computers and Electronics: How to navigate with google maps on an android. Turn on location services. Swipe down from the top of your screen to access the notification panel, and look for the icon for location services. The icon for location services is located in the row of quick settings in the notification panel, and can either be a circular icon with a dot in the middle, or a tapered pin facing downward, depending on the model of your device.
A. Select location services by tapping on its icon. Once on it, tap on "" store and location services.
B. Swipe left to scroll down and tap location services. It's a cog located in the column below the auto-maps icon.
C. Slide the location services icon towards the bottom of the screen. A menu will expand with destinations and city border options.
D. It will likely be labeled, so it should be easy to find in the notification panel. Tap on the location services icon to turn it on.",3,3,1,1,4.78966274160922,0.1455315179991885,0.1459224816936404,66.83093276090949,4.175697326660156
937,"Finance and Business: How to drill an oil well. Identify the drilling site. New oil fields are most easily found where oil is already being drilled. There are a number of ways to test for oil.
A. First, make sure the hole is big enough to fit the oil leak. Keep in mind that drilling a well that is deep in a small area of the ground works well enough, although you should scout the area yourself to be sure.
B.  Pay attention to the number of supports (loads) that you determine the oil source of. Standard oil may have about 10 active supports on its surface.
C.  Soil gas surveys can assist in the discovery of oil. These surveys measure a soil sample for trace amounts of light hydrocarbons (the tell-tale chemical signals of oil).
D. That means first, find the site you want to drill in. The location should be clear and easy to access.",2,2,1,0,15.625579910359939,0.14620665499933239,0.14602618319798502,44.100629212996864,3.1657943725585938
938,"Education and Communications: How to assess statistical significance. Define your hypotheses. The first step in assessing statistical significance is defining the question you want to answer and stating your hypothesis. The hypothesis is a statement about your experimental data and the differences that may be occurring in the population.
A. Statistical significance is that you may have more than the appropriate data in the population to explain these phenomenon. Consider how many bases are present in the population.
B. This is the framework for the thinking about the idea in question. For example, on the basis of statistical significance is that our society is very different than it was then.
C. For example, given standard data and statistics for many u.s. states, the same statistic applies as in canada, especially in us governments.
D. For any experiment, there is both a null and an alternative hypothesis. Generally, you will be comparing two groups to see if they are the same or different.",3,3,1,1,5.198063075584216,0.14588258975345525,0.14596054360410043,49.626273009991564,3.1583251953125
939,"Food and Entertaining: How to tell your parents you have a girlfriend. Drop hints; talk about her. Talk about your girlfriend as you would any other friend. This in itself that may lead them to figure it out.
A. You don't want your parents to get nosy. A nice way to do this is to mention a funny dinner in her room.
B. This can also be a way to get them more comfortable with the idea of you hanging out with girls (if that is not something you have done much before) or having a girlfriend. You can say something like this : "" my friend jessica and i are going to the movies tonight..."" "" oh, jessica's giving me a ride to the party.
C. However, doing it in confidence adds another layer to your new relationship. When in doubt, simply say something like : "" i've been wanting to ask you to give me a call to follow up on something.
D. Unfortunately, the more you talk about her, the more they may suspect or get suspicious. The internet is your best resource; talk about her on social media while you wait for him/her, as that will let them know that she is your girlfriend.",1,1,1,0,8.876296337573049,0.14564512975266553,0.14593165817971862,55.01508902004571,4.18499755859375
940,"Pets and Animals: How to stop your cat from attacking your dog. Get a cat tree. A cat tree will provide your cat a safe haven from the attentions of your dog. Cats often attack dogs to get the dog to leave them alone, so providing a spot where your cat can nap in peace is essential for maintaing good pet relations.
A.  Many options for cat trees include baby trees, baskets, or large boxes that cats can climb and hide in. Make sure you have a carrier big enough for your dog to sleep and get out whenever she needs it.
B.  Place the cat tree in an area that is often frequented by both pets so that the cat can choose to climb to its hiding spot instead of attacking the dog. Make sure that the dog can't get to the cat when it's in the cat tree.
C.  Resist the urge to run away if your cat starts growling. If your cat begins growling with intent to attack your dog, that is a sign that it is taking its aggression out on your pet.
D. If your house does not provide a cat tree, buy a box or scrap of cardboard that is cat sized and easy to turn. You will be able to turn the cardboard so that its top is the most visible by your cat.",1,1,1,1,5.188514509120395,0.14586061024783703,0.1461198586236087,68.5291767009694,4.267707824707031
941,"Finance and Business: How to form an llc in wyoming. Decide on a name for your limited liability company. Your business name is your brand. You want something distinctive, easy to remember, and gives potential customers a sense of your products and services.
A. Also, legally, you have to have a business name that is sufficiently distinctive from others in order to register your llc with the state. Perform an online search with your proposed name and "" wyoming.
B.  Your llc will be registered in wyoming, with the name at the top of the llc stock list. Your llc's name is probably the most unique name on the name list.
C.  You can have an llc as a sole proprietorship, partnership, corporation, or partnership. Give your company name in the state area where you intend to operate the business.
D.  Define your business's use and function. You want a name with something that reflects the length of the llc you will be using for the entire llc, usually based on a particular structure.",0,0,1,0,13.60658534406872,0.145975401999749,0.14604866869261177,53.30747100603185,3.5179672241210938
942,"Work World: How to sell anything door to door. Dress appropriately. You need to look presentable to the customers you want to reach. In most cases, wearing a tie looks much better than jeans and a t-shirt.
A. Formal attire is generally much nicer than business casual attire.. Make sure your shoes are not torn or worn.
B. You will be walking around in these clothes, so they do need to be comfortable. Don't overdo your clothing.
C.  For the current brand, you'll want to go for a range of colors and patterns. Black for khaki, gray for business casual wear, and navy-colored for evening out, for example work.
D. In addition, your attire should not be showy. Go with something more unconventional, like a trendy, formal button-down or oxford shirt with white pants or white pumps.",1,1,1,1,8.410151017488147,0.14566178700260934,0.14587650621572595,43.907969494081044,3.140625
943,"Home and Garden: How to start a dry cleaning business. Gain experience. Before opening your own business, try working in an existing dry cleaning shop for a few months to a year. This will help you determine if the dry cleaning business is right for you, and can teach you valuable skills that you can bring to your own business.
A. You may also learn a lot about what kind of equipment you will need, how much money you can expect to spend starting up your business, and how to interact better with customers. If working in a dry cleaning business isn't an option, do some thorough research.
B.  Your first job will be as an employee at your original job. You will most likely be working on inventory, cleaning patrons, and delivering notices.
C.  Check with your city or county self-help center or similar to make sure they offer that type of certification. As you can see, there are lots of ways to learn to clean gutters, sink drains, tiles, and even soap.
D. Use your experience as a starting point and also as a concept to determine whether or not you might be a good fit for your dry cleaning business. While being a dry cleaner may seem like a permanent job, being a dry cleaner can give you some new skills and keep your business afloat.",0,0,1,1,5.764334570111887,0.14566210249904543,0.1459238739116057,66.68616329195356,4.317955017089844
944,"Home and Garden: How to move large rocks. Secure 1 end of the ratchet hoist to an immovable object. Ratchet hoists, also called "" come alongs, "" can be found at your local home improvement store and online. You could secure the hoist to a strong tree trunk or a trailer hitch.
A. Loop 1 the end of the hoist around the immovable object and secure the strap through the hook latch bolt to make sure it won't come off the object.. Wrap the straps securely around the rock.
B.  Secure the other end of the ratchet hoist to a small block or another sizable object. Sticks, pebbles, or sharp objects are good choices.
C.  Jack the ratchet up and over a rock. Depending on your height and how high you have to lift your ratchet, this could take hours.
D.  Tie the hoist to a rock. Since climbing will take a lot of effort, you can start with the sharpest rock of your choice instead of tying the hoist back to the structure.",0,0,1,0,13.929576513133865,0.14566541999738547,0.1456888097131713,60.46076247210294,3.870330810546875
945,"Health: How to restore glycogen. Understand the glucose-glycogen cycle. The carbohydrates in your diet are broken down to create glucose. Dietary carbohydrates provide the basic components needed to keep glucose in your blood so you have enough energy for your daily routines.
A.  When your body senses that you have extra glucose, it converts the glucose to glycogen by a process called glycogenesis. The glycogen is stored in muscle and liver tissue.
B. Make sure to eat enough carbohydrates each day to help support your body and save energy when you exercise. In particular, those people in abusive relationships, good people and persons with lethal diseases have a heavy focus on their target groups of infected individuals and mental health problems.
C. In addition, you need to get strong energy in order to practice satiety. Eat breakfast in the afternoon and end at 2 am to stay in your energy level.
D.  Lean meats and seafood include: fish with a lot of vitamin e, and other products containing rich fats found in these materials like high quality proteins like walnuts and avocados. These carbohydrates are naturally high in fat and sugar, and they also make people feel full.",0,0,1,1,4.930829890203589,0.14574564700160408,0.1458174863715584,56.28526238194172,3.7231063842773438
946,"Sports and Fitness: How to lose weight fast with exercise. Do 1-3 days of high intensity exercises or interval training each week. Try to rework your exercise plan if you workout at a moderate intensity or are only doing steady-state cardio for your workouts. Higher intensity exercises and interval training have been shown to help support weight loss better than steady-state cardio.
A. Doing high intensity exercises and interval training every day can lower your heart rate which in turn can help maintain bone health and prevent you from growing bored if you stop exercising.. Do 30-60 minutes of intense cardio daily.
B. Be sure to do 1-3 days of high intensity workouts each week when you're in a fast paced routine. This can help kick that fast-paced, low-intensity workout routines into high intensity mode for you.
C. Longer periods of slow, steady exercise may help boost your bmr levels. Aerobic workouts and interval training are particularly helpful since they can help improve brain and heart function.
D. Including a few days of higher intensity exercises can help your body burn more calories and more fat per exercise session. If you are unsure of what pace you're maintaining, judge by how well you are able to keep up a conversation.",3,3,1,0,10.955045554509928,0.1456742820009822,0.1460372162498715,67.17566773794533,4.097465515136719
947,"Home and Garden: How to replace a toilet. Get rid of all the water. Turn off the water at the supply valve. Flush the toilet to remove most of the water (holding down the flusher for as long as possible).
A. Then, turn on the water in the toilet. Make sure all parts of the toilet have been replaced.
B. Clean the toilet or tub with a quality cleaning soap and warm water. Ensure all of the water runs out before proceeding.
C.  Remove all the toilet paper liners, carefully. If necessary, use tape to secure the liner to a long jet tube.
D. Remove the remaining water from the bowl by forcing it down with a plunger and mopping up the remaining water with a sponge. Then, remove the remaining water in the tank with the sponge as well.",3,3,1,0,5.658422806711945,0.1456523595006729,0.14590164504075123,43.623594725024304,3.1982574462890625
948,"Food and Entertaining: How to use oat bran. Make hot oat bran cereal. Instead of just cooking oats for your morning, cook oat bran. Heat 1 cup (240 ml) of water or milk until it boils and whisk in 1/3 cup (31 g) of oat bran.
A. You can boil the bran for several minutes, then let it cool to room temperature. You can also use a moist bread bag instead.
B. Keep whisking and cooking the oat bran for several minutes or until it absorbs most of the liquid. Sweeten the cereal with honey, fruit, or syrup.
C. Drop a few spoonfuls into your bowl and stir gently to ensure that the bran is all absorbed. For breakfast, dump 1 small scoop (240 ml) of oats into a muffin pan.
D. Add the oats once the water comes to a boil and whisk again. Put in 1/2 cup (120 ml) of applesauce or stock and whisk again.",1,1,1,1,4.637005540364592,0.14593790949948016,0.14587560438088043,55.72473009397072,3.6411209106445312
949,"Finance and Business: How to get a divorce without a lawyer. Discuss the potential divorce with your spouse. Make sure you and your spouse have a discussion about how both of you see the divorce going. If you and your spouse both think the divorce can be completed amicably, consider getting a divorce without a lawyer.
A.  You and your spouse can work on whether to split up your attorney's fees and expenses for the divorce. If you both opt to have your attorney oversee these costs, you'll be willing to pay for them.
B.  Have an attorney prepare the divorce if neither of you expect the other to make it official. You may hire someone over the age of 18 to prepare the divorce, depending on your preference.
C.  Discuss whether the judge will sign the divorce papers. If your spouse agrees, you should discuss whether an order of mediation or arbitration would be required.
D. However, if you and your spouse are having trouble agreeing on the terms of your divorce, you will need the assistance of an attorney in order to protect your best interests. Have this discussion at the beginning of the divorce process so that you can make the best decision possible.",3,3,1,1,3.7709329088899044,0.14571877749949635,0.14592969920831558,61.5814893790739,4.1000823974609375
950,"Food and Entertaining: How to make an organic sports drink. Make ginger water first. Add a little more than 2 cups (0.48 liters) of water to a small pot. Heat the water to boiling.
A. Set a timer and make sure to find the exact temperature that you want your liquid to be before serving it to your guests. For example, instead of making a ginger drink with ginger water, you can serve milk and water first.
B. Use a spoon to stir the ginger in the water. Ginger water is often added to smoothies or packed with carbs, making it good for this purpose.
C. Scrub the ginger clean, then cut it into pieces. Add the pieces to the water, and let it boil for about 15 minutes.
D. Add 5 scoops (400ml) of ginger water. Let the water boil, then add the boiling water.",2,2,1,1,4.302407832378636,0.14562087724880257,0.1455410078261329,45.70019593509642,3.3403854370117188
951,"Food and Entertaining: How to polish concrete. Evaluate the concrete. Use a mohs hardness pick to determine the degree of mineral hardness. Determining whether the concrete is soft, medium, or hard will allow you to fine-tune the polishing process.
A. If the concrete is quite soft, rough, with a woody, leather-like texture, you will need to take an oil or a lime-based polishing compound and sand its surface.. Determine the characteristics of the car's paint job.
B.  Average grade stones must be at least. 14-16 psi, heavy if the stone is glass, coarse if the stone is entones or has luster, and powder if the stones are clay or a combination.
C.  Use the tools supplied in the kit to test the hardness of the concrete against the hardness of other minerals. The softest mineral that is capable of scraping the concrete is harder than the concrete, placing the concrete's level of hardness directly below that mineral.
D. Pastel concrete will require a finer grit mohs or higher. For hard rock concrete, use a smoother mohs.",2,2,1,0,13.528913579773985,0.1455525525016128,0.1456425174134917,54.469941652998386,3.6397628784179688
952,"Finance and Business: How to know if someone has blocked you on whatsapp. Open whatsapp.. Tap on "" contacts. "" on android, it is in white text in the upper-right of the screen.
A. On ios, "" contacts "" is a gray icon at the bottom center of your screen.. Scroll to the user who may have blocked you.
B. To open whatsapp, tap the app store icon at the top-right corner of the screen and then tap on "" contacts. "" Look for the blue chat bubble icon on the upper-right corner of the screen.
C. On iphone: you can tap your profile picture in the upper-right corner of the screen. On android, it is in the "" contacts "" bar at the top of the screen.
D. This is a gray icon with a white background. Tap on this to open a conversation with the recipient.",0,2,0,1,6.228817444688503,0.14611296949806274,0.14569772665247183,41.6712107939893,3.0170516967773438
953,"Finance and Business: How to make hair dry faster without a blow dryer. Condition your hair. While in the shower, make sure to condition your hair. Conditioner not only promotes healthy hair, but also helps repel water.
A. By conditioning the hair, you stop the bulk of the drying. Treating hair like wet hair can actually help cut down on dryness.
B. Conditioners include coatings that stick to your hair and help the water slide off instead of being absorbed. If you have curly hair, smooth leave-in conditioner over your hair.
C. Bonus points if your hair is already dry. Make sure to condition it several times a week to prevent damage from the hair dryer.
D.  Always add shampoo to wet hair. Shampoo can wet very quickly, so make sure to use shampoo specially formulated for your hair type and hair size.",1,1,1,0,9.38266259175593,0.1455528422484349,0.14572976987618552,44.15541256197321,2.957366943359375
954,"Computers and Electronics: How to close apps in windows 8. Move your cursor towards the top left corner of the windows 8 desktop.. Move your cursor down along the fat left side of the desktop after a box appears in the top left corner.. Right-click on an app that you want to close.
A.  Drag that apple box up to the top left corner of the desktop. This will close apps on an app list, as well as remotes, internet access, etc.
B.  Check which tasks are running in the background then click on the button that is labeled "" turn off system info. "" if it turns white, your apps have ended up closed.
C.  Click "" close "" to close down the app. Repeat this for any other apps that you also want to close to shut them down.
D.  Click far to the right of the app you want to close.. Left-click on the app you want to close.",2,3,0,0,10.93517926708166,0.14589511525082344,0.14602050867573388,54.17310714499763,3.521820068359375
955,"Food and Entertaining: How to clean a pizza stone. Let your stone completely cool off. Before handling, you should allow it to cool off in the oven for an hour, otherwise there's a possibility it could crack, especially if you expose it to cold air or water. Make sure that your stone cools to room temperature before you attempt to clean it.
A.  Put on the gloves and disposable gloves. When handling your stone, you can choose between stainless steel, vinyl, glass, or plastic work gloves or disposable wrist gloves.
B.  If you must handle it when it is hot, use heat-resistant gloves so you do not burn yourself. Be sure any surface it is placed on is heat-resistant.
C.  Some pizzas stone can crack fairly easily even if the stone is completely dry.. Scrape off any dirt or algae clinging to the stone.
D. If you don't wait until the stone is cooled, it will become very warm. Always treat the stone with oven safe rubber gloves before handling it so that it doesn't melt too quickly.",1,1,1,1,10.28030143758922,0.1459302525017847,0.14597330268990222,62.76834795590548,3.961029052734375
956,"Philosophy and Religion: How to read palms (advanced ). Examine the finger shape. Finger shape normally coincides with the shape of the hand. However, most hands represent a mixture of finger types.
A. This mixture helps to create a diversity of qualities and talents for a person. The shape of the fingernail is also used in trying to determine the type of finger.
B.  Some people have smaller, more broad-shaped fingers than others. When viewing down, you may consider more elongated shapes such as fingers that go from top to bottom and end to split.
C. Try looking for a hand with long, thin fingers or a hand with small, flattened fingers. Try to determine the type of hand you think is most important.
D.  The ball of your thumb and index finger displays the big circle of the knuckle; the middle of your lower hand holds the bottom circle in place; and the top of your middle finger displays the big circle of the knuckle. Other variations have been made which emphasize different basic shapes, such as soft knuckle caps and statuesque fingertip caps.",0,0,1,0,10.232900371882213,0.1456206229977397,0.1456286211298347,49.95058505500492,3.922271728515625
957,"Health: How to drain a cyst. Anesthetize the area. Getting a cyst drained requires local or general anesthesia, depending on the severity of the cyst. Before draining your cyst, your doctor will administer a local or general anesthesia to prevent you from feeling any pain from the procedure.
A. For a small skin cyst, only a local anesthesia may be necessary, and these procedures can often be performed in the doctor's office. If the cyst is deep or large, then general anesthesia may be necessary.
B. Physical or surgical treatment will also be performed. This will vary based on the severity of the cyst.
C. Use your luck-this usually leads to less discomfort, but if you are squeamish about self-irrigation, you may want to numb the area to stop them. Check the packaging of the small box that contains your local anesthesia solution.
D.  You may have to go in the intensive administration of an antibiotic intravenously to help cut down on the bleeding and discomfort. In some cases, the surrounding skin and tissues may just come off without treatment, while others may continue to bleed and not require treatment at all.",0,0,1,0,4.718221888564801,0.145241735248419,0.14553574744908482,57.9220514359331,3.909637451171875
958,"Home and Garden: How to save on after school activities. Buy secondhand equipment. If your child is playing a sport, the equipment costs can add up quickly. Visit your local secondhand store or check online purveyors of used goods like ebay to pick up some more affordable equipment for your child.
A. Try to find a no-cost item, or buy the items in bulk. This will give you time to save on all your parent's budget.
B. Garage sales are also a great source for locating secondhand equipment. You might be able to find gently used : Baseball bats tennis rackets ice skates hockey sticks. Rent equipment.
C.  Major grocery stores, such as target and walmart, carry fruit and vegetables and are also great places to find secondhand equipment. These stores include all foods and low-cost sport equipment.
D. This can include anything from leather pads, special booties to small items like clothing. Items such as a swimming pool or training supplies can also add up quickly.",1,1,1,1,11.665460636173112,0.14539089300160413,0.14573025848408494,55.08468024505419,3.5122909545898438
959,"Finance and Business: How to get your house appraised. Contact your state agency that licenses appraisers. All states require appraisers to be state licensed or certified in order to provide appraisals to lenders regulated by the federal government.. Locate a qualified appraiser in your area.
A.  One of the biggest drawbacks of tracking down an appraiser is that some states may not offer the licenses or certifications required to do this. Use the website of your state agency to find a certified appraiser through the national association of appraisers.
B.  It may be worth it to go and talk with a qualified appraiser, preferably a tax professional you trust.. Find a residential appraiser who specializes in home appraisals for your home.
C.  Because the sale of real estate is generally low-income, the appraiser who evaluates a real estate sale likely has customers asking about bids. To find a qualified appraiser, search the internet and check your state's government.
D.  One way to do this is by using reliable online resources, such as. These sites usually offer a variety of ways to search for a local licensed or certified appraiser.",3,0,0,1,10.671516070272885,0.14538796025044576,0.1457087397132936,60.03071764402557,3.9126434326171875
960,"Sports and Fitness: How to do abdominal crunches with angled heels. Lie down facing the ceiling with your knees bent and your shoulders, hips, and feet aligned. Flatten your back and clench your abs, clasping your hands together behind your head.. Raise your toes up so that your heels press into the ground.
A.  This should work your upper thigh muscles; if you do not feel the effort there, try pressing a little harder.. Bring your head and shoulders up towards your hips in a typical crunch motion.
B.  Slowly lean over until your thighs touch the floor. Your legs should be spread out wide to create a triangle shape.
C.  Keep your upper body flat and engage your abs by flexing them. Bring your butt up toward the ceiling as you execute your oblique crunches.
D.  If you find it difficult to keep your heels firmly against the floor, you may want to try bending over a bit to move your lower back. If your knees keep continuing to pull into the ground, you're not balanced enough to keep them there.",0,0,1,0,17.287077055233752,0.14519887949973054,0.14561720843720188,58.53644447600527,3.9791030883789062
961,"Health: How to choose a natural sunscreen. Look for 10 percent zinc oxide or titanium dioxide. Natural sunscreens often use ingredients that physically, rather than chemically, block the sun. Because these don't offer a high spf on their own, you need to make sure they have a high enough concentration in the sunscreen to actually block the sun's uv rays.
A. Leave the sunscreen on your face at all times, or take it off when you're using sunscreen or take a shower. Even sunscreen that is produced with zinc oxide will leave you with zinc oxide in your skin.
B. Zinc oxide is a plastic sunlight absorbing agent. It will compensate for your copper and titanium electrolyte needs by protecting you from uv light, as well as using their uv wavelengths.
C. Choose a sunscreen that has a 10 percent or higher concentration of zinc oxide or titanium dioxide. These two ingredients are the only fda-approved ingredients for blocking the sun that are often used in natural sunscreens.
D.  The middle part of a sun protected product may also be the sun itself. Zinc oxide can also be found in petroleum products, including margarine or olive oil.",2,2,1,1,3.8415377496183796,0.14553110625274712,0.1458624793200002,65.34506524309108,4.010124206542969
962,"Cars & Other Vehicles: How to ride a bike with one hand. Make sure that you're good at riding a bike with two hands. You should be able to be balanced, and you shouldn't be falling off at all. If you can't ride with two hands, you won't be able to ride with one.
A.  Demonstrate how to lead by guiding with one hand. You should always lead with your other hand but with the bottom of your hand placed on the pedal.
B.  On bikes, positions like wheels, handlebars, or pedals are less important. You should feel like you're running headfirst on the bike when you don't have two hands.
C.  Get on your bike and start riding. This time, loosen the grip of one hand (whichever one you feel more comfortable doing).
D. Lean on a chair, a backpack, or whatever you're not comfortable doing. Ride with one hand to hold your torso against the bike and to get off calmly.",2,2,1,1,9.99778100139946,0.14563723650098837,0.14573689483933183,56.83699035398604,3.63525390625
963,"Food and Entertaining: How to make homemade pasta. Mix the flour and salt. Combine the sifted flour and salt until evenly distributed. If you plan on mixing the dough entirely by hand, combine the flour directly on a well-floured counter.
A. Afterward, use the flour to form a mound with a crater in the top. If you plan to use a stand mixer, combine the flour and salt inside the bowl of the stand mixer.
B. The counter is a strong source of delicious pigeon bread. Instead of making multiple crusts for each batch, first work the flour and salt into a makeshift crust that's around 6-8 inches wide.
C. If using a pre-floured skillet, pulse the flour a few times until it blends well and forms a coarse, texture.. Transfer the dough onto the baking tray.
D. If using a stand mixer, mix the flour and salt with a spoon until well-combined. Do not use plastic wrap, as the dough tends to stick when sealed.",0,0,1,1,4.410489563227321,0.14526102850140887,0.1455753185862119,51.241254982007376,3.308746337890625
964,"Sports and Fitness: How to size and take care of goalkeeper gloves. Know general sizing ranges for goalkeeper gloves. In order for you to use your gloves most effectively during a match, they need to fit properly. If gloves are the wrong size, it can affect not only your performance but also the durability of the gloves.
A. Goalkeeper gloves can be worn over or under your face, but they should cover your legs and feet. It can also be dressed above or below your knee, in order to help with any weaknesses.
B. Consider your own comfort zone when the gloves are found out to avoid ruin or putting you into any trouble. Wear the gloves no matter where or when you get the ball.
C.  Measure your hands for perfectly fitting gloves, but the following is a general sizing guide for junior and senior players. For junior players: size 4 or 5 is for a small junior goalie who is between 7 and 9 years old and wears size youth small goalkeeper gear.
D.  Buy gloves that are either "" size 9 "" or also "" size 1 "". Numbers 9 and higher will affect your performance.",2,2,1,0,14.751157775005238,0.14514941849665774,0.14539591163974167,60.33831735792046,4.1904754638671875
965,"Computers and Electronics: How to zoom in internet explorer. Open up internet explorer 7 or 8.. Click on the page button in the upper right-hand menu.. Roll your mouse cursor over the text size menu item.
A.  Choose among the following text sizes: largest, larger, medium, smaller and smallest.. Open up internet explorer 7 or 8.
B.  Click on the category tab in the left sidebar that says "" look close to library window.. Drop down to the navigation bar to find the green arrow to the right, click that.
C.  You can still use your mouse to zoom in safari if that is what you're after.. Place your cursor over the text size menu item and click "" zoom out from program.
D.  Click on the zoom icon in the upper right-hand menu. This will allow you to move the zoom mode icon from place to place on your pc.",0,0,1,1,5.219803430784166,0.14495542599979672,0.14526616898698405,45.32180175199028,3.0328598022460938
966,"Youth: How to stop parents knowing about an after school detention. Get home first. Most schools tend to send a letter home to your parents, explaining about your detention. If you happen to be one of those schools, try to get home every day before your parents do.
A. This will help them not only see what's going on, but hopefully make them want to spend more time with their child. If you get home first, let your parents know how you've been acting and why.
B. Leave early to give yourself enough time to go through the house. Make sure you're not alone with your parents at all times, as this will make them more likely to issue a grounding-or a ban if they see you late to school.
C.  When it comes to your parents' suspension, you should be there first. This gives you something to do before your parents get upset.
D. That way, you'll be able to check the mailbox for any letters from school that will drag you into the danger zones. If you do find a letter from the school, dispose of it immediately.",3,3,1,1,7.781014208635467,0.14506286150026426,0.14535863699746182,55.67117486803909,3.6927108764648438
967,"Computers and Electronics: How to watch videos on an ipad. Tap the videos icon on your ipad's home screen to launch the videos app.. Tabs are shown at the top of the screen, for movies, tv shows, podcasts and music videos. Tap one of the tabs to select your category.
A. Then select the category that describes the movie, video or music you want to watch. Tap the "" screen count "" button to add that to your list of options.
B.  Tap the title of the podcast or tv show episode you want to watch (for movies and music videos, skip to the next step).. Tap the title of the video you want to watch.
C.  There are also instant access options on the screen underneath the icon of the video. Tap all if you have been given permission to watch a video from that category after the app has been installed on your device.
D.  Once the selected category is created, tap the sticker icon next to a video. A list of movies, tv shows, shows from the category will be sent to the video screen.",1,1,1,1,6.648402162703309,0.14522218625097594,0.14566306366650772,56.952494383942394,3.6418914794921875
968,"Education and Communications: How to say good morning in french. Say "" bonjour. "" this is a standard french greeting use to say "" good morning, "" "" good afternoon, "" "" good day, "" and "" hello. "" This is the standard way to say "" good morning "" in french, and you can use this greeting in any french-speaking country or region.
A. It can also be used if you're french-speaking where you live. The greetings in french are simply how you say "" day "" in french, and they are informal and informal.
B. This term is a combination of the french words "" bon "" and "" jour. "" bon means "" good "" and jour means day.
C. It's especially important with an area near you that has latinos in the area. It shouldn't be a surprise if you start using it every day if you have any latinos in the area.
D. This style is more common in western countries.. Say "" dukal "" instead of "" hello.",1,1,1,1,4.103209725814693,0.14538649425048789,0.14553124027760964,61.413604413042776,4.010612487792969
969,"Finance and Business: How to order heavy equipment parts and supplies. Refer to your manual. Note that there are many different types of heavy equipment, and many different manufacturers, but most, if not all, are provided with a basic service manual or owner's manual. Often this is the best place to start.
A.  Identify the manufacturer and model number and year. Regardless of where you begin looking for parts, you will need to be able to identify the manufacturer, the model year, and the model number.
B.  Follow manufacturer's instructions about transport. If the equipment you want to transport is physically and mentally demanding, it is important that you read and follow the care and location manual.
C.  Avoid simply ordering heavy equipment, such as tv sets and weight tables. Many heavy equipment manufacturers do not provide a service manual at all.
D.  If you're not sure what order you want the equipment in, contact your local auto parts store. You can also search online for "" heavy equipment manufacturers in my area "" for a recommendation.",0,0,1,1,6.5664641500344745,0.14528390350096743,0.1455240318076171,56.607887859936454,3.5921554565429688
970,"Food and Entertaining: How to do an around the world exercise with an exercise ball. Find a soft surface, like a collection of yoga mats. Put your exercise ball in the middle of this surface, making sure there's plenty of space around it for this exercise.. Kneel facing the exercise ball.
A.  Lean forward so that your upper torso touches the ball, and slowly roll so that your thighs start to roll onto it. Touch down with your arms on the other side of the ball and lift the rest of your legs off the ground.
B.  Stand up with feet spread apart with one foot in front of the other.. Scoop up the ball gently with your left hand, still keeping the ball in your right hand.
C.  Push away from the ball and toward the floor. Your weight should be balanced on your glutes.
D.  Your back should be towards the exercise ball. Your front knee should be up, your foot firmly planted, and your toes pointing towards the ball.",0,3,0,0,11.554702542145924,0.1452597137522389,0.145515162929586,56.31334625704039,3.8926773071289062
971,"Food and Entertaining: How to use fennel. Cut the stalks off of the fennel bulb. Rinse the entire fennel plant under cool water before cutting. When you cut off the fennel's stalks, hold the knife near the bulb.
A. You don't have to throw the stalks away once they're removed. They can still be used in a variety of recipes.
B. You want to knife just long enough to sever the stalk on the bulb. The stalks don't need to be trimmed because fennel is often used as market produce.
C. Run it under cool water again to cut off any leaves that appear after the bulb is cut off.. Create a tapered cut through the fennel stalk.
D. The blade should be pointed away from the bulb. Discard any "" remnants "" of the fennel.",0,0,1,1,5.10188909584929,0.14559473624831298,0.14583995410543119,50.459643249050714,3.3986434936523438
972,"Home and Garden: How to put up a hammock. Find 2 trees to hang your hammock between. Look for healthy, sturdy trees and avoid trees that are young and thin. Try to find 2 trees that are spaced apart the same distance as the length of your hammock.
A. Make sure that the trunks are at least 14 inches (35.4 cm) in diameter. This is the middle of your hammock.
B. If the trees are closer together than that, don't use them or your body will be resting on the ground when you're in your hammock. If the distance between 2 trees is greater than the length of your hammock, you can use chains or rope to make your hammock reach.
C. Find poles or trunks that have some large, thick leaves or feel thick.. Lay your hammock on top of the other 2 trees.
D.  Hanging them side-by-side may cause them to get bent.. Make the hammock handy from the ground.",1,1,1,0,4.409266921467283,0.1453165610018914,0.1455975222815953,54.88914205504261,4.155487060546875
973,"Work World: How to handle feeling out of place at work. Try to label what you're feeling. Ask yourself what is keeping you from belonging. Co-workers sometimes hang out with their own age group by default and maybe you're much older or younger.
A. Figuring out what's making you feel out of place might help you achieve success. Ask yourself what is making you feel overwhelmed on a daily basis.
B. However, most co-workers simply accept that you're at work and take responsibility for your own needs. Sometimes co-workers mix up work schedules and find their company uncomfortable.
C. Perhaps you are a manager and feel excluded from your subordinates? Maybe everyone else has energy for the job, but you're dealing with. There even may be varying levels of lifestyles, values, or interests separating you and your colleagues.
D. Remember that you are not an adult, so whatever the reason, you are not alone. Try writing down what you're feeling.",2,0,0,0,24.69744032936892,0.14513097125018248,0.14542855596125395,49.444518687982054,3.500396728515625
974,"Work World: How to write a status report. Gather budget and scheduling information. With most projects, the budget and schedule are the most important part of a status report. Your manager wants to know that the project will be completed on time, and ideally under budget.
A. It's useful to have one month's worth of planned workaround. A budget budget can provide you with focus and guidance if new project management techniques are presented.
B. You will either have to agree to these terms or include them in your report. For instance, if you are applying for a position in company politics, but your need to keep going to sports matches in campaign reporting, you can list the numbers of supporters you interviewed on your paper.
C.  Determine the goals for the project and split them up into smaller goals. For example, if your goal is to produce 1000 t-shirts in 4 months, and you're to give 3 monthly status reports, focus each status report on whether you've produced 250 t-shirts that month.
D. Accordingly, do everything you can to plan for the project. Outline any expense that you need to work on or use the project for, but write down any other important tasks that need to be worked on.",2,2,1,0,9.069009097849637,0.1453542834988184,0.1454700882215172,58.3330421579376,3.9716415405273438
975,"Finance and Business: How to choose high quality emeralds. Look for keywords that indicate origin. "" created, "" "" lab created, "" "" laboratory grown "" or "" simulated "" are keywords that indicate the emerald is synthetic, not natural. "" chatham "" emeralds are also man-made.
A.  Search for examples of "" made "" emeralds. "" created "" emeralds are shiny, natural, and free of blemishes.
B.  Instead of saying "" sourced "" or "" invented "", avoid using "" produced "" as these words. Instead, call the emeralds "" produced "" or "" invented "", "" produced "" and "" manufactured "".
C. Be wary of the way a seller uses the word "" genuine. "" created emeralds are indeed genuine synthetic emeralds, not genuine natural emeralds.
D. A term like "" produced "" suggests genuine emeralds, and "" made "" means the emeralds were manufactured. Buying property with authenticity is the first step, but you need to be very certain with a quality emeralds.",2,2,1,1,8.109944574171886,0.14539487899855885,0.14573716552398694,58.14775989796908,3.82183837890625
976,"Home and Garden: How to cut crown molding inside corners. Measure the angle of the corner. Use an adjustable protractor to measure the actual angle of the inside corner. Divide this measurement in half to determine the number of degrees each cut will need to be set to.
A. The exact angle used will depend upon the measure in your measuring tool. Divide the angle of the outside corner by 2.5 inches (3.8 cm), since the angle of a corner is the angle at which the crown molding is created.
B.  Place the right side of the protractor against one wall forming the corning. Open up the left side of the protractor, extending it all the way open until it is perfectly flat against the wall on the other side of the corner.
C.  Before you cut, the prepared pieces will be roughly one foot (60 cm) long, so doing some calculations will help you to see how long each piece will be.. Determine the approximate height that each corner will have.
D.  Measurements by inches cannot be measured with an actual angle; in other words, conventional measurements must be set to a measurement of 1.5 inches (3.8 cm) or less. Without the degree set, the end result will give an angle of 5 inches (12.",1,1,1,1,10.890784610691481,0.14551952600049844,0.14609767469794857,61.0665154289527,3.9090118408203125
977,"Sports and Fitness: How to teach volleyball to kids. Teach proper hand placement. Have them place one hand flat, place their other hand underneath that hand, and curl in their thumbs to the middle of their hands. Their forearms should form a flat surface, which is where the ball will be hit.
A.  Use techniques such as bringing your toes together if you are right handed or left handed. The combination of the two positions may help make the casting technique more game-like.
B.  Only the larger of their palms should be touching the ground. They should feel the ball lightly moving in their palm.
C. Have them walk their hands around to get their hands as close to the net as possible. Know that by simply hitting the ball, you're not allowing the ball to slide in or out of one of their hands.
D.  Alternately, they can make a fist with their left hand and then cover the fist with their right hand so that their thumbs line up on top. They should never interlock their fingers because it is dangerous and they could end up with a broken finger.",3,3,1,0,8.05681246719652,0.1457834085013019,0.14598513238442515,57.95529066108429,3.9261856079101562
978,"Education and Communications: How to make a dream journal. Choose a notebook. If you already have a dream journal that you haven't used recently, you can use it if there are enough pages left. You can also use any old notebook you have laying around.
A. For example, a notebook with an entry on it might be suitable for writing in, but you can also use a notebook that you had lying around the house already. Save space on your notebook by using 3 pages total on the inside or 2 pages total.
B. Of course, you may also want to just select a new one to keep until you run out of blank pages. If you are keeping a notebook for several months, you could just think of an empty journal for now.
C. For some, picking out a new, fancy notebook can be exciting. A new notebook might also encourage you to actually use the notebook.
D. If there is too much writing available, you might be overwhelmed by the junk. There are some good places to use a journal : If you have not used the notebook in a long time, consider using one.",2,2,1,1,9.705756380904486,0.1458703960015555,0.14612971490826787,54.65147610006534,3.703460693359375
979,"Work World: How to teach adults. Speak slowly and use nonverbal cues for esl students. Use gestures, exaggerated intonation, and visual representations to help esl students follow along with your lessons. Processing a new language can be difficult, so speak slowly and clearly.
A. After asking a question, give students a few seconds to process what you've asked. This pause will give them an opportunity to formulate thoughtful responses and follow along.
B. Try to communicate using non-verbal cues for the majority of the class. Some examples include : "" i like what i'm saying.
C. Avoid stretching muscles or twisting or tilting your head to accommodate the student's body language. This will help inspire them to learn and process the foreign language.
D.  Avoid talking in a strong voice since it can easily project in the classroom. Use nonverbal body language such as crossed arms, playing with their hair, or repeating "" uh-huh "" or "" oh, "" instead.",0,0,1,1,7.596571824278223,0.14523710924913757,0.1458188423532673,51.325905575933575,3.5954666137695312
980,"Health: How to treat herpes. Get an accurate diagnosis from your doctor. Herpes blisters are small, red, and filled with a yellowish fluid. Small blisters can cluster together and grow into a larger blister.
A. Your doctor may be able to determine which part of your body has herpes. If your doctor suspects a herpes infection, they may refer you to an exterminator.
B. To rule out other causes, have your doctor examine the blisters and, if necessary, take a viral culture. Herpes virus type 1 usually causes blisters around the mouth, and herpes virus type 2 usually causes genital outbreaks.
C. The fluid may begin to look red or become clear. Ask your doctor which wart species the blister is from.
D. If you have whiteheads, cysts, split eggshells, or lesions on the skin, these are likely from herpes.. Get a high risk and singular diagnosis for herpes.",1,1,1,0,4.536528175036062,0.14560093474938185,0.1458674420569358,46.53064798693231,3.3291397094726562
981,"Finance and Business: How to adjust immigration status as a daca recipient. Get referrals to an immigration attorney. The best way to understand your options is to meet with a qualified immigration attorney who can review your situation and offer tailored advice. If you don't know an immigration attorney, then you should seek referrals from the following sources : Other immigrants.
A. For example, you could use a credit card from a bank or credit card company. You might also want to get quotes from deductibles or dividends during the process.
B. If there is more than one immigrant from another country, then all from that country can also get referrals. Often, you can request referrals by contacting other immigrants in the same country or by using a telephone call.
C. Remember, you are actually a nonimmigrant. Keep in mind that qualification isn't an automatic first step in the process.
D. Ask them if they would recommend their attorney. If they would, then get the name and contact information.",3,3,1,1,4.742099398821428,0.1454417894983635,0.14578935355465322,57.87698310497217,3.8828811645507812
982,"Philosophy and Religion: How to refuel your mana. Go outside. This will remove any technological distractions and connect you to the earth. If you cannot, that is fine as well, it will just be significantly harder to harness energy (patios and porches are fine).
A. You can use your battery, cell phone, or computer to go outside and try to refuel. Put off your activity until the time in which you are stopped by steady traffic coming into your neighborhood.
B.  If possible, have some fresh air. Any kind of water source will do.
C.  Figure out what you are going to do. If you do not already know, also find out how much energy you will need to move (this will not be visible to your body in real time if you are not in physical space).
D. The time of the day when you feel the most magic will make for the best results. Alternatively, undergrounds places such as caves (or even for a lack of natural caves, deserted underground areas) feel better and more effective to some people.",3,2,0,0,26.79838282721762,0.14557731225067982,0.14611076993659716,55.81218028503645,3.7806243896484375
983,"Education and Communications: How to deal with excessive summer homework. Assess your workload. Figure out how much work you have to get done over the summer. This will allow you to break your workload up into discrete, manageable sections.
A. For example, you may have many assignments due on monday , 2 assignments late friday, and 3 other deadlines coming up on thursday. Ask yourself a little about your wage and relationship status.
B.  Gather all your assignments together and make a list of all you need to get done. Seeing the assignments clearly laid out will give you an idea of how to pace your work.
C. Use this to determine how much time you have available to do the most repetitive things possible. Priority activity loads and deadlines will give you an idea of when it is time to start seeing good results.
D.  Determine how much time you have free of this that you don't have to get to class early and try to divide this into manageable chunks. For example, maybe you have a ton of assignments to do over the summer.",1,1,1,1,8.93006375697482,0.1454567197488359,0.14587195713974802,49.594804477950674,3.263946533203125
984,"Computers and Electronics: How to reduce pain caused by a new piercing. Ice the piercing. Simply icing the area in question can often soothe some pain associated with piercings. This can be helpful during the first few days, and can also reduce swelling.
A. You may not know that ice can help reduce swelling-although it can help reduce pain associated with using your piercing when you do wear it. Find a bag of ice-wrap the area in a towel and put a small piece of ice wrapped around the area of the piercing.
B.  Apply ice to the piercing for 5 to 10 minutes at a time to numb the area. If your piercing is still painful after a few minutes, you can always apply a numbing ice pack to the area.
C. Apply something cold, like a bag of frozen peas, or an ice pack to the area during downtime throughout the day. Keep in mind, you may want to place a clean, dry rag over the ice pack or cold object to prevent infection.
D.  The rubbing and squeezing of ice on a new piercing may be enough to numb it. Both ice and regular dental stimulation will also help increase blood flow to the area and reduce pain.",2,2,1,0,7.414962117050121,0.14563865199852444,0.1459135951143799,57.9265974879454,3.760833740234375
985,"Education and Communications: How to write fantasy fiction. Choose the kind of fantasy you're writing about. Decide whether you'll write about a medieval, futuristic or any other type of era. Take the time to imagine your fantasy world and the characters within it.
A. Take notes or write an outline of how your fantasy world works. For example, if you have included supernatural creatures, are there special rules they must live by-like vampires avoiding sunlight.
B. This will give you a rough base in how you'll present your fantasy world. Though fantasy fiction can be viewed using writing software, you may be able to find fantasy novels in third person by researching online.
C. An ideal setting could be a medieval palace or a medieval science laboratory. You could even decide to write an imaginary universe completely fictional (where it's impossible to really understand society).
D. While you may like the genre, many fantasy writers find the genre to be dull or stale. You'll need a strong creative, engaging, and realistic setting to fill these gaps.",0,0,1,1,13.756779876768926,0.14544801449847,0.1458269687183887,51.32957717199315,3.3027420043945312
986,"Relationships: How to temporarily keep your new relationship a secret. Use different names in your phone. Chances are, you are going to be texting or calling your new partner. However, if you are trying to keep it secret, you may want to use different names in your phone.
A. Remember, though, that you and your partner may be continuing to have a different set of names. For example, instead of using "" j.
B. Doing so might offend your new partner and potentially hurt your relationship. Try using the new names from this list throughout the month.
C. A little bit of variation can prevent everyone from recognizing the wrong names. For example, you may want to use shazam, ella, cr.
D. This way, if someone sees a new text pop up on your lock screen, they won't see your partner's real name. The problem with this is that they may ask who this new person you are texting is.",3,3,1,1,5.4535825019027335,0.1457116470028268,0.1460831122839092,52.58843456108298,3.6683273315429688
987,"Travel: How to get a travel visa for vietnam. Obtain a passport from your home country. If you do not already have a valid passport, you will need to get one before you apply for a visa to visit vietnam. Most state departments will require your birth certificate, proof of residence, headshot photos, a completed application, and the appropriate fee.
A.  To claim a new zealand visa, you must first have submitted any documents from your home country. Proving that you have a new zealand passport will make it easier for any immigration authorities to review your application.
B.  You must also have your passport translated into chinese. Most countries require any foreign worker to have a translator translated in chinese.
C. Some countries may require an in-person interview. Processing time will vary, but you should allow four to six weeks.
D. Once you have these documents, the visa application process is complete.. Apply for a visa under uscis.",2,2,1,1,5.7057246120909975,0.14556662250106456,0.1460227086759266,59.13737266905082,4.034477233886719
988,"Computers and Electronics: How to take ginkgo biloba. Look for a trusted seal of approval. Dietary supplements are not regulated in the same way prescription medications are. Be sure they bear the seal of a trusted inspection agency.
A. Think about buying a product like this before you buy it and ask that the seal be sealed immediately. If you are still in doubt, visit the product's health agencies.
B. Look for a "" certified by the fda "" seal. Although the texas department of animal control and the city of sydney international can guarantee your identification information, you must be the current owner and currently have no domestic activity involved in the assessment of your ginkgo biloba.
C.  The efsa (european food safety authority) regulates supplements in europe. An orange "" usp "" seal means that supplements meet u.s.
D.  Local pharmacies and plant agricultural labs may have a pickless seal of approval. These small drop in ce or cna ratios are different on drugs than those that are tested for state and federal governments and reduced in federal laws and federal legislation.",2,0,0,1,25.793625071924183,0.145357372250146,0.1458169198583651,52.05480219900346,3.662567138671875
989,"Home and Garden: How to wire a light. Cut power to your circuit. The best way to do this is by turning off the electricity supplied to the circuit on which you will be working at the junction box (also called a fuse box) for your home. Switch the breaker of your fuse-box so the fuse for the circuit supplying electricity to your fixture reads "" off.
A. "" then you should wait for the breaker to die down and then turn the circuit off. The simplest way to do this is to blow to fill the fuse box with gas or discharge gas before turning the circuit back on.
B. "" turn this switch to replace the old fuse in the wall. When wiring larger fixtures, such as light fixtures such as a stereo or television, it's best to power off any modern fuse.
C. "" the circuit may turn white or yellow, which is normal.. Confirm that the circuit you will be wiring is fully functional and functioning properly.
D. "" It's always a good idea to double-check the flow of electricity by checking the light itself before moving forward with this project. Flick the light on, and if the circuit has been disabled, the light should stay off.",3,3,1,1,7.132802036826224,0.14593433425034164,0.14601903733128946,66.7303612480755,4.174201965332031
990,"Food and Entertaining: How to roast almonds in the oven. Spread 3 cups of almonds on an ungreased baking sheet. Place a piece of parchment paper underneath the baking sheet for easy cleaning. Your baking sheet should only bake a single layer of almonds at a time.
A. Cover the baking sheet with plastic wrap so you can later discard used almonds that tend to get dull quickly.. Place two tablespoons of baking soda, one tablespoon of olive oil and a pinch of salt in a glass bowl.
B. Fill it with 1 to 2 inches (2.5 to 5.1 cm) of olive oil to ensure even coverage in the roasting process. You can also use a glass baking dish to bake a complete meal.
C. Either use parchment paper or create your own from paper to 2/3 of a cup of almonds. If a baking sheet has no parchment paper underneath, skip this step.
D. Preheat your oven to 350 ° f (177 ° c) and wait until it's heated to bake your almonds. Spray vegetable oil on the pan or grease the pan with butter before baking as an alternative.",3,3,1,0,9.276165345285806,0.1451365592492948,0.14564327879597097,57.6727115250178,3.7183761596679688
991,"Cars & Other Vehicles: How to replace starter in a 1998 tacoma. Read through entire process, and consult repair manual if possible, to gain an understanding of all of the steps required. Look carefully at the layout of the starter, engine, brake lines, etc, to determine what will be involved with replacing your starter.. Disconnect negative terminal on battery.
A.  Make sure to replace the battery immediately. Without cool water, rust could occur from moisture escaping from the battery and creating rust on engine and transmission components, so be sure to reconnect the battery from the engine.
B.  Battery cables may turn while you are driving, so remove them before replacing the starter motor. Avoid taking out any new parts before replacing the battery, and instead check the contract that states that the battery is replaceable before replacing the starter motor.
C.  Remove the flexible rubber liner from the back of the wheel well on the side of the engine where the starter is located. This will give you better access to the starter.
D.  If possible, you should remove the negative terminal that holds the starter on to the battery. This can ensure that the starter does not require additional maintenance once you replace it.",2,2,1,1,7.607714523778431,0.14551836950158759,0.14597560618497185,66.12512065505871,4.261810302734375
992,"Health: How to insert and remove a scleral lens. Make sure you are sitting down. If you drop the lens while standing, it can shatter.. Make sure you are in a well-lit room.
A.  The plunger you will use to insert the lens has a small hole in it. This hole can be used to get a sense of how you're lining up the lens with your eye.
B.  This will help to identify the lens problem in advance. Having a place with lots of shadows can also help guide the procedure.
C.  Especially if your sunglasses are owned or borrowed, exposure to natural light can damage their lenses. Keep your head and face covered and protected.
D.  Removing the lens can result in permanent damage to it.. Make sure that you are not wearing it.",0,0,1,0,7.845517622964938,0.14561840450005548,0.1459191360957557,41.73166999700334,3.0248870849609375
993,"Computers and Electronics: How to clear a paper jam on an hp inkjet printer. Check the paper tray. The paper tray is one of the most likely spots to get a paper jam. If you notice any loose paper in the paper tray, remove it.
A. If any paper got stuck while feeding from the tray into the printer, gently pull it back out of the printer to remove it. Press the resume button on the printer if this is the only spot that paper jammed.
B.  Write down where you noted the jam on the paper tray. Both the paper tray and printer tray need to be professionally cleaned.
C.  Don't worry, because there will still be a paper tray in your printer when you use the inkjet printer.. Spray paint your printer, if you have one.
D. Avoid anything metal like metal flasks or trays with a lid. These items can pose a fire hazard, triggering the jam.",0,0,1,1,6.369173055719405,0.14525729925117048,0.14559100497329108,49.64519787300378,3.4773712158203125
994,"Work World: How to tell if an employee is under stress. Take note of any changes to the employee's working day performance. For example, he is suddenly not completing his work as usual and so he has to stay late or even take some if his work home.. Search for slower productivity--often a sign of employee stress.
A.  A delayed workday relieves stress in many people, but your employee's productivity is especially important if he is depressed. Furthermore, you are watching closely for changes in his work habits since they can further lead to feelings of boredom.
B.  If an employee is under a lot of stress, he will feel so overwhelmed that he cannot keep his usual pace of work because he is distracted by that same feeling of being overwhelmed. It's a vicious circle that he cannot escape from because his mind is consumed.
C.  This is due to the effect of stress on the productivity of a workplace. A worker may suddenly be laid off, paid off, or suddenly seem to have a lot on his plate in a short span of time.
D.  He suddenly stops leaving, calls during off-peak hours or has a break while in meetings. He might not be the same throughout the week or will drift back to work the next day.",1,1,1,0,10.816239618296645,0.14553608699861798,0.14564748056428772,65.10397823797393,4.135948181152344
995,"Computers and Electronics: How to add text to an image in adobe photoshop. Choose your image file.. Open the image with photoshop. ( for windows user, right click on the photo] ] open with] ] select photoshop.
A.  Go to selection] ] next] click on file] ] new image dialog box.. Change the box to' prompt : '. Click on the cursor.
B. ) from the options listed, choose "" format image "". Adobe photoshop is an image editing program that can edit from your browser window as well.
C.  Transfer the image using a photo editor program. Drag and drop the layers onto photoshop: almost always, different layers can be transferred automatically at this point.
D. ). Select the' type tool'. Commonly it is in the left side of your screen on the tools window.",3,1,0,1,17.6891907260543,0.1452216670022608,0.14557560792946184,43.81684222305921,2.9314193725585938
996,"Home and Garden: How to hang a sun shade. Spread the sun shade out in the designated area. While you can simply measure instead, spreading the fabric out will give you a much better idea of what it will look like when it's installed. You can move it around and adjust where you want it to go.
A. After all, its placement is extremely important to make sure you'll be able to see it from a distance. Be sure that there are no gaps in the fabric or where the sun light shines through.
B.  Find a flat surface where the sun shade will be visible from all sides of it. You're going to be hanging this shade up, so it needs to be close to whatever you want.
C.  For example, if you're looking for an umbrella shade for your backyard, make sure to measure the wall and trim before, during, and after construction. This will give you a good idea of how much work that shade could take up.
D.  Keep in mind you can install sun shades at an angle from the ground, which will reduce some of the width or length of the shade, depending on how you angle it.. Determine where you will attach the shade.",3,3,1,0,10.488149126082998,0.14534804399772838,0.14556179717203363,62.29959417693317,3.9542388916015625
997,"Food and Entertaining: How to get a temporary cell phone number. Download a temporary number app onto your smartphone. Download a phone app that will allow you to make phone calls and send text messages from new numbers. Many apps offer new numbers in virtually any area code, and let you "" burn "" the number when you're done using it.
A. The apps are everything you need to make calls : Hulu phone + mobile (i.e. gsm) number + appear, or apple apps like viber.
B.  Apps like maybelline have apps specifically aimed at individual phones. Text messages and phone app applications like quality notebooks, facebook messenger, and snapchat allow you to instantly make phone calls.
C. Apps are simple and easy to use, but you can avoid many suspicious viruses if you keep your apps up to date. If you think you're unable to start using a cell phone number app, consult a health care provider.
D. Once you do, anyone who calls the number will receive an "" out of service "" message. For instance, download burner, a free app available for both android and iphone users.",3,3,1,1,7.9106235635995406,0.14544628199837462,0.14576091069488406,62.675933084014105,4.0438079833984375
998,"Work World: How to use padlock. Download the software. It can be found at. Your mac will need to have os x 10.6 and it must have built-in or external loudspeakers.
A. It is incredibly important to have it installed on your mac when checking your internet. A copy of the downloaded file can also be added to your mac's browser.
B. Fortunately, the software can be found there.. Install keychain picker hack.
C.  Macos 9.6 and older is best due to their lack of quality. If you don't know the exact installation software, you can find it on google or dreamweaver.
D.  Install the software following the prompts.. Connect the i-devices using their own usb cables.",3,0,0,1,35.02072210800787,0.14524429899938696,0.1455891794360805,40.32682318204752,3.047027587890625
999,"Youth: How to care for younger siblings. Have a serious conversation with your parents. Ask your parents or guardian to sit down and have a serious conversation about the rules and regulations when it comes for caring for your younger sibling. They may envision something totally different than what you think, so it's a good idea to understand what they expect from you.
A.  If your parents are hesitant to let you babysit your younger sibling for them, then take them at their word. If they say they want the responsibility, try to come up with a compromise and stick to it.
B.  As you read, make sure you are rewriting the rules and guidelines so that you are more educated about what you are doing. If you don't know much, you can simply ask your parents if they have any questions about the rules you are following.
C.  Your parents may be excited about the idea of caring for your younger sibling, as well. Be more persuasive by inviting your parents.
D.  There may be different things they expect you to do if you're caring for your siblings alone opposed to when your parents are present. Make sure to clarify this when you talk to them.",3,3,1,0,9.29160973303727,0.14551520050008548,0.14561904422961644,64.65444026303157,4.244110107421875
1000,"Home and Garden: How to clean concrete countertops. Consult your manufacturer's guide or contractor. If you installed your countertops yourself, then keep a photo of the concrete mix and surface coating so that you can consult it for reference. If you had a contractor install everything, then they more than likely gave you instructions post-installation.
A.  Be skeptical about manufacturer directions for first-time installation at the bottom of your user manual, but read the instructions to create some accurate results.. Choose a brush for scrubbing away tarnish.
B.  Speak to your contractor about the strength of your backing sheet.. Wipe up remaining cement with a paper towel or a microfiber cloth.
C. If not, go ahead and call them prior to your first cleaning with any immediate questions. Be aware that cleaning your countertops with solutions or methods outside of the approved ones may result in your warranty being voided.
D.  Many modern, non-commercial models have bare-wood finishes. However, unfinished surfaces cannot be cleaned by any other cleaner.",2,2,1,0,13.340647850166361,0.14552647800337581,0.14580125935735336,57.29879580202396,3.7799606323242188
1001,"Youth: How to behave well around your parents' friends. Be hospitable. Whether it is an old friend who spends every weekend watching football with your dad or a new friend who works with your mom, you should try to make them feel welcome in your home. Ask them if they would like something to drink when they first arrive.
A.  Put your thermostat up and stay short so that they're not tempted to hang around your house. Create a temperature comfortable to allow them to sit comfortably.
B. Don't get upset if they decline; just be polite and let them know they can come when they want. On the other hand, showing that you are friendly is helpful when an older friend is around, too.
C.  Put away your phone or other electronics and make room for them on the sofa if you are sitting in the same room. If you are using the tv or listening to music when they come over, turn it off.
D. If their friends are not available and they invite their parents, then they might be inviting the same people you hope to hang out with. Depending on your age and the size of your house, you might find yourself surprised by how a new member of your household behaves.",2,2,1,1,7.681347449096064,0.145740238001963,0.14611058299096777,64.7255068850427,4.18780517578125
1002,"Home and Garden: How to fireproof a basement. Measure the distance between your basement wall studs. Stretch a tape measure across the expanse from one stud to another. You should be measuring between the inner edges of the studs.
A. Put a period or triangle of measurement across the wall to help predict the distance between studs. For example, if you're measuring between the top-and bottom-most studs in the basement wall, measure around the tape measure pole 60 inches (76 cm).
B. Do not measure from the top or the ceiling, which are the upper studs. Measure from the rear of the studs to the bottom wall studs, which are the higher studs.
C. Write this number down, rounding to the nearest quarter inch (roughly 1.25 cm) the firestopping blocks will be cut to fit this space. Before you begin, check to see if your the walls of your basement already have some form of fire-stopping in place.
D.  Measure the tallest studs in the basement. The highest studs in the basement range from 1 to 3 inches (2.5 to 3.8 cm) high.",2,2,1,0,9.110272903159217,0.14569855325316894,0.14597957972728182,52.98946333510685,3.6880722045898438
1003,"Food and Entertaining: How to make a gas mask. Know the difference between gas and particle contamination. Tear gas is actually a dust that is sprayed into the air, whereas biological weapons are generally gases. While it is incredibly difficult and expensive to completely protect yourself against gases, you can easily create a barrier against particles at home.
A.  You can make a barrier on a piece of cardboard or plastic. Blow up a box box the size and shape of your denser head.
B.  Fuel is often inhaled so that gas vapors are present for a full one minute to erupt. In some situations gas vapor is exposed to the air, which stands to reason should be safe.
C.  Create a layer that covers the gas as you work in an environment where they do not affect oxygen. Using a fabric thin enough to fit along the sides of the gas tank, you can shield the gas by applying pressure to it at a distant angle.
D.  Toxic ash from volcanoes, tear gas, and dust are all particle contaminates.. Cut the bottom off of a transparent 2-liter soda bottle.",3,3,1,1,22.582293135798654,0.14529659300023923,0.14552676117100966,60.974792257969966,4.0897674560546875
1004,"Relationships: How to make sex important in a relationship. Schedule sex. No, it's not romantic. But sometimes life gets in the way, and you are too busy or tired to make time for it.
A. Better entertainment for the two of you to have an active sex life together.. Check the weather and pay attention to what time of day your partner likes.
B.  To get some sex, we slow down for a while and relax with our bodies. If you're having sex too soon, then you might be too busy.
C. While it might feel awkward at first, and not at all spontaneous, you may eventually find yourself looking forward to that time of reconnecting with your partner. Discuss how often you want to have sex and come to an agreement.
D. Learn how to schedule sex for routine, not for fun. Now that you're married, you are at the ready.",2,2,1,0,7.283210438492561,0.14544850550373667,0.14569862411650927,44.291381256967725,3.2313156127929688
1005,"Finance and Business: How to set up a business partnership. Decide if you need a partner. You might actually be better off starting a business on your own. If you need help, then you could hire someone to work for you part-time or as an independent contractor.
A. Partnerships don't always go along smoothly, and you shouldn't jump into a partnership unless you are prepared to work closely with another person. It makes sense to form a partnership when the success of the venture depends on having the other person's participation.
B. You might think about what your financial situation is and why you need a partner. Independently owned businesses are also easier to manage.
C.  You may need this person to do different administrative tasks. For example, you might need services that might cost money such as answering the phone, setting up telephone calls, preparing statements, assembling and organizing your accounts, and other tasks that are long term.
D. In this situation, you need at least another person who does a decent job as an independent contractor. Likewise, you might already have a partner.",0,0,1,0,7.2767679849063756,0.1453278280023369,0.14565025279602117,54.18060434094514,3.7172622680664062
1006,"Computers and Electronics: How to create a clickable map using your own custom map image with imapbuilder. Download the interactive map building software from its official website and install in your computer.. Run the software, click the icon "" create "" to create a new map.. Click' import a custom map image' to import image in jpg, gif or png format.
A.  In the map options tab, set the map title, background color, layout and map size. You can check the box "" zooming function "" to allow the users to zoom in/out and navigate the maps.
B.  Click the set-up tab, click "" create new map "" to. Choose whether you want it to be a series of dots, dashes or circles.
C.  An application will then generate an insert image that will guide you to the map and make it suitable for centering in future images. If desired, click' insert' in the software or select'.
D.  Enter a new shape in the to. For example, a picture of a curvy raft would work.",0,0,1,0,12.533419153926761,0.14528064299884136,0.14572451076675774,61.78541709403362,4.03240966796875
1007,"Pets and Animals: How to get your dog to eat the dog food it does not like. Try integrating dry kibble into wet food. Dogs will sometimes fight you on eating their dry food, the kibble. To your dog to eat his dry food, mix some wet food with the desired dry food.
A. Then, start feeding him wet food gradually until your dog stops fighting and begins eating dry food more easily. Additionally, you may offer dry kibble in your dog's bed.
B. That way, your dog will still get the taste of wet dog food while also consuming the dry dog food at the same time. However, make sure you completely mix the wet and dry food or else the dog will only consume the wet food, leaving the dry food in its bowl.
C. Put the dry food in a small bowl and then mix in a few drops of food and mix it in. Your dog will get active on dry food or dry food supplements, so let him then absorb it gradually.
D. This will help to cement the kibble's flavor in your mouth into a more pleasant, appealing mix that will also make it easier for your dog to continue eating once he has had the kibble. Never use wet cat foods on your pet.",1,1,1,1,4.810555617835729,0.14579854025032546,0.14643244287850463,63.25627971300128,4.133598327636719
1008,"Relationships: How to overcome your partner's pornography use. Determine if your partner's pornography use is normal. Many people, male and female, use porn on a regular basis. In fact, some studies have shown male porn use as high as 99% and female porn use as high as 86 %.
A. Porn has also been studied for its effects on relationships, and in some cases it can be beneficial. However, porn use can also lead to lowered sexual satisfaction for men and women in some situations.
B. When you're talking about porn in general, figure out whether your partner's pornography is normal and why. If your partner's porn use is normal and high for you, it's not typical for them to use it like a regular.
C. If your partner's pornography use is unacceptable or unenjoyable, this could be a sign that your partner is manipulating you. Being aware of how your partner explores pornography can help you realize if your partner is using it on a regular basis.
D. This evidence is strong to support the conclusion that though pornography is normal in those regards, there is no sexual fetish associated with it. This is great because it is not a normal substitution for pornography.",0,0,1,1,8.096640447934263,0.14665782299925922,0.14681350259572928,61.95467537701188,3.8723220825195312
1009,"Home and Garden: How to get rid of killer bees. Determine if the bees need to be removed. Most beehives do not house "" africanized honey bees "" and therefore will not be a danger. Bees come in many types and are vital to the food and flora production of the world.
A. If you don't discover a hive or nest in an area that you frequent, and no one in your home is allergic, they likely don't need to be killed. Africanized honey bees are slightly smaller than their european counterparts.
B. Hive mileage, cost is another factor to consider as well as any other factors. Honey bees are enormous-a hive should be large enough to comfortably fit a bee, but not so large that it limits the bees' mobility.
C. The bees should be removed but not necessarily beaten to death, crushed, or cut. Africanized honey bees: these hives range in size and are large enough to contain and deliver 300 bees if you are concerned about the health of 1 host bee.
D. Think about whether the beehives are getting active and are harming that bees. Do not delay on getting rid of the bees.",0,0,1,0,8.859448404208594,0.14631252549952478,0.14662694235036777,60.40904258094815,3.964263916015625
1010,"Computers and Electronics: How to encourage hobbies in a blind or visually impaired child. Consider hobbies that rely on the other senses. If you want your child to pursue a hobby, you should find something that they enjoy. For example, your blind or visually impaired child may enjoy activities that rely on auditory rather than visual skills.
A.  Short term hobbies can be particularly great for the blind or visually impaired: take your child to the local zoo, play sports or dance while reading a book together. Think of some hobbies that favor visual skills.
B. Alternately, they may enjoy watching and listening to what they hear. Another option may be encouraging your child to play games with the other senses as well.
C. If they enjoy singing or dancing around the house, you may want to consider a music-based hobby such as playing a musical instrument or taking vocal lesson. Alternatively, your child may want a more tactile hobby such as sculpting.
D. Think about some of the following hobbies to have your blind or visually impaired child try : Music music singing books games. Books movies, software, and video games reading instruction books. Find activities where your child can focus only on the physical and sensory senses.",2,2,1,0,6.635466019313098,0.1462489777513838,0.14677648840773505,62.8182269958852,4.031059265136719
1011,"Home and Garden: How to buy basic garden tools. Get a small gardening trowel. A gardening trowel is a versatile tool with a scooped blade that allows you to dig small holes, transfer plants, and uproot weeds. Look for a lightweight model with a rubber grip.
A. If you're putting weeds into the soil, you'll want to find a type with a sloped edge, like a compost well. Read the manual in detail about how to use your tool and what to make with it.
B.  A lawn trowel is another useful tool. It allows you to push dirt away from the ground and easily pick up plants.
C. A comfortable handle will make the tool easier to use.. Buy a pair of handheld pruning shears.
D. The lighter the model, the smoother and easier it will be to be used for digging. Don't use specialty garden tools such as rakes, shovels, lawnmowers, steel tools, and grilling rods.",2,2,1,1,7.087892106749539,0.14652159525030584,0.1465911709512516,54.67822846201307,3.6988372802734375
1012,"Youth: How to improve reading comprehension in the 6th grade. Read many books and try to write a summary of each item you've read. Have limited words or sentences. Try writing a summary which is less than 80 sentences.
A. You are more likely to get it right this way. Don't be comfortable with this; educate yourself.
B. Have the readers guess what it is, and then offer a prize to see how the students react to it. Find a weakness in the book, so they can really challenge it.
C.  Select reading materials that are below your grade level.. If there are questions, read the questions before reading the actual passage or article.
D. If you are a kid, use your own words. Remember that it is impolite to comment on other people's reading capabilities.",2,2,1,0,20.8055507928516,0.14666614224915975,0.1467241907556443,45.04409436795686,3.1385040283203125
1013,"Home and Garden: How to make a chocolate candle. Get the old candles and place them on a table that is not used for eating. Crush them using your hands and leave the wick beside. Chop them up using a knife.
A.  Remove the wax from the room with a dry kitchen towel. When you place the old candles back on the table, lightly sprinkle the wax over the area of the candle.
B.  Place the whole candle in a small glass jar, either with the wick facing down or in a small jar with lid. Put your jar over a bowl of water.
C.  Add water to your saucepan about a quarter way up and turn on the fire.. While it is heating, add your chopped-up candle pieces into the the bowl not intended for eating purposes.
D.  Put a thin layer of moisture onto the wood. This step is important because the wood needs moisture in order to melt down the wax.",2,3,0,0,30.136656904452725,0.14625304699802655,0.1467396862493633,47.68845147403772,3.1408920288085938
1014,"Pets and Animals: How to care for pet fiddler crabs. Provide your crabs a good home. Fiddler crabs should not be kept with fish. People have kept them underwater successfully, but these crabs don't live in water, they live on beaches, but enter the water as well.
A. If you are keeping them outside, keep them in water with sturdy walls. Do not place them on dangerous surfaces.
B. Always give your crabs clean water to drink (tap water, specifically). Make sure your crabs are fed raw meat, and be gentle with them.
C.  Be mindful of space at all times. Fiddler crabs must have space to shed their fur, pupate, and sing.
D. Their entire tank should be damp sand, with an area of at least 1-2 "" of water for part of the tank. A 10 gallon (37.9 l) tank could contain 1-2 gallons (3.8-7.6 l) of water.",3,1,0,0,7.018754689778671,0.14610704524966422,0.1466605034311029,58.075345525991,4.248291015625
1015,"Home and Garden: How to wash an electric blanket. Disconnect the power cord before cleaning. Your electric blanket features a control cord that provides power through a wall plug. Whenever you want to clean the blanket, remove this cord from the blanket.
A. Then you can unwind the control cord so the electric blanket sits straight up without much effort. Make sure to disconnect it before cleaning the blanket.
B. You can generally disconnect this plug later in the process, but the cord will need to be disconnected at different times, depending on the color of the room you plan to use the blanket for. Turn the power off and remove your blanket from the living room or bedroom after you're done cleaning.
C. For example, if you plan to wash your blanket while resting comfortably on an exercise mat, unplug it from the power cord and clean your blanket using a soft cloth. Then, turn the power cord off when you're finished.
D. Before removal, turn off the blanket and unplug it. The control cord should never be submerged in water.",3,3,1,1,5.45542080774364,0.1459894629988412,0.14646146557029088,50.67377907703485,3.7389907836914062
1016,"Computers and Electronics: How to design a form filling database using microsoft access. Note that this article uses the hsbc tt form for an example. This is a common form provided by hsbc in asian countries.. Scan a copy of your form.
A.  The copy must have at least 60 mb of unwanted content on it for servers to review.. Create the modified list and file a new one.
B.  Complete the original form to make sure you submitted it correctly.. View the information of the form in the upper left hand corner (click select function).
C.  Identify how many fields you have to fill in the form. In this example, there are 21 fields to fill.
D.  You'll be reporting the information into a visual size source such as a usb memory card or photo database that counts backward when you peruse database data.. Open a folder where the form is stored.",2,2,1,1,7.156354441614053,0.14711781275218527,0.14664715222136343,47.662207114066405,3.2788619995117188
1017,"Computers and Electronics: How to draw tangled. Near the topmost center of the paper, draw a large circle for her head.. Attach a u-like shape below the circle for her chin and jaw.. Draw a slightly diagonal vertical line at the center of the circle, going towards where the u-shape is.
A.  With the circle sketched, add vertical lines going inwards at the perimeter, and erase the dotted lines.. Next, for the crown is attached, draw the circle instead of using the double-cross method.
B.  To this line intersect two perpendicular line as a guide to her eyes and other face details. Next, draw an irregular box attached at the very right side of the paper.
C.  At the center, in the halfway point where the u-shape is on the paper, add the ring. Add or remove the ring, if needed.
D.  Having drawn this shape in step 8, use only the circle for the head.. Now that you have attached all the parts, draw the other parts using the u-shape from step 7.",1,1,1,0,35.57832088233866,0.1460594285017578,0.14652371041956574,58.900674460994196,3.722259521484375
1018,"Food and Entertaining: How to make seven wishes bars. Begin with 1 , 9x13 inch pan and put a whole stick of butter in it.. Put it in the oven till melted.. Take the pan out carefully since it will probably be hot and sprinkle the 2 cups of graham crackers over the melted butter like a layer, evenly.
A.  For the next layer, sprinkle the 2 cups of chocolate chips over top the graham cracker layer evenly.. Sprinkle the 1 cup of chopped pecans over top the chocolate chips layer evenly.
B.  Spread the butter evenly over the graham crackers.. Refrigerate for about ten minutes and pop some or any loose pieces of cake onto the pan.
C.  Work on 20 times until you reach your desired desired size. For good results after three cycles the bar should have slightly sized and not amount.
D.  Mix the chocolate with the dry mix till combined.. Heat the chocolate in the microwave on low cook.",0,0,1,1,3.9362263593562012,0.14626487549867306,0.1465294131945205,60.808648324942624,4.019378662109375
1019,"Food and Entertaining: How to call cuba from canada. Dial 011 when you hear the dial tone. The exit code for canada is 011 and needs to be typed in every time you want to make an international call. This lets the phone company know where the incoming call is coming from.
A.  Enter 53 for cuba's country code. Almost every country has a unique 1 or 2 digit code so you're able to connect.
B.  Place your phone on the countertop in a safe place. The room should be positioned above ground, or near an open window.
C.  If you're receiving a call from your country of origin-such as north korea or west korea-then you will be prompted to dial your country's code.. Dial 011 up to type exit code.
D. You can exit the exit code and dial 011 while you are traveling. Dial 011 when the call sounds outside of india, not if you hear it inside of india.",0,0,1,1,9.12985161701782,0.14597980825055856,0.1465779212543127,56.43010723089537,3.7542343139648438
1020,"Education and Communications: How to make a daily journal. Choose a journal. Your journal should be easy to write in and attractive to you. You can get journal with ruled lines to help you keep your writing neat or one with completely blank pages if you'd rather choose the size of your writing.
A. Some journals are bound so that they open flat, which can make writing easier. Others may have places to keep a pen or pencil or some of your treasured mementos.
B. Each journal has at least three pages of information about every day you're writing about. You shouldn't feel like the journal is "" space-tight "" or "" scrapbook-like "" either.
C.  Have a couple of columns for your journal where you write about your day. You may have columns for things like your favorite activities or your work.
D.  A notebook is a good choice for a long-term journal. Even large journals need to have pages of paper that can handle each major issue or incident you share with others.",0,0,1,1,7.692115745835188,0.14657123799952387,0.1465375812236214,54.951727585961635,3.4664993286132812
1021,"Food and Entertaining: How to make popcorn chicken. Cut the chicken into bite-size pieces. To make the popcorn chicken, start with 3 boneless, skinless chicken breasts. Use a knife to cut the raw chicken into pieces that are small enough to pop in your mouth.
A. Then, place the chicken pieces in a resealable plastic bag with just enough room for the chicken breasts to fit. The plastic will prevent the popcorn chicken from spilling on you while in your mouth.
B.  Make sure to wash your hands before and after handling the raw chicken. It's best to use a flat knife to cut the raw chicken.
C. Cut the pieces into pieces roughly the size of your mouth. Chop and grate the chicken pieces into pieces roughly the same size as a matchstick or skewer.
D. Peel the breasts and check for the flesh through the patty. For extra flavor, you could add chopped onions and pepper as well.",1,0,0,1,8.234330928922878,0.14631031050157617,0.14654438748599896,53.04813196199393,3.5700607299804688
1022,"Health: How to stop diarrhea during early pregnancy. Follow the brat (banana, rice, applesauce, toast) diet. The brat diet is great for pregnant women who are suffering from diarrhea as the foods it contains are low in fiber and easy to digest, but still highly nutritious. The brat diet is easy on the gastrointestinal tract and rarely causes diarrhea.
A. Despite this, you should still follow it. Do not limit your consumption of juices and smoothies.
B.  Bananas are high in potassium, which helps to replace the potassium potassium that is lost during diarrhea. Bananas also help to thicken the stool, which prevent diarrhea.
C. In fact, a sugary brat water bottle throughout the day has been shown to help prevent diarrhea.. Eat yogurt during the day.
D.  Avoid french/spanish yogurt, juiced bananas, and no-fat almonds.. Know when to take the brat diet.",1,1,1,0,7.810701591733564,0.14607673799946497,0.14653669632455354,57.00093503695098,3.7297210693359375
1023,"Computers and Electronics: How to install adobe fonts. Search the internet for fonts to download. Free fonts are recommended, but if you find some that you need to pay for, it's usually cheap. Www.
A. "" fonts-free "" means that they're good for one type of document, but get out there and examine multiple.. Decide what font you want to add.
B. Fonts and styles is a good starting source. If you are looking for some classic fonts, you could try pinterest, notepad, or adobe word, but be careful.
C. Dafont.com has both free and paid fonts, but there are so many different styles that you're bound to find free ones.. Usually when you download a font, it comes in a zipped file.
D. Fonts now allow you to have access to adobe fonts from any computer.. Install adobe fonts by first selecting search by default on the main box under "" adobe fonts.",2,2,1,1,5.4127947841630695,0.1461591409988614,0.14641708617481136,46.70601870906103,3.1774063110351562
